Item_Name,class,Brand,Weight,Number of units,Size of units,Price,T.Price,Pack,Unit
بيور عصير كوكتيل 1 لتر,Soft Drinks & Juices,بيور,1لتر,1,,,,زجاجة,لتر
ريتش بيك توست ناشف رده 390جم,Bakery,ريتش بيك,390جم,1,,,,كيس,جم
9.90 4.95 2 شيبسي بطاطس ملح 83-73 جم,Chips & Crackers,شيبسي,73-83جم,2,,4.95,9.9,كيس,جم
بيبسي كانز 330 ملل,Soft Drinks & Juices,بيبسي,330ملل,1,,,,كانز,ملل
طبق بلاستيك مربع الوان 18  *18  سم,Furniture,,18*18  سم,1,,,,بلاستيك,سم
مكفتيز بسكويت لايت دايجستبف 250 جم,Biscuits & Cakes,مكفتيز,250جم,1,,,,عبوة,جم
GOLD ALEX NAT.MIN.GARLIC200g ,Vegetables & Fruits,GOLD ALEX,200g,1,,,,عبوة,g
Shahrazad Molokhia - 400 gm,Vegetables & Fruits,Shahrazad,400gm,1,,,,كيس,gm
كانز بيبسي,Soft Drinks & Juices,بيبسي,,1,,,,كانز,
rich smokwd beef bacon-250g,Beef & Processed Meat,rich,250gm,1,,,,عبوة,gm
برسيل جل بلاك ,Cleaning Supplies,برسيل,,1,,,,عبوة,
ملبن مبروم اكسترا ورد وزن,"Chocolates, Sweets & Desserts",,,1,,,,عبوة,
كلوركس مبيض 1.2 لتر,Cleaning Supplies,كلوركس,1.2لتر,1,,,,عبوة,لتر
ايجى جاردن مشروم قطع وشرائح 800جم,"Tins, Jars & Packets",ايجى جاردن,800جم,1,,,,عبوة,جم
Knoor Liver Mix 30 Gm 10%Off,Cooking Ingredients,Knoor,30مل,1,,,,عبوة,مل
تفاح مودي 1 كجم,Vegetables & Fruits,,1كجم,1,,,,عبوة,كجم
N1 Sunflower Oil - 900ml,Cooking Ingredients,N1,900ml,1,,,,عبوة,ml
Dasani Natural Water - 1.5 L x 12 Bottles,Water,Dasani,1.5Litre,12,,,,عبوة,Litre
Nestle Pure Life Water 6Litre,Water,Nestle,6Litre,1,,,,زجاجة,Litre
Hyperone Konafa with Nuts - By Weight,"Chocolates, Sweets & Desserts",Hyperone,,1,,,,عبوة,
دجاج مقلي شيكيتيتا - 12 قطعة,Poultry,شيكيتيتا,,12,,,,عبوة,
Green Tea W/ Jasmine - 25 Tagged,"Tea, Coffee & Hot Drinks",,,25,,,,علبة,
بامية زيرو أمريكانا - 400جم,Vegetables & Fruits,أمريكانا,400جم,1,,,,عبوة,جم
قشطه المراعى للخفق 500غرام,Dairy & Eggs,المراعى,500غرام,1,,,,عبوة,غرام
دجاجة كاملة مجمدة شهد - 850-900 جم,Poultry,شهد,850-900جم,1,,,,عبوة,جم
Dasani Mineral Water,Water,Dasani,,1,,,,زجاجة,
41.82 سجق بقري,Beef & Processed Meat,,,1,,41.82,41.82,عبوة,
ريد طائر سوبر 300مل,Cleaning Supplies,ريد,300مل,1,,,,عبوة,مل
نوش نوش رقائق بطاطس ملح+خل,Chips & Crackers,نوش نوش,,1,,,,كيس,
English No. 1 - 20 Foil,"Tea, Coffee & Hot Drinks",,,20,,,,علبة,
Nestle Fitness Toasties Oats Tomato & Herbs 36g,Chips & Crackers,Nestle Fitness,36g,1,,,,كيس,g
سبرايت 330 مل زجاج,Soft Drinks & Juices,سبرايت,330مل,1,,,,زجاج,مل
15.00 Water 1,Water,,,1,,15,15,زجاجة,
برجر لحم بقري بلدي 500 جم,Beef & Processed Meat,,500جم,1,,,,عبوة,جم
1 عصير ليمون أعضاء 10 10,Soft Drinks & Juices,,,1,,10,10,زجاجة,
كاتشب 200عرض,"Sauces, Dressings & Condiments",,,1,,,,عبوة,
صوص بيج تيستى ,"Sauces, Dressings & Condiments",,,1,,,,عبوة,
Heinz Dark Soy Sauce - 500ml,"Sauces, Dressings & Condiments",Heinz,500ml,1,,,,عبوة,ml
شويبس يوسفى 300-330مل كانز,Soft Drinks & Juices,شويبس,330مل,1,,,,زجاجة,مل
26.25 8.75 3 Fizz Pure Nestle ,Water,Nestle,,3,,8.75,26.25,زجاجة,
نستله  مياه 600مل,Water,نستله,600مل,1,,,,زجاجة,مل
دجاج تمرى اوراك دجاج طازج 1كيلو,Poultry,تمرى,1كيلو,1,,,,عبوة,كيلو
"Shahd Frozen Chicken, 950-1000 gm",Poultry,Shahd,950-1000gm,1,,,,عبوة,gm
تونة قطعة واحدة روز 200جم س-ف,"Tins, Jars & Packets",روز,200جم,1,,,,علبة,جم
سمن صافي - 2 كجم,Cooking Ingredients,,2كجم,1,,,,عبوة,كجم
شرب مياه طبيعية من نستله - 600 مل,Water,نستله,600مل,1,,,,زجاجة,مل
Cadbury Dairy Milk Hazelnut Bar 37g,"Chocolates, Sweets & Desserts",Cadbury,37g,1,,,,عبوة,g
Hyperone Konafa with Nuts - By Weight,"Chocolates, Sweets & Desserts",Hyperone,,1,,,,,
Greenland Full Cream Milk - 1 Liter,Dairy & Eggs,Greenland,1L,1,,,,عبوة,L
Fruit Cookies 10pcs,Biscuits & Cakes,,,10,,,,باكو,
هارفست فول دمياطي مدمس بالزيت والكمون والليمون 400 جم,"Tins, Jars & Packets",هارفست,400جم,1,,,,عبوة,جم
Freska Sticks Wafer - 24 Pieces,Biscuits & Cakes,Freska,,24,,,,علبة,
فلفل أخضر 1 /2 كيلو 4 1  4,Vegetables & Fruits,,1/2كيلو,1,,4,4,,كيلو
Fruit Chewy Candies - 38g - 14 Pcs,"Chocolates, Sweets & Desserts",,38g,14,,,,عبوة,g
دومتى اسطنبولى 1 كجم تتراباك,Dairy & Eggs,دومتي,1كجم,1,,,,تتراباك,كجم
مشروب غازى سبرايت ليمون 950مل,Soft Drinks & Juices,سبرايت,950مل,1,,,,زجاجة,مل
نستله فيز مياه فوارة بطعم التوت 360 ملل,Water,نستله,360ملل,1,,,,زجاجة,ملل
صن شاين اكسبريس تونه قطعه واحده 160جم ,"Tins, Jars & Packets",صن شاين,160جم,1,,,,علبة,جم
Chamsine Egyptian Rice 5kg,"Rice, Pasta & Pulses",Chamsine,5Kg,1,,,,كيس,Kg
تاو تاو شوكلاته بالاوريو 1ق,"Chocolates, Sweets & Desserts",تاو تاو,,1,,,,عبوة,
Feba Plus Oxygen Dishwashing Liquid - 520 gm,Cleaning Supplies,Feba,520 gm,1,,,,عبوة,gm
فريك مجروش - 500 جم,"Rice, Pasta & Pulses",,500جم,1,,,,كيس,جم
نبته قمح مبشور 500جم,"Rice, Pasta & Pulses",نبته,500جم,1,,,,كيس,جم
بسمة بامية ممتازه 400 جم,Vegetables & Fruits,بسمة,400جم,1,,,,عبوة,جم
بيبسي دايت 330مل,Soft Drinks & Juices,بيبسي,330مل,1,,,,زجاجة,مل
بطاطس شيبسي بالجبنة المتبلة - 48جم,Chips & Crackers,شيبسي,48جم,1,,,,كيس,جم
بسكو مصر كوكا لوفر ساندوتش,Biscuits & Cakes,بسكو مصر كوكا لوفر,,1,,,,باكو,
اطياب لحم مفروم 350 جم,Beef & Processed Meat,اطياب,350جم,1,,,,عبوة,جم
حواء مكرونه شريط 400جم,"Rice, Pasta & Pulses",حواء,400جم,1,,,,كيس,جم
كيندر ماكسي شوكولاتة، 21 جم - 36 عبوة,"Chocolates, Sweets & Desserts",كيندر,21جم,36,,,,عبوة,جم
نستله نسكافيه كلاسيك برطمان 50G,"Tea, Coffee & Hot Drinks",نسكافيه,50G,1,,,,علبة,G
زيتون المروة كالاماتا دولسي 1 كجم,"Tins, Jars & Packets",المروة,1كجم,1,,,,عبوة,كجم
حلواني لانشون زيتون بالوزن,Beef & Processed Meat,حلواني,,1,,,,عبوة,
فن داي اصابع بسكويت بالجبن 40 جم,Biscuits & Cakes,فن داي,40جم,1,,,,باكو,جم
California Garden Foul Lebanese Recipe 400g,"Tins, Jars & Packets",California Garden,400gm,1,,,,عبوة,gm
"Halwani Chicken Cordon Bleu, 400 Gm",Poultry,Halwani,400Gm,1,,,,عبوة,Gm
تيفانى 19 ج,Biscuits & Cakes,تيفاني,19ج,1,,,,,ج
1.95 1.95 1 كيك كوكو بوبس رول فانيليا 1 ق,Biscuits & Cakes,كوكو بوبس,,1,,1.95,1.95,باكو,
زجاجي انامل بحري 7047,"Personal care, skin & body care",,,1,,,,زجاجي,
تويلكز كيك علبه 12 ق,Biscuits & Cakes,تويلكز,,12,,,,باكو,
ساكلا صلصة الباستا ١٩٠ جم,"Tins, Jars & Packets",ساكلا,190جم,1,,,,,جم
ايجى جاردن مشروم قطع وشرائح 800جم,"Tins, Jars & Packets",ايجى جاردن,800جم,1,,,,علبة,جم
Rehana Lupin 500g,"Rice, Pasta & Pulses",Rehana,500g,1,,,,كيس,g
دساني مياه 330*24,Water,دساني,330مل,24,,,,عبوة,مل
Menthol Flavored Candy - 25gm - 20 Pcs,"Chocolates, Sweets & Desserts",,25g,1,,,,عبوة,g
جهينه بيور غير محلى مانجو &amp; خوخ 235 مل,Soft Drinks & Juices,جهينه,235مل,1,,,,عبوة,مل
شويبس جولد خوخ بلاستيك ,Soft Drinks & Juices,شويبس,,1,,,,زجاجة,
Roasty Chicken Pane - 350 gram,Poultry,Roasty,350gram,1,,,,عبوة,gram
87.95 برسيل 2.5ك عرض,Cleaning Supplies,برسيل,2.5ك,1,,87.95,87.95,عبوة,ك
Amada Sticks With Chocolate   Hazelnuts - 32 gm,Biscuits & Cakes,Amada,32gm,1,,,,باكو,gm
Nestle Nescafe Gold Decaffeinated 34 gm,"Tea, Coffee & Hot Drinks",Nescafe,34gm,1,,,,عبوة,gm
شيبسى روو عائلى بالخل ,Chips & Crackers,شيبسى روو,,1,,,,كيس,
T 8.05 هارفست خل 1لتر (M),"Sauces, Dressings & Condiments",هارفست,1لتر,1,,8.05,8.05,عبوة,لتر
زيت ذره كريستال 800مم,Cooking Ingredients,كريستال,800مل,1,,,,علبة,مل
سنيكرس بالسودانى 50جم,"Chocolates, Sweets & Desserts",سنيكرس,50جم,1,,,,عبوة,جم
ديلى عصير فراوله ,Soft Drinks & Juices,ديلى,,1,,,,زجاجة,
نستلة كرتونة مياة 600ملى 46.00 1 46.00,Water,نستلة,600مل,1,,46,46,زجاجة,مل
فرجللو شرائح بسطرمة 150 جم,Beef & Processed Meat,فرجللو,150جم,1,,,,عبوة,جم
موز مستورد كبب\ير ,Vegetables & Fruits,,,1,,,,كيس,
Abukass Indian Mazza Basmati Rice 10kg,"Rice, Pasta & Pulses",Abukass,10kg,1,,,,كيس,kg
Chicketita Beef Burger - 1Kg,Beef & Processed Meat,Chicketita,1Kg,1,,,,عبوة,Kg
الضحى فول تدميس جم500 Quantity,"Rice, Pasta & Pulses",الضحى,,1,,,,كيس,
انواع اويكو زبادي يوناني انواع 170 جرام,Dairy & Eggs,اويكو,170جرام,1,,,,عبوة,جرام
شاهين قهوه ساده فاتح 100 جم,"Tea, Coffee & Hot Drinks",شاهين,100جم,1,,,,علبة,جم
همتو مصاصة دبل 4 9.00,"Chocolates, Sweets & Desserts",همتو,,1,,9,9,عبوة,
وينكس منظف 500م,Cleaning Supplies,وينكس,500م,1,,,,عبوة,م
اربياتا فول ساده علبه,"Tins, Jars & Packets",اربياتا,,1,,,,علبه,
3.50 1.75 2 بيك رولز كاشب 34-30 جم,Chips & Crackers,بيك رولز,34-30 جم,2,,1.75,3.5,كيس,جم
جولد لتر 1 11 11,Soft Drinks & Juices,,1لتر,1,,11,11,عبوة,لتر
علبه 1 /2 جبن مطبوخ سادة,Dairy & Eggs,,,1,,,,علبه,
1  Sauce  Caesar >>,"Sauces, Dressings & Condiments",,,1,,,,عبوة,
امريكانا خضار مشكل 400 جم,Vegetables & Fruits,امريكانا,400جم,1,,,,عبوة,جم
لاكتيل دويتو مشروب زبادى بالخوخ 420مل,Dairy & Eggs,لاكتيل,420مل,1,,,,علبة,مل
زجاجه مياه بلاستيك 600 مل ,Furniture,,600مل,1,,,,بلاستيك,مل
دجاج بانيه حلواني - 1 كجم,Poultry,حلواني,1كجم,1,,,,عبوة,كجم
تويننجز شاى افطار اتقل 25,"Tea, Coffee & Hot Drinks",تويننجز,,25,,,,علبة,
بربيكان شراب شعير  زجاج 330 مل,Soft Drinks & Juices,بربيكان,330مل,1,,,,كان,مل
كيك توداي جولديز بكريمة الحليب، 1 قطعة - 12 عبوة,Biscuits & Cakes,توداي,,12,,,,عبوة,
Almarai Samboussek With Cheese - 280 gm,Bakery,Almarai,280 gm,1,,,,عبوة,gm
لوكر شوكولاتة دارك - 55 جم,Biscuits & Cakes,لوكر,55جم,1,,,,باكو,جم
اب جوس عصير بودرة بنكهه المانجو وزن,Soft Drinks & Juices,اب جوس,,1,,,,عبوة,
دومتى عصير مانجو 235مل,Soft Drinks & Juices,دومتى,235مل,1,,,,عبوة,مل
هلا عباد 2.25لتر,Cooking Ingredients,هلا,2.25لتر,1,,,,عبوة,لتر
سلطة حمص مامز فود - 300جم,"Tins, Jars & Packets",مامز فود,300جم,1,,,,عبوة,جم
Ahmad Tea English No.1 Tea Bags - 50 Count,"Tea, Coffee & Hot Drinks",Ahmed tea,,50,,,,,Count
بطاطس كرانشي بالشطة والليمون - 43جم,Chips & Crackers,كرانشي,43جم,1,,,,كيس,جم
Cadbury Dairy Milk Minis Chocolate 192g,"Chocolates, Sweets & Desserts",Cadbury,192g,1,,,,عبوة,g
سمن طبيعى قتيلو 450جم,Cooking Ingredients,قتيلو,450جم,1,,,,عبوة,جم
بيج تايجر شطه  وليمون,Chips & Crackers,تايجر,,1,,,,كيس,
جهينة كلاسيك تفاح وكمثرى 3.95,Soft Drinks & Juices,جهينة,,1,,3.95,3.95,عبوة,
برايم فودز بسطرمة فاخر ,Beef & Processed Meat,برايم فودز,,1,,,,عبوة,
فاى علب 300 منديل,Disposables & Napkins,فاي,,300,,,,علب,
كرات اللبنة اللبنانية في الزيت 250 جم,"Tins, Jars & Packets",,250جم,1,,,,عبوة,جم
Hot GRispy Allumete Frites2.5k ,Vegetables & Fruits,Hot GRispy,2.5kg,1,,,,كيس,kg
شاي يوركشاير أسود 100 كيس,"Tea, Coffee & Hot Drinks",,,100,,,,كيس,
SHAHD CHICKEN FILET REG 400 G,Poultry,SHAHD,400G,1,,,,عبوة,G
كاتشب درة - 230جم,"Sauces, Dressings & Condiments",درة,230جم,1,,,,عبوة,جم
سلطانه ايس كريم شيكولاته براوني 1لتر,"Chocolates, Sweets & Desserts",سلطانه,1لتر,1,,,,عبوة,لتر
بريل شعير زجاج ٢٧٥ ملي 7.00 2.00 14.00,Cleaning Supplies,بريل,275ملي,2,,7,14,عبوة,ملي
بيبسى بلاستيك 250 مل,Soft Drinks & Juices,بيبسي,250مل,1,,,,بلاستيك,مل
كولد ستون ايس كريم كونو كراميل شيكولاته,"Chocolates, Sweets & Desserts",كولد ستون,,1,,,,عبوة,
ماجى مرقه 48مكعب دجاج,Cooking Ingredients,ماجى,,48,,,,عبوة,
اكسترا يدوى 450ج,Cleaning Supplies,اكسترا,450ج,1,,,,عبوة,ج
كاليفورنيا سردين ,"Tins, Jars & Packets",كاليفورنيا,,1,,,,علبة,
علبه صغيره,Furniture,,,1,صغيره,,,علبه,صغيره
باب الشام السبع بهارات ملاحه 40GM,Cooking Ingredients,باب الشام,40gm,1,,,,عبوة,gm
علبه فول محوج,"Tins, Jars & Packets",,,1,,,,علبه,
Nosh Nosh Salt and Vinegar Potatoes 56gm-50gm ,Chips & Crackers,Nosh Nosh,56-50gm,1,,,,كيس,gm
هاينز تشيلي مايونيز,"Sauces, Dressings & Condiments",هاينز,,1,,,,عبوة,
كوسة خضراء محلية 500 جم,Vegetables & Fruits,,500جم,1,,,,عبوة,جم
الزهار ,Bakery,الزهار ,,1,,,,كيس,
"El Maleka Pasta Stripy Rings, 1 Kg","Rice, Pasta & Pulses",El Maleka,1Kg,1,,,,كيس,Kg
شويبس جولد اناناس 1 لتر,Soft Drinks & Juices,شويبس,1لتر,1,,,,زجاجة,لتر
هولز نعناع منتول كبير 9 حبات,"Chocolates, Sweets & Desserts",هولز,,9,,,,عبوة,
كلورتس لبان نعناع هادي 10 قطعه,"Chocolates, Sweets & Desserts",كلورتس,,10,,,,عبوة,
نسكافية كلاسيك علبة,Tea and Coffee,نسكافيه,,1,,,,علبة,
كابوتشينو  كوفي بريك بالبندق - 18.5جم,"Tea, Coffee & Hot Drinks",كوفي بريك,18.5جم,1,,,,علبة,جم
بيبسى كانز 330مل ,Soft Drinks & Juices,بيبسى,330مل,1,,,,زجاجة,مل
رويال مكرونه شعريه 1كجم,"Rice, Pasta & Pulses",رويال,1كجم,1,,,,كيس,كجم
السنبلة بسلة بالجزر 400 جم,Vegetables & Fruits,السنبلة,400جم,1,,,,عبوة,جم
بيبسى زجاج 350 مل,Soft Drinks & Juices,بيبسي,350مل,1,,,,زجاج,مل
دبوس علبه,Poultry,,,1,,,,علبه,
المتحده خيار وزن,Vegetables & Fruits,المتحدة,,1,,,,,
Lurpak Butter Block Unsalted 400g,Cooking Ingredients,Lurpak,400g,1,,,,عبوة,g
Blendy single guava juice 250 ml ,Soft Drinks & Juices,Blendy,250مل,1,,,,زجاجة,مل
دلما شاي سيلاني ذهبي فاخر 200 جم,"Tea, Coffee & Hot Drinks",دلما,200جم,1,,,,عبوة,جم
1 فيري الترا المركز 650 جم 28.00 28.00,Cleaning Supplies,فيري,650جم,1,,28,28,عبوة,جم
كاتشب حار من هيرمان - 340 جرام,"Sauces, Dressings & Condiments",هيرمان,340جم,1,,,,عبوة,جم
هالى بسكويت مارشميلو 64جم,Biscuits & Cakes,هالى,64جم,1,,,,باكو,جم
FARAGELLO BEEF BURGER FAMILY 1KG,Beef & Processed Meat,FARAGELLO,1kg,1,,,,عبوة,kg
سبينيس فاليو مكرونه اسباجتى,"Rice, Pasta & Pulses",سبينيس,,1,,,,كيس,
لبن نيوزلاندى ٥٠٠جم ١ ٤٤ ٤٤,Dairy & Eggs,,500جم,1,,44,44,علبة,جم
اللحيمى لانشون دجاج بالزيتون وزن,Beef & Processed Meat,اللحيمى,,1,,,,عبوة,
ميجا شيبس بسطرمه 100جم,Chips & Crackers,ميجا شيبس,100جم,1,,,,كيس,جم
Bake Rolz Nacho Cheese Crackers - 36 gram - 30 Pieces,Chips & Crackers,Bake Rolz,36gram,30,,,,كيس,gram
Rice Bag – 5 Kg,"Rice, Pasta & Pulses",,5 Kg,1,,,,كيس,Kg
Karim Fruit Cocktail 820g,"Tins, Jars & Packets",Karim ,820g,1,,,,علبة,g
بريتزل جبنة وزن 45.00 0.33 14.85,Chips & Crackers,,0.33جم,1,,14.85,45,كيس,جم
بيك رولز بطعم البيتزا 108-112 جم,Chips & Crackers,بيك رولز,108-112جم,1,,,,كيس,جم
عصير فروتى مركز,Soft Drinks & Juices,فروتى,,1,,,,زجاجة,
مانجو زبديه,Vegetables & Fruits,,,1,,,,كيس,
nestle water 600 ml,Water,nestle,600ml,1,,,,زجاجة,ml
ويندوز جبنه 93,Chips & Crackers,ويندوز,93جم,1,,,,كيس,جم
جبنة شيدر إنجليزية خفيفة 250 جم,Dairy & Eggs,,250جم,1,,,,عبوة,جم
زيت زيتون بكر ار اس - 250 مل,Cooking Ingredients,ار اس,250مل,1,,,,عبوة,مل
ريتش رويال رومى زعتر وزن,Poultry,ريتش رويال,,1,,,,عبوة,
SOFRA CHEDDAR BITES 350 G,Dairy & Eggs,SOFRA,350g,1,,,,عبوة,g
Sunbolah Spanch 400 Gm ,Bakery,Sunbolah,400g,1,,,,كيس,g
دانون زبادي طبيعي، 170 جم,Dairy & Eggs,دانون,170جرام,1,,,,عبوة,جرام
بيبسى 330 م كانز,Soft Drinks & Juices,بيبسي,330م,1,,,,كانز,م
جبنة مثلثات بريزيدن - 60+4 قطعة,Dairy & Eggs,بريزيدن,,64,,,,علبة,
زبادى بلدى 125 3.75 3 11.25,Dairy & Eggs,,125جم,1,,,,عبوة,جم
Family Life Bread Tortilla White 15 Pcs ,Bakery,Family Life,,15,,,,باكو,
زينه علب 300 منديل عرضذ,Disposables & Napkins,زينه,,300,,,,علب,منديل
حليب بودرة كامل الدسم كارفور - 300 جم,Dairy & Eggs,كارفور,300جم,1,,,,علبة,جم
مشروب فرالوه 700مل فروتس,Soft Drinks & Juices,فروتس,700مل,1,,,,عبوة,مل
LuLu White Bread Small 1pkt,Bakery,LuLu,,1,,,,عبوة,
بريتزل بطعم الباربكيو ٨٥ جم 6.75 1 6.75,Chips & Crackers,,85جم,1,,6.75,6.75,كيس,جم
Farm Fresh Minced Garlic - 400 Gram,Vegetables & Fruits,Farm Fresh,400gm,1,,,,كيس,gm
سكويز عصير تفاح 250 م ,Soft Drinks & Juices,سكويز,250مل,1,,,,زجاجة,مل
5 Minutes Caramel Sauce - 82gm,"Sauces, Dressings & Condiments",5 Minutes,82gm,1,,,,عبوة,gm
تيفاني ديلايتس بسكويت بكريمة الشوكولاته والسكر المرشوش 200 جم,Biscuits & Cakes,تيفاني,200جم,1,,,,باكو,جم
Olivia Mixed Pickled 720g ,"Tins, Jars & Packets",Olivia ,720g,1,,,,عبوة,g
مزارع دينا 250مل ,Soft Drinks & Juices,مزارع دينا,250مل,1,,,,زجاجة,مل
زبادي يوناني جهينة، 2% دسم - 105 جم,Dairy & Eggs,جهينة,105gm,1,,,,عبوة,gm
15.00 15.00 1 Water مياة معدنية,Water,,,1,,15,15,زجاجة,
كلوركس 1*5 بلافندر 700 مل 22.50 1 0.00 22.50,Cleaning Supplies,كلوركس,700مل,1,,22.5,22.5,عبوة,مل
كباب حله برازيلى ,Beef & Processed Meat,,,1,,,,عبوة,
ستار مكرونه 1ك قواقع,"Rice, Pasta & Pulses",ستار,,1,,,,كيس,
Sprite canz,Soft Drinks & Juices,Sprite,,1,,,,زجاجة,
كوكو لافرز سندوتش شكولاته ,Biscuits & Cakes,كوكو لافرز,,1,,,,باكو,
مياه طبيعية صافي، 660 مل - 20 عبوة,Water,صافي،,660مل,20,,,,عبوة,مل
اللحيمي لانشون بقري بالفلفل 1ك,Beef & Processed Meat,اللحيمي,1ك,1,,,,عبوة,ك
كريستال زيت,Cooking Ingredients,كريستال,,1,,,,عبوة,
سيتكلز حلوى توت 18جم,"Chocolates, Sweets & Desserts",سيتكلز,18جم,1,,,,عبوة,جم
Americana Peas & Carrots 400 g,Vegetables & Fruits,Americana,400g,1,,,,,g
فول بالطحينة - 400 جم,"Tins, Jars & Packets",,400جم,1,,,,عبوة,جم
Nestle Pure Life Natural Drinking Water - 1.5 Liter,Water,Nestle,1.5Litre,1,,,,زجاجة,Litre
جود فرنس سويت شيلى 500 جم,"Sauces, Dressings & Condiments",جود فرنس,500جم,1,,,,عبوة,جم
ايزيس جنزبيل 30 جم,"Tea, Coffee & Hot Drinks",ايزيس,30جم,1,,,,عبوة,جم
احمد شاى قرنفل 25 ف,"Tea, Coffee & Hot Drinks",احمد,,25,,,,علبة,
Aqua Delta Drinking Water Bottle 12 x 1.5Litre,Water,Aqua Delta,1.5Litre,12,,,,عبوة,Litre
المراعى زبادى طبيعى 105 عرض 9+3,Dairy & Eggs,المراعى,105gm,12,,,,عبوة,gm
Pretzo Pretzels Chili and Lemon Sticks - 77 gram,Chips & Crackers,Pretzels,77 gram,1,,,,,gram
هاينز مايونيز 7جم,"Sauces, Dressings & Condiments",هاينز,7جم,1,,,,عبوة,جم
Tunato Shredded Tuna In Soya Bean Oil & Brine 140g,"Tins, Jars & Packets",Tunato ,140Gram,1,,,,عبوة,Gram
شويبس محمول 1لنر,Soft Drinks & Juices,شويبس,1ل,1,,,,زجاجة,ل
ليبتون شاى اتقل 25فتله,"Tea, Coffee & Hot Drinks",ليبتون,,25,,,,عبوة,
ماجيكل جيلي ,"Chocolates, Sweets & Desserts",ماجيكل,,1,,,,عبوة,
جهينه عنب احمر 235م,Soft Drinks & Juices,جهينه,235مل,1,,,,عبوة,مل
Kalbaz Cheese Puffs - 30gm,Chips & Crackers,Kalbaz,30gm,1,,,,كيس,gm
LION CHIPS W SEASONED CHEESE 42G,Chips & Crackers,LION,42G,1,,,,كيس,G
جلاكسي شوكلاته بالبندق36جم,"Chocolates, Sweets & Desserts",جلاكسي,36جم,1,,,,عبوة,جم
Tomato Ketchup - 230g,"Sauces, Dressings & Condiments",,230g,1,,,,عبوة,g
ستار مكرونه قواقع 400جم,"Rice, Pasta & Pulses",ستار,400جم,1,,,,كيس,جم
لمار عصير برتقال 200مل,Soft Drinks & Juices,لمار,200مل,1,,,,عبوة,مل
الربيع شاى 25فتله كرتونه,"Tea, Coffee & Hot Drinks",الربيع,,25,,,,علبة,
PRESIDENT SPREAD CREAM CHE 240*2R1,Dairy & Eggs,PRESIDENT,240g,1,,,,عبوة,g
شويسب يوسفى زجاج 250 مل,Soft Drinks & Juices,شويبس,250مل,1,,,,زجاج,مل
أكوافينا مياه معدنية 600 مل,Water,اكوافينا,600مل,1,,,,,مل
Frico Gouda Cheese,Dairy & Eggs,Frico,,1,,,,علبة,
كلاس ايه ايلو كاتشب 500جم,"Sauces, Dressings & Condiments",ايلو,500جم,1,,,,عبوة,جم
ماجيكل جيلى 75ج,"Chocolates, Sweets & Desserts",ماجيكل,75جم,1,,,,عبوة,جم
كلوروكس مزيل 900مل,Cleaning Supplies,كلوروكس,900مل,1,,,,عبوة,مل
مكرونه حواء اسباجتى ,"Rice, Pasta & Pulses",حواء,,1,,,,كيس,
الضحي عدس اصفر 500 جم,"Rice, Pasta & Pulses",الضحي,500جم,1,,,,كيس,جم
بسكويت ويفر كورونا بالشيكولاتة - 8 قطع,Biscuits & Cakes,كورونا,,8,,,,عبوة,
"Three Chefs Chicken Strips Mild, 1 Kg",Poultry,Three Chefs,1Kg,1,,,,عبوة,Kg
رو بطاطس حار حلو 104-94 جم 1 10.95 10.95,Chips & Crackers,رو,104-94جم,1,,10.95,10.95,كيس,جم
ميكسى مقرمشات عائلي بطعم الكاتشب 200 جم,Chips & Crackers,ميكسى,200جم,1,,,,أكياس,جم
الماسه بوليف اوليفينا 1كجم,"Tins, Jars & Packets",اوليفينا,1كجم,1,,,,علبة,كجم
الزهار جلاش الى مجمد 250 جم علب,Bakery,الزهار,250جم,1,,,,علب,جم
ليبتون شاى 25 فتله خصم,"Tea, Coffee & Hot Drinks",ليبتون,,25,,,,عبوة,
خل بلسمك - 250 مل,"Sauces, Dressings & Condiments",,250مل,1,,,,,مل
لانشون لحم ميتلاند سادة - 400جم,Beef & Processed Meat,ميتلاند,400جم,1,,,,عبوة,جم
اطياب بيف برجر 20ق 1ك,Beef & Processed Meat,اطياب,1ك,20,,,,عبوة,ك
CHEETOS CHEESE FRIED 138G,Chips & Crackers,CHEETOS,138G,1,,,,كيس,G
هوت صوص هيرمان 88مللى,"Sauces, Dressings & Condiments",هيرمان,88مل,1,,,,عبوة,مل
لمار مشروب تفاح 200 مل,Soft Drinks & Juices,لمار,200مل,1,,,,عبوة,مل
بسكاتو بسكويت جولى,Biscuits & Cakes,بسكاتو,,1,,,,باكو,
هولز حلوى جافه بالليمون، 25.2 جرام,"Chocolates, Sweets & Desserts",هولز,25.2جرام,1,,,,عبوة,جرام
FRESH FARM LUNCHEON PLAIN1K,Beef & Processed Meat,FRESH FARM,1K,1,,,,عبوة,K
SHAHD CHICKEN FILET REG 400 G,Poultry,SHAHD,400G,1,,,,عبوة,G
2.46 فلفل حار اخضر,Vegetables & Fruits,,,1,,2.46,2.46,عبوة,
مرقه دجاج ماجى 12 مكعب,Cooking Ingredients,ماجى,,12,,,,عبوة,
رويال ليمون وزنجبيل 25 فتله,"Tea, Coffee & Hot Drinks",رويال,,25,,,,كيس,
تيفانى وافر 35ج,Biscuits & Cakes,تيفانى,35جم,1,,,,باكو,جم
Dano Full Cream Milk Powder - 250 gm,Dairy & Eggs,Dano,250gm,1,,,,عبوة,gm
ذا ليف شاى مثلج بالرمان 370مل,"Tea, Coffee & Hot Drinks",ذا ليف,370مل,1,,,,عبوة,مل
تايجر شيبسي بالفلفل الحلو 189-199 جم,Chips & Crackers,تايجر,189-199جم,1,,,,كيس,جم
على كافيه كابتشينو,"Tea, Coffee & Hot Drinks",على كافيه,,1,,,,كيس,
جبنة لافاش شرائح شيدر - 180 جرام,Dairy & Eggs,لافاش,180جم,1,,,,عبوة,جم
Palatare Corned Beef 340g,Beef & Processed Meat,Palatare,340g,1,,,,عبوة,g
Al Rabie Juice 330gm Apple,Soft Drinks & Juices,Al Rabie,330gm,1,,,,عبوة,gm
فانتا برتقال بلاستيك 300مل,Soft Drinks & Juices,فانتا,300مل,1,,,,زجاجة,مل
Puvana mineral water ,Water,Puvana,,1,,,,زجاجة,
ترمس من السوهاجي - 500جم,"Rice, Pasta & Pulses",السوهاجي,500جم,1,,,,كيس,جم
ويفر سائل لجميع الاغراض,Cleaning Supplies,ويفر,,1,,,,عبوة,
Red Quinoa Seeds – 400 gm,"Rice, Pasta & Pulses",,400 gm,1,,,,كيس,gm
اطياب فرانط 200جرام,Poultry,اطياب,200جم,1,,,,عبوة,جم
شيخون ليمون بالعصفر,"Tins, Jars & Packets",شيخون,,1,,,,علبة,
سوبر سوبريم . سيسليان +بيبيسي كانز330 مل,"Personal care, skin & body care",,330مل,1,,,,كانز,مل
تويست مشروب بنكهه التوت 200مل,Soft Drinks & Juices,تويست,200مل,1,,,,عبوة,مل
سبايسي خلطة الحواوشي 90 جم,Cooking Ingredients,سبايسي,90جم,1,,,,عبوة,جم
Yellow Vegetable Ghee - 1.5 Kg,Cooking Ingredients,,1.5kg,1,,,,علبة,kg
Beef Escalope Thin Slices - By Weight,Beef & Processed Meat,,,1,,,,عبوة,
سبرايت كانز 330 مل,Soft Drinks & Juices,سبرايت,330مل,1,,,,كانز,مل
برسيل يدوى 750جم,Cleaning Supplies,برسيل,750جم,1,,,,عبوة,جم
Al Watania Chicken Breasts Bone in - 1 kg,Poultry,Al Watania,1kg,1,,,,عبوة,kg
لحم التونة الخفيف تي سي بوي بالفلفل الحار - 185 جرام,"Tins, Jars & Packets",تي سي بوي,185جم,1,,,,علبة,جم
TAST.PURE ITALIAN SAUSAGE 400g ,Beef & Processed Meat,TAST.PURE,400gm,1,,,,عبوة,gm
مرقه لحمه فاين فودز,Cooking Ingredients,فاين فودز,,1,,,,عبوة,
ماجيكل جيلي22ج,"Chocolates, Sweets & Desserts",ماجيكل,22ج,1,,,,عبوة,ج
Beef Mince 20% F,Beef & Processed Meat,,,1,,,,عبوة,
Nestle Pure Life Lemon Sparkling Water - 360ml x12,Water,Nestle,360ml,12,,,,كرتونة,ml
لذيذ لانشون بيف بالزيتون - 800 جم,Beef & Processed Meat,لذيذ,800جم,1,,,,عبوة,جم
تويكس كبير 75ج,"Chocolates, Sweets & Desserts",تويكس,75جم,1,,,,عبوة,جم
WATNYA CHICKEN DRAMSTICK 1KG,Poultry,WATNYA,1KG,1,,,,عبوة,KG
Food Rose Water - 250 Ml - 3 Pcs,Water,Food,250Ml,3,,,,زجاجة,Ml
بيبسى كانز,Soft Drinks & Juices,بيبسي,,1,,,,كانز,
Up Juice Orange Powder kg,Soft Drinks & Juices,Up Juice,kg,1,,,,عبوة,kg
فانتا برتقال 2.5 لتر,Soft Drinks & Juices,فانتا,2.5لتر,1,,,,زجاجة,لتر
Choice Herbs Vinegar 500ml,"Sauces, Dressings & Condiments",Choice,500ml,1,,,,عبوة,ml
باب الشام ورق لورا 5جم ,Cooking Ingredients,باب الشام,5جم,1,,,,عبوة,جم
مزارع دينا 250 مل,Soft Drinks & Juices,مزارع دينا,250مل,1,,,,زجاجة,مل
سبايسي دجاج فرن,Poultry,,,1,,,,عبوة,
صوص سويت اند ساور,"Sauces, Dressings & Condiments",سويت اند ساور,,1,,,,عبوة,
Bekhero Milk Full Cream 1Litre,Dairy & Eggs,Bekhero,1L,1,,,,عبوة,L
Al Doha Bay Leaves 15 G ,Cooking Ingredients,Al Doha,15G,1,,,,عبوة,G
Italian Grana Padano Cheese 250g Approx. Weight,Dairy & Eggs,,250gm,1,,,,عبوة,gm
كلوريل كلور عادى,Cleaning Supplies,كلوريل,,1,,,,عبوة,
كوكى هوت دوج,Beef & Processed Meat,كوكى,,1,,,,عبوة,
جهينه عصير 325 مل مانجو,Soft Drinks & Juices,جهينه,325مل,1,,,,زجاجة,مل
فروتي عصير 1 لتر  مانجو - فراولة - رمان ,Soft Drinks & Juices,فروتي,1لتر,1,,,,زجاجة,لتر
شيبسي 1.000 5.000 5.00,Chips & Crackers,شيبسي,1000,5,,,,,
مشروم 400جم كنانه,"Tins, Jars & Packets",كنانه,400جم,1,,,,علبة,جم
كبده بقري مجمده,Beef & Processed Meat,,,1,,,,عبوة,
Alsuhagy Popcorn - 500 Gram - Orange,"Rice, Pasta & Pulses",Alsuhagy,500Gram,1,,,,كيس,Gram
نستله كارنا فاليتا فانيليا شوكولاته 850مل,"Chocolates, Sweets & Desserts",نستله كارنا فاليتا,850مل,1,,,,عبوة,مل
تست استربس دجاج حار 400 جم,Poultry,تست,400جم,1,,,,عبوة,جم
Taro 500g Approx. Weight,Vegetables & Fruits,,500g,1,,,,كيس,g
المتحده فيليه 400 جم فريش,Poultry,المتحده,400جم,1,,,,عبوة,جم
علبه بتنجان مخلل,"Tins, Jars & Packets",,,1,,,,علبه,
المطبخ فول 350ج,"Tins, Jars & Packets",المطبخ,350ج,1,,,,علبة,ج
بسكوت ويفر بالشيكولاتة والفانيليا من بالسن، 21 جرام,Biscuits & Cakes,بالسن,21جم,1,,,,باكو,جم
Meatland Plain Beef Luncheon - 800gm,Beef & Processed Meat,Meatland,800gm,1,,,,عبوة,gm
13.80 مولتو ميني 56 ج 3@4.60,Bakery,مولتو,56ج,3,,4.6,13.8,كيس,ج
ريتش كفته سيخ 300 جم,Beef & Processed Meat,ريتش,300جم,1,,,,عبوة,جم
"Chefy Mix Tomato Ketchup, 340 gm","Sauces, Dressings & Condiments",Chefy Mix,340gm,1,,,,عبوة,gm
كريستال زيت عباد الشمس 1.6لتر,Cooking Ingredients,كريستال,1.6لتر,1,,,,عبوة,لتر
Feta Chick Peas Salad 400 g Approx. Weight,Bakery,, 400 g,1,,,,,g
Chili Pepper Grinder - 55g,Cooking Ingredients,,55g,1,,,,عبوة,g
دسني مياه 600م,Water,دسني,600مل,1,,,,زجاجة,مل
أرز أبيض 2 صغير 5 10,"Rice, Pasta & Pulses",,,1,,,,كيس,
Halwani Spicy Chicken Drumsticks - 700gm,Poultry,Halwani,700gm,1,,,,عبوة,gm
Loacker Tortina Caramel 21g,Biscuits & Cakes,Loacker,21جم,3,,,,باكو,جم
كوفي بلانيت كبسولات قهوة فرنسية 10 قطع,"Tea, Coffee & Hot Drinks",كوفي بلانيت,,10,,,,عبوة,
علبة قصب ,Furniture,,,1,,,,علبة,
جرين لاند اسطنبولي تتراباك 500 جم,Dairy & Eggs,جرين لاند,500جم,1,,,,تتراباك,جم
ليندت هلو شوكولاتة بالكوكيز والكريمة - 100 جم,"Chocolates, Sweets & Desserts",ليندت,100جم,1,,,,عبوة,جم
Taste Cordon Bleu 2 pieces,Poultry,Taste,,2,,,,عبوة,
حليب فريش وزن,Dairy & Eggs,,,1,,,,عبوة,
Onion Powder - 60 gm,Cooking Ingredients,,,1,,,,عبوة,
منظف و مطهر ديفاتول لكل الاستخدمات، صنوبر - 700 مل,Cleaning Supplies,ديفاتول,700مل,1,,,,عبوة,مل
بسكويت نواعم سادة - 84 جرام - 12 قطعة,Biscuits & Cakes,نواعم,84جرام,12,,,,عبوة,جرام
ويفر لواكر كريمكاكاو بكريمة الكاكاو - 45 جم,Biscuits & Cakes,لواكر,45جم,1,,,,باكو,جم
جهينه كلاسيك بريميم عصير 1 4.25 4.25,Soft Drinks & Juices,جهينه,,1,,4.25,4.25,زجاجة,
Twinkies Cream Cake - 12 Piece,Biscuits & Cakes,Twinkies,,12,,,,عبوة,
زبادى طبيعى يونانى، 170 جرام,Dairy & Eggs,,170جرام,1,,,,عبوة,جرام
Lino Oat Pasta Penne Rigata 400g,"Rice, Pasta & Pulses",Lino,400g,1,,,,كيس,g
فراولة 750 جم,Vegetables & Fruits,,750جم,1,,,,عبوة,جم
بريزيدون جبنه كوبيات رومى 500جرام,Dairy & Eggs,بريزيدون,500جم,1,,,,عبوة,جم
مياة معدنية من صافي، 330 مل,Water,صافي،,330مل,1,,,,زجاجة,مل
Sunbulah Spring Roll Pastry 160g,Bakery,Sunbulah,160g,1,,,,كيس,g
امريكانا سردين مغر,"Tins, Jars & Packets",امريكانا,,1,,,,علبة,
Nestle Pure Life Water 600 ,Water,Nestle,600م,1,,,,زجاجة,م
سعودى عصير كيوى 330م,Soft Drinks & Juices,سعودى,330مل,1,,,,زجاجة,مل
الرشيدى الاصلى طحينه، 500 جرام,"Sauces, Dressings & Condiments",الرشيدى الاصلى,500جم,1,,,,عبوة,جم
regina Pasta rice 400gm ,"Rice, Pasta & Pulses",regina,400gm,1,,,,كيس,gm
العبد طبق ملبن مبروم ,Bakery,العبد,,1,,,,كيس,
مج قهوه زجاج بلينك ,Furniture,,,1,,,,زجاج,
مينى كرواسون سادة,Bakery,,,1,,,,كيس,
ابو عوف معمول قرفة بالعجوه باكو,Bakery,ابو عوف,,1,,,,كيس,
علبه برايه بلاستيك اةى بلص + استيكه 12,Furniture,,,12,,,,بلاستيك,استيكه
علبه لوكس 20 ص 48 ق,"Personal care, skin & body care",لوكس,,48,,,,علبه,ق
Bahlsen Gleichen Milk Choco125 ,Biscuits & Cakes,Bahlsen,125g,1,,,,باكو,g
كباب حله صافى,Beef & Processed Meat,,,1,,,,عبوة,
جلانس بخاخ 15كيس,Cleaning Supplies,جلانس,,15,,,,عبوة,
Cirio Mais Dolce Sweet Corn 300g,"Tins, Jars & Packets",Cirio ,300g,1,,,,عبوة,g
36.00 %2 18.00 حليب 1لتر مزارع د,Dairy & Eggs,مزارع د,1لتر,1,,,,عبوة,لتر
مورو شوكو 40 ج ,"Chocolates, Sweets & Desserts",مورو,40جم,1,,,,عبوة,جم
فرم كنافه كريمه,Bakery,,,1,,,,كيس,
ليبتون شاى توليفه جديده 75فتله عرض سعر,"Tea, Coffee & Hot Drinks",ليبتون,,1,,,,عبوة,
Edita Hohos Golden Chocolate Cream Rolled Cake 1pc,Biscuits & Cakes,Edita Hohos,,1,,,,باكو,
2pcs small water,Water,,,2,,,,زجاجة,
أكوافينا مياه 1.5 لتر,Water,أكوافينا,1.5لتر,1,,,,زجاجة,لتر
مايا مياه 600مل ,Water,مايا,600مل,1,,,,زجاجة,مل
فانتا أخضر 1.25 لتر,Soft Drinks & Juices,فانتا,1.25لتر,1,,,,زجاجة,لتر
اولكر هالى سندوتش شيكولاته وفراوله 26جم,Biscuits & Cakes,اولكر هالى,26جم,1,,,,باكو,جم
الطاهيه مشروم ,"Tins, Jars & Packets",الطاهيه,,1,,,,علبة,
6.97 7.00 0.998 طماطم وزن,Vegetables & Fruits,,0.998,1,,6.97,7,عبوة,
بامية - لولو مجمدة - عبوة اقتصادية 2 × 400 جم,Vegetables & Fruits,لولو,400جم,1,,,,عبوة,جم
بسكوت فريسكا بلوك بطعم الكابتشينو، 38 جرام، 12 قطعة,Biscuits & Cakes,فريسكا,38حرام,12,,,,عبوة,حرام
لانشون بقري بالزيتون من اللحيمي250جم,Beef & Processed Meat,اللحيمي250جم,250جم,1,,,,عبوة,جم
أحمد تي شاي الإنجليزي 25 كيس,"Tea, Coffee & Hot Drinks",أحمد تي,,25,,,,كيس,
كانز بيبسى,Soft Drinks & Juices,بيبسي,,1,,,,كانز,
ويلثى حليب 850مل,Dairy & Eggs,ويلثى,850مل,1,,,,عبوة,مل
فلفل اخضر,Vegetables & Fruits,,,1,,,,كيس,
وراك دجاج بالعضم KG,Poultry,,KG,1,,,,عبوة,KG
امريكانا فول بالفلفل الحار 400 جم 4 ق خصم 15 %,"Tins, Jars & Packets",امريكانا ,400جم,1,,,,عبوة,جم
علبة ثومية ,Bakery,,,1,,,,علبة,
لبنيتا لبن خالى الدسم، 900 جرام,Dairy & Eggs,لبنيتا,900جرام,1,,,,عبوة,جرام
تى سى بوى تونة قط ٢٤.٩٥ ٣ ٧٤.٨٥,"Tins, Jars & Packets",تى سى بوى,,3,,24.95,74.85,علبة,
Kalamata Giant Olives 250g,"Tins, Jars & Packets",,250gm,1,,,,عبوة,gm
" El Doha Pop Corn, 500 g","Rice, Pasta & Pulses",El Doha,500g,1,,,,كيس,g
علبه فول زيت الزيتون ,Cooking Ingredients,,,1,,,,علبه,
علبه سلطه خضراء,Bakery,,,1,,,,علبه,
كوكاكولا زيرو بلاستيك 0/9,Soft Drinks & Juices,كوكاكولا,,1,,,,زجاجة,
بيف برجر من ميتلاند - 25 قطعة,Beef & Processed Meat,ميتلاند,,25,,,,عبوة,
Lulu Brown Bread Small 1pkt,Bakery,Lulu,,1,,,,عبوة,
Loacker Napolitaner 45g,Biscuits & Cakes,Loacker,45g,1,,,,باكو,g
عيش سوفت 300 جرام,Bakery,,300جرام,1,,,,كيس,جرام
نينجا حلوى جيلي بالفواكه - 180 جم,"Chocolates, Sweets & Desserts",نينجا,180جم,1,,,,كيس,جم
Three Chefs Solid Tuna Subflower Oil &amp; Brine 185g,"Tins, Jars & Packets",Three Chefs,185جم,1,,,,علبة,جم
علبه حسب م2,"Personal care, skin & body care",,,1,,,,علبه,
9.98 Sauce Tasty Big Extra 2,"Sauces, Dressings & Condiments",Extra,,1,,9.98,9.98,عبوة,
علبه الوان خشب ,Furniture,,,1,,,,علبه,خشب
Atyab Fun Shape Chicken Nuggets 400g,Poultry,Atyab,400g,1,,,,عبوة,g
فول حدائق كاليفورنيا بالخلطة اللبنانية 400 جرام,"Tins, Jars & Packets",حدائق كاليفورنيا,400جم,1,,,,عبوة,جم
فن داى فشار ذره شيكولاته 60 جم,Chips & Crackers,فن داى,60جم,1,,,,أكياس,جم
جهينه كلاسيك برتقال 235 مل,Soft Drinks & Juices,جهينة,235مل,1,,,,,مل
ماجى خلطة بشاميل ميكس 75جرام ,Cooking Ingredients,ماجى,75جم,1,,,,عبوة,جم
Givrex - Taro - 400 G ,Vegetables & Fruits,Givrex,400gm,1,,,,كيس,gm
كوفى شيك مزارع دينا,Soft Drinks & Juices,مزارع دينا,,1,,,,زجاجة,
حليب لمار بالفراولة - 200 مل,Dairy & Eggs,لمار,200مل,1,,,,عبوة,مل
هيرو بيبي خضار مشكلة 120 جم,Vegetables & Fruits,هيرو,120جم,1,,,,عبوة,جم
Local Beef Burger 500g Approx. Weight,Beef & Processed Meat,,500gm,1,,,,عبوة,gm
اصيل زيت عباد الشمس 700مل,Cooking Ingredients,اصيل,700مل,1,,,,عبوة,مل
شنطة بلاستيك فينوس وسط,Furniture,فينوس,,1,وسط,,,بلاستيك,وسط
Chocolate Powder 250g,"Chocolates, Sweets & Desserts",,250gm,1,,,,عبوة,gm
Easy Cook Bechamel Mix - 80gm,Cooking Ingredients,Easy Cook,80جم,1,,,,كيس,جم
بوبز فشار ميكرويف,Chips & Crackers,بوبز,,1,,,,كيس,
ليون شيبسي بالملح والخل 42-52 جم,Chips & Crackers,ليون,42-52جم,1,,,,أكياس,جم
Sunflower oil 100 pure refined 1 liter ,Cooking Ingredients,,1L,1,,,,عبوة,L
ميتكو برجر بقرى 800جم,Beef & Processed Meat,ميتكو,800جم,1,,,,عبوة,جم
مشروب غازى سبرايت ليمون 300مل,Soft Drinks & Juices,سبرايت,300مل,1,,,,زجاجة,مل
Gandour Wafer Chocolate Rich Creamy - 48 gram x6,Biscuits & Cakes,Gandour,48gm,6,,,,باكو,gm
مسحوق اتوماتيك اريال - 6 ك,Cleaning Supplies,اريال,6ك,1,,,,,ك
Fresh Farm Beef Basturma with Garlic 250g Approx. Weight,Beef & Processed Meat,Fresh Farm,250gm,1,,,,عبوة,gm
ربيع شاى 200ج,"Tea, Coffee & Hot Drinks",ربيع,200جم,1,,,,عبوة,جم
Tomato Ketchup – 340g,"Sauces, Dressings & Condiments",,340gm,1,,,,عبوة,gm
Mister Potato Crisps Hot & Spicy 45g,Chips & Crackers,Mister Potato Crisps,45g,1,,,,كيس,g
جهينه حليب ميكس موز 200مل,Dairy & Eggs,جهينه,200مل,1,,,,عبوة,مل
المطبخ لسان عصفور 400 جم,"Rice, Pasta & Pulses",المطبخ,400جم,1,,,,كيس,جم
دومتي بلس جبنة اسطنبولي 500 جم,Dairy & Eggs,دومتي,500جم,1,,,,عبوة,جم
الهلال غيار 180جم,Cleaning Supplies,الهلال,180جم,1,,,,عبوة,جم
ديلي صن ثن آند كريسبي بيتزا بيس - 320 جرام - 4 قواعد بيتزا,Bakery,ديلي صن,320جرام,4,,,,كيس,جرام
الادهم قرنفل 10جم,Cooking Ingredients,الادهم,10جم,1,,,,عبوة,جم
أوراق الزعتر 1 قطعة,Vegetables & Fruits,,,1,,,,عبوة,
Egyptian Caroobs Crushed 500g,"Rice, Pasta & Pulses",,500g,1,,,,كيس,g
9.23 السبع البهارات,Cooking Ingredients,,,1,,9.23,9.23,عبوة,
نستله مياه 1ل*12,Water,نستله,,12,,,,زجاجة,
ميلكا شوكو ويفر بندق,Biscuits & Cakes,ميلكا,,1,,,,باكو,
هوهوز &#8211; كيك ذهبي الفراولة والكريمة,Biscuits & Cakes,هوهوز,21جم,1,,,,باكو,جم
Red Bull assorted energy drink,Soft Drinks & Juices,Red Bull,355ml,1,,,,عبوة,ml
Gold Espresso Jar - 100g,"Tea, Coffee & Hot Drinks",,100جم,1,,,,عبوة,جم
85.95 لودفيك مسحوق ١ك,Cleaning Supplies,لودفيك,1ك,1,,85.95,85.95,عبوة,ك
علبه وسط,"Rice, Pasta & Pulses",,,1,وسط,,,علبه,وسط
LC.OVEN GLOVE DONUTS-DO,Bakery,LC,,1,,,,عبوة,
سيكيم ينسون أعشاب بريميوم25ف,"Tea, Coffee & Hot Drinks",سيكيم,,25,,,,عبوة,
مياه 600مل لتر حيام,Water,حيام,600مل,1,,,,زجاجة,مل
توينكيز كيك بالكريمه والتوت,Biscuits & Cakes,توينكيز,,1,,,,,
ديتول منظف 4 في 1 متعدد الاستخدامات، برائحة اكوا - 1.8 لتر,Cleaning Supplies,ديتول,1.8لتر,1,,,,عبوة,لتر
هاينز خل طبيعى 500جم,"Sauces, Dressings & Condiments",هاينز,500جم,1,,,,عبوة,جم
مياه مضادة للاكسدة من داساني،  600 مل، 12 قطعة,Water,داساني،,600مل,12,,,,عبوة,مل
برتقال فريش 350 مل,Soft Drinks & Juices,,350مل,1,,,,زجاجة,مل
Azima Cloves 10g,Cooking Ingredients,Azima,10g,1,,,,عبوة,g
Rani granules cans types,Soft Drinks & Juices,Rani,,1,,,,عبوة,
Ritter Sport Chocolate With Cranberry Nuss 100gm,"Chocolates, Sweets & Desserts",Ritter Sport,100gm,1,,,,عبوة,gm
69.30 1 (Fillet) Ditoh Chicken ,Poultry,,,1,,69.3,69.3,عبوة,
ابو عوف معمول شيكولاتة بيضاء باكو,Bakery,ابو عوف,,1,,,,كيس,
Premium Extra Virgin Olive Oil - 500ml,Cooking Ingredients,,500ml,1,,,,عبوة,ml
نستله براديس ايس كريم ,"Chocolates, Sweets & Desserts",نستله براديس,,1,,,,عبوة,
الطاهيه فول حار 400جم,"Tins, Jars & Packets",الطاهيه,400جم,1,,,,علبة,جم
جبنه جوده بيستو هولندى ,Dairy & Eggs,,,1,,,,عبوة,
نوش بطاطس التونسيه 90 - 100 جم,Chips & Crackers,نوش,90-100جم,1,,,,أكياس,جم
كاتشب من ماك، 285 جرام,"Sauces, Dressings & Condiments",ماك,285جرام,1,,,,عبوة,جرام
برافا كوفي اوريجن,"Tea, Coffee & Hot Drinks",برافا,,1,,,,علبة,
رويال زنجبيل بالق 14.75 1 4.75,"Tea, Coffee & Hot Drinks",رويال,,1,,4.75,14.75,عبوة,
اليساعه ارز مصري  5,"Rice, Pasta & Pulses",اليساعه,5ك,1,,,,كيس,ك
Nestle Nan 3 Probiotics Growing Up Milk 400g,Dairy & Eggs,Nestle,400gm,1,,,,عبوة,gm
علبة رقائق ليمون	,Chips & crackers,,,1,,,,علبة,
موز الاكوادور ١ كجم تقريبا,Vegetables & Fruits,,1كجم,1,,,,عبوة,كجم
مشروب باربيكان عادى,Soft Drinks & Juices,باربيكان,,1,,,,زجاجة,
هاببو جيلى حامض 70ج,"Chocolates, Sweets & Desserts",هاببو,70جم,1,,,,عبوة,جم
كوكا لافرز 4 جم ب 4 ج كرسب,Biscuits & Cakes,كوكا لافرز,4جم,1,,4,4,باكو,جم
علبه سوفت ميلت كاكاو عرض,"Personal care, skin & body care",سوفت ميلت,,1,,,,علبه,
صوص هنى يمى,"Sauces, Dressings & Condiments",يمى,,1,,,,عبوة,
Pretzo Tomato Mini Sticks - 180 gram,Chips & Crackers,Pretzo,180gram,1,,,,كيس,gram
ROILL HERPES APPLE+CIAMON 20 PCESE ,"Tea, Coffee & Hot Drinks",,,20,,,,علبة,
كوكى بيف برجر جامبو، 15 قطعة,Beef & Processed Meat,كوكى,,15,,,,عبوة,
جبنة فيتا عبور لاند - 250جم,Dairy & Eggs,عبور لاند,250جم,1,,,,عبوة,جم
ريد بول مشروب طاقه متنواع,Soft Drinks & Juices,ريد بول,,1,,,,زجاجة,
BASMA EGYPTIAN COLCASIA 400G ,Vegetables & Fruits,BASMA,400gm,1,,,,كيس,gm
علبه حماده 20,Tea and Coffee,,,1,,20,20,علبه,
Spysi Beef Burger Spice Mix - 45 gram,Cooking Ingredients,Spysi,45جم,1,,,,عبوة,جم
فودى فول 3 علب عرض ,"Tins, Jars & Packets",فودى,,3,,,,علبة,
ايطاليانو مكرونه فرن 400جم,"Rice, Pasta & Pulses",ايطاليانو,400جم,1,,,,كيس,جم
شوكولاتة منوعة ماكينتوش كواليتي ستريت - 375 جم,"Chocolates, Sweets & Desserts",كواليتي ستريت,375جم,1,,,,عبوة,جم
Lindt Excellence A Touch Of Sea Salt Dark Chocolate - 100gm,"Chocolates, Sweets & Desserts",Lindt,100gm,1,,,,عبوة,gm
UGO LEMON 330 ML,Soft Drinks & Juices,UGO,330ML,1,,,,زجاجة,ML
تيفانى مينى بسكويت انواع 35جم,Biscuits & Cakes,تيفانى,35جم,1,,,,باكو,جم
ميتكو برجر بقرى 1.25كجم 25ق,Beef & Processed Meat,ميتكو,1.25كجم,25,,,,عبوة,كجم
Koki Crunchy Chicken Pane -  8 Count,Poultry,Koki,,8,,,,عبوة,
داناو مشروب مانجو  باللبن 235مل,Soft Drinks & Juices,داناو,235مل,1,,,,عبوة,مل
Wadi Food Extra Virgin Olive Oil 250ml &#43; Vinegar 2 x 250ml,"Sauces, Dressings & Condiments",Wadi Food,250ml,2,,,,عبوة,ml
جهينه حليب منزوع الدسم 200 مل,Dairy & Eggs,جهينه,200مل,1,,,,عبوة,مل
جهينه عصير كلاسيك توت 235 مل,Soft Drinks & Juices,جهينه,235مل,1,,,,عبوة,مل
ابو عوف قهوه تركي ساده فاتح 250جم,"Tea, Coffee & Hot Drinks",ابو عوف,250جم,1,,,,عبوة,جم
جهينه عصير 1 لتر انواع ( عدا المانجو),Soft Drinks & Juices,جهينه,1لتر,1,,,,زجاجة,لتر
برتقال بصرة,Vegetables & Fruits,,,1,,,,كيس,
شيبسي جامبو بالملح ب 8 جنيه  1 0 8.00,Chips & Crackers,شيبسي,,1,,8,8,كيس,
ابوعوف ملح 400ج,Cooking Ingredients,ابوعوف,400جم,1,,,,عبوة,جم
Dobella Pickled Lemon - 370 Gram,"Tins, Jars & Packets",Dobella ,370Gm,1,,,,عبوة,Gm
مكرونة الملكة جمبع الانواع 400جم,"Rice, Pasta & Pulses",الملكة,400جم,1,,,,كيس,جم
Merba Nougatelli Cookies With Hazelnut Cream 37.5g,Biscuits & Cakes,Merba,37.5g,1,,,,باكو,g
بيور منظف زجاج عرض  ,Cleaning Supplies,بيور,,1,,,,زجاج,
نص بسكويت,Biscuits & Cakes,,,1,,,,باكو,
سجق 100,Beef & Processed Meat,,100ج,1,,,,عبوة,ج
شيبسى جبنة متبلة ٥ج 5.00 3 15.00,Chips & Crackers,شيبسى,,3,,5,15,كيس,
جبن كريمي سبريد كيري,Dairy & Eggs,كيري,,1,,,,عبوة,
MAYA NATURAL WATER 2L*6,Water,MAYA,2L,6,,,,كرتونة,L
مونتانا ملوخية 400جم,Vegetables & Fruits,مونتانا,400جم,1,,,,عبوة,جم
أوراق خضراء مشكل 125 جم,Vegetables & Fruits,,125جم,1,,,,عبوة,جم
وادى النيل ارز ,"Rice, Pasta & Pulses",وادى النيل,,1,,,,كيس,
Biscato Chocolate Filled Biscuits - 250 gram,Biscuits & Cakes,Biscato,250gram,1,,,,عبوة,gram
ميلكا شيكولاته بندق كامل 90جم,"Chocolates, Sweets & Desserts",ميلكا,90جم,1,,,,عبوة,جم
جبنة كورة,Dairy & Eggs,,,1,,,,عبوة,
فيري منظف مركز ليمون 65,Cleaning Supplies,فيري,65ملي,1,,,,عبوة,ملي
Sunshine Okra Small - 400 Gram,Vegetables & Fruits,Sunshine,400gm,1,,,,كيس,gm
سبينيس كيس بقسماط مطحون 500ج,Bakery,سبينيس,500ج,1,,,,كيس,ج
Large sprite,Soft Drinks & Juices,sprite,,1,,,,زجاجة,
زجاجه اسبراى دوكو ميتالك,Furniture,دوكو ميتالك,,1,,,,زجاجه,
Baraka Natural Water 600 ML ,Water,Baraka,600ml,1,,,,زجاجة,ml
Finger Cot,"Chocolates, Sweets & Desserts",,,1,,,,عبوة,
اعشاب ينسون رويال 20فتله +2 مج,"Tea, Coffee & Hot Drinks",رويال,2جم,20,,,,علبة,جم
مكرونة اسباجيتي - 400 جم,"Rice, Pasta & Pulses",,400جم,1,,,,كيس,جم
هاينز مايونيز دويباك جم 285,"Sauces, Dressings & Condiments",هاينز,285جم,1,,,,عبوة,جم
Abu Auf Coffee Classic 200g,"Tea, Coffee & Hot Drinks",Abu Auf,200g,1,,,,عبوة,g
هاينز مايونيز,"Sauces, Dressings & Condiments",هاينز,,1,,,,,
nuetella ft,"Chocolates, Sweets & Desserts",nuetella,,1,,,,عبوة,
Turkey Breast Boneless 2kg,Poultry,,2kg,1,,,,عبوة,kg
صفايه معالق بلاستيك مستطيله 3 خانه,Furniture,,,1,,,,بلاستيك,
ريتش فصوص رومى زعتر وزن 239.9 0.27 65.75,Poultry,ريتش,0.27,1,,65.75,239.9,عبوة,
Elvan Today Chocolate Coated Caramel Filling Bar Cake - 24 Pieces,Biscuits & Cakes,Elvan Today,,24,,,,علبة,
علبه مخلل,"Tins, Jars & Packets",,,1,,,,علبه,
لحم رقبة ضاني مصري 500 جرام,Beef & Processed Meat,,500جم,1,,,,عبوة,جم
صن شاين تونة ق و س ٢٠٠ 25.95 3 77.85,"Tins, Jars & Packets",صن شاين,,3,,25.95,77.85,علبة,
زيجو شيبسى زيجو فلفل حلو,Chips & Crackers,زيجو,,1,,,,كيس,
ابوعوف بن تركى علبه انواع 250 جرام ,Tea and Coffee,ابو عوف,250جرام,1,,,,علبه,جرام
CHEDDAR SAUCE CUP,"Sauces, Dressings & Condiments",,,1,,,,عبوة,
العبد باكو بسكويت مشكل 18قطعه,Bakery,العبد,,18,,,,كيس,
تمري فريش شيش طاووك 1 كجم,Poultry,تمري,1كجم,1,,,,عبوة,كجم
كبده صافى 500جم,Poultry,,500جم,1,,,,عبوة,جم
طحينه سايبه طبيعى وزن,"Sauces, Dressings & Condiments",,,1,,,,عبوة,
جرين لاند جبن موتزريلا اصابع 400جم,Dairy & Eggs,جرين لاند,400جم,1,,,,عبوة,جم
ليبتون شاي 25 فتله عرض 9 ج,"Tea, Coffee & Hot Drinks",ليبتون,9ج,25,,,,,ج
زيت ذرة روتس - 900 مل,Cooking Ingredients,روتس,900مل,1,,,,عبوة,مل
كاليفورنيا فول مدمس سادة درجة اولى 450جم,"Tins, Jars & Packets",كاليفورنيا,450جم,1,,,,عبوة,جم
خلطه بانيه ابوعوف ,Cooking Ingredients,ابوعوف,,1,,,,عبوة,
دساني مياه 1.5ل,Water,دساني,1.5لتر,1,,,,زجاجة,لتر
Sunbulah Spring Roll Pastry 160g,Bakery,Sunbulah,160g,1,,,,كيس,g
الطاهية بليلة حبوب قمح مع السكر ٤٠٠ جم,"Tins, Jars & Packets",الطاهية ,400جم,1,,,,علبة,جم
علبه لارج,Biscuits & Cakes,,,1,,,,علبه,لارج
ماكسيل ماجيك 1لتر منظف,Cleaning Supplies,ماكسيل,1لتر,1,,,,عبوة,لتر
اوراك دجاج فريش مخليه الكاتشب بالوزن ,Poultry,,,1,,,,عبوة,
بيبسى كانز ,Soft Drinks & Juices,بيبسي,,1,,,,كانز,
بافاريا شراب شعير بالجنزبيل والليمون زجا,Soft Drinks & Juices,بافاريا,330مل,1,,,,عبوة,مل
فصوص رومي مدخن,Poultry,,,1,,,,عبوة,
كنور خلطه البرجر جم30 خصم 10%,Cooking Ingredients,كنور,30جم,1,,,,عبوة,جم
Heinz Classic Mayonnaise 180g,"Sauces, Dressings & Condiments",Heinz,180g,1,,,,عبوة,g
لمار عصير طبيعي مانجو 200 1 7.00 7.00,Soft Drinks & Juices,لمار,200مل,1,,7,7,عبوة,مل
كنور مرقه دجاج12 مكعب,Cooking Ingredients,كنور,,12,,,,عبوة,
4C Bread Crumbs Japanese Style Panko Plain 227g,Bakery,,227g,1,,,,كيس,g
امريكانا زيت زيتون بكر 250 مل,Cooking Ingredients,امريكانا,250مل,1,,,,عبوة,مل
تونة امريكانا قطعة واحدة - 170 جم,"Tins, Jars & Packets",امريكانا ,170جرام,1,,,,علبة,جرام
حلواني بيف برجر 1 ك,Beef & Processed Meat,حلواني,1ك,1,,,,عبوة,ك
باب الشام بابري,Cooking Ingredients,باب الشام,,1,,,,عبوة,
شيبسي تايجرعائلي بالجبنة المتبلة 51-55 جم,Chips & Crackers,شيبسي,51-55جم,1,,,,أكياس,جم
Carrefour Sea Breeze Fabric Softener - 1 L,Cleaning Supplies,Carrefour,1 L,1,,,,عبوة,L
علبه سوبر جامبو,Biscuits & Cakes,,,1,جامبو,,,علبه,جامبو
Fava Beans Peeled With Lebanese Recipe - 400gm - 2Pcs,"Tins, Jars & Packets",,400gm,1,,,,عبوة,gm
معالق بلاستيك,Furniture,,,1,,,,بلاستيك,
هاريبو غولد بيرز حلوى جيلي بنكهة الفاكهة 160 جم,"Chocolates, Sweets & Desserts",هاريبو,160جم,1,,,,علبة,جم
شطة رنا ,"Sauces, Dressings & Condiments",رنا,,1,,,,عبوة,
هاينز كاتشب 285 جم,"Sauces, Dressings & Condiments",هاينز,285جم,1,,,,عبوة,جم
اولكر فنجر باكو 55جم,Biscuits & Cakes,اولكر,55جم,1,,,,باكو,جم
Parboiled Golden Rice - 1K,"Rice, Pasta & Pulses",,1K,1,,,,كيس,K
كريمة الطبخ المراعي 1 لتر,Dairy & Eggs,المراعي,1لتر,1,,,,عبوة,لتر
جبنه ثلاجه بلدى بالوزن,Dairy & Eggs,,,1,,,,عبوة,
Mineral water lar,Water,,ل,1,,,,زجاجة,ل
chipsy  cheese onion 73-83 gm,Chips & Crackers,chipsy,73-83 gm,1,,,,كيس,gm
هانز كوب قهوة لاتيه 6 × 20 جم,"Tea, Coffee & Hot Drinks",هانز,20جم,6,,,,علبة,جم
El-Maleka Pasta Lasagne 400GM,"Rice, Pasta & Pulses",El-Maleka,400GM,1,,,,كيس,GM
Deli Sun Plain Soft Tortillas - 780 gram - 10 Wraps,Bakery,Deli Sun,780gram,10,,,,عبوة,gram
صوص سيزار,"Sauces, Dressings & Condiments",سيزار,,1,,,,عبوة,
لمار حليب بالشوكولاتة 200 مل,Dairy & Eggs,لمار,200مل,1,,,,عبوة,مل
ويندكس ملمع زجاج رشاش 500 38.50 1 0.00 38.50,Cleaning Supplies,ويندكس,500مل,1,,38.5,38.5,عبوة,مل
برتقال بسرة مصري 1 كجم,Vegetables & Fruits,,1كجم,1,,,,عبوة,كجم
ابوالليل تفاح احمر -اصفر ايطالى وزن,Vegetables & Fruits,ابوالليل,,1,,,,عبوة,
dasani water  600 ml,Water,dasani,600ml,1,,,,زجاجة,ml
Shahd Chicken Thighs 1 kg,Poultry,Shahd,1kg,1,,,,عبوة,kg
7.60 20.00 0.38 فلفل الوان وزن,Vegetables & Fruits,,0.38,1,,7.6,20,عبوة,
Parsley Raw Oil - 30 ML,Cooking Ingredients,,30مل,1,,,,عبوة,مل
مونارش فطر كامل 400 جم,"Tins, Jars & Packets",مونارش,400جم,1,,,,عبوة,جم
زيت عباد الشمس - 1.8 لتر,Cooking Ingredients,,1.8لتر,1,,,,عبوة,لتر
سردين بالزيت النباتي 125 جم,"Tins, Jars & Packets",,125جم,1,,,,عبوة,جم
CALIFORNIA GARDENPeeled medammes 400G ,"Tins, Jars & Packets",CALIFORNIA GARDEN,400gm,1,,,,عبوة,gm
فيتنيس بسكويت تفاح وقرفه 30جم,Biscuits & Cakes,فيتنيس,30جم,1,,,,باكو,جم
Pure Olive Oil Glass – 250ml,Cooking Ingredients,,250ml,1,,,,عبوة,ml
ميرندا مشروب غازي بالليمون,Soft Drinks & Juices,ميرندا,,1,,,,زجاجة,
يوست اوريو 311جرام,"Chocolates, Sweets & Desserts",اوريو,311جرام,1,,,,عبوة,جرام
كندوز مفروم صافى وزن,Beef & Processed Meat,,,1,,,,عبوة,
كالفورنيا فول مدمس ٤٠٠ جم 9.50 1 9.50,"Tins, Jars & Packets",كالفورنيا,400جم,1,,9.5,9.5,علبة,جم
جاردينو كاتشب 500 جم,"Sauces, Dressings & Condiments",جاردينو,500جم,1,,,,عبوة,جم
Bravo Chips Chicken 47-54g,Chips & Crackers,Bravo,47-54g,1,,,,كيس,g
"Domty Nectar Peach Juice, 235 ml - Set of 27",Soft Drinks & Juices,Domty,235مل,27,,,,عبوة,مل
Beity Tomato sauce salt&amp;pep 2,"Tins, Jars & Packets",Beity,,2,,,,علبة,
Ferrero Rocher Chocolate 300g,"Chocolates, Sweets & Desserts",Ferrero,300gm,1,,,,عبوة,gm
علبه بشندى كبير,"Rice, Pasta & Pulses",,,1,كبير,,,علبه,كبير
جبنه قريش الصالحيه سايب,Dairy & Eggs,الصالحيه,,1,,,,عبوة,
Al Doha Spice Shaker 220G ,Cooking Ingredients,Al Doha,220G,1,,,,عبوة,G
ايطاليانو مكرونه اسباجتى 1ك,"Rice, Pasta & Pulses",ايطاليانو,1ك,1,,,,كيس,ك
Basak Lentil Soup 70g,"Tins, Jars & Packets",Basak ,70g,1,,,,علبة,g
"Koki Crunchy Chicken Wings Mild, 700 Gm",Poultry,Koki,700Gm,1,,,,عبوة,Gm
كباب حله مستورد,Beef & Processed Meat,,,1,,,,عبوة,
كينج إم توست الأرز البني 125 جرام,Bakery,كينج إم,125جرام,1,,,,كيس,جرام
فريش فارم برجر,Beef & Processed Meat,فريش فارم,,1,,,,عبوة,
Abu Ali Chicken Pane Spices - 40 gram,Poultry,Abu Ali,40gram,1,,,,عبوة,gram
بيبسى كانز,Soft Drinks & Juices,بيبسي,,1,,,,كانز,
اوريو بسكويت 6 قطع عرض,Biscuits & Cakes,اوريو,,6,,,,باكو,
Betty Pan bread ,Bakery,Betty,,1,,,,عبوة,
سمبوسك المراعي بالجبنة والنعناع - 350 جم,Bakery,المراعي,350جم,1,,,,كيس,جم
Nestle Pure Life Sparkling Water - 240ml x24,Water,Nestle,240ml,24,,,,كرتونة,ml
قهوة تركي كلاسيك بن محوج سادة ,"Tea, Coffee & Hot Drinks",,,1,,,,عبوة,
الوطنيه لانشون ساده  250ج,Beef & Processed Meat,الوطنيه,250ج,1,,,,عبوة,ج
Halwani Tahina White 475 G ,"Sauces, Dressings & Condiments",Halwani,475G,1,,,,عبوة,G
American Garden Butter Flavour Microwave Popcorn - 273 gram,Chips & Crackers,American Garden,273g,1,,,,كيس,g
سجق عادى بالوزن ,Beef & Processed Meat,,,1,,,,عبوة,
كفته عادي بالوزن,Beef & Processed Meat,,,1,,,,عبوة,
خضار وفاكهة القرنفل,Vegetables & Fruits,,,1,,,,عبوة,
TRUST ITALIAN OLIVES MIX 1 KG,"Tins, Jars & Packets",TRUST ,1KG,1,,,,علبة,KG
يمامه صويا صوص 250مل,"Sauces, Dressings & Condiments",يمامه,250مل,1,,,,عبوة,مل
FARAGELLO BEEF BURGER FAMILY 1KG,Beef & Processed Meat,FARAGELLO,1kg,1,,,,عبوة,kg
الضحى لوبيا 500جم,"Rice, Pasta & Pulses",الضحى,500جم,1,,,,كيس,جم
El Delta Black Eye Beans 500g,"Rice, Pasta & Pulses",El Delta,500g,1,,,,كيس,g
ليندت ايكسيلنس ميلك 100جم,"Chocolates, Sweets & Desserts",ليندت,100جم,1,,,,عبوة,جم
شيكولاتة جالكسي فلوتس - 22.5جم - عبوة من 12,"Chocolates, Sweets & Desserts",جالكسي,22.5جم,12,,,,عبوة,جم
السابور تورتيلا قمح 8ق 144جرام,Bakery,السابور,144جرام,8,,,,كيس,جرام
Packet Baton Sale Sesame - Small Sized,Bakery,,,1,small,,,كيس,
كانز,Soft Drinks & Juices,,,1,,,,كانز,
Shahd Chicken Strips Spicy - 750 gram,Poultry,Shahd,750gram,1,,,,عبوة,gram
Sprite Can 355 Ml Offer 12 At Price 10,Soft Drinks & Juices,Sprite,355ml,1,,,,عبوة,ml
هاينز كاتشب طماطم بارد 340 جم,"Sauces, Dressings & Condiments",هاينز,340جم,1,,,,عبوة,جم
Hyperone Baguette Bread - 1 Piece ,Bakery,Hyperone,,1,,,,باكو,
جواهر بندق مشكلة كيس 140 جم,"Chocolates, Sweets & Desserts",جواهر,140جم,1,,,,عبوة,جم
شويبس نونيك مياه 250 مل Quantity,Water,شويبس,250مل,1,,,,زجاجة,مل
صدور دجاج مقلية اطياب، 8 قطع + بطاطس,Poultry,اطياب,,9,,,,عبوة,
برطمان خلطة كاري مطحون,Cooking Ingredients,,,1,,,,عبوة,
زجاجه مياه صغيره,Water,,,1,صغيره,,,زجاجه,صغيره
موز  بلايكا  حيوي - بالوزن,Vegetables & Fruits,,,1,,,,عبوة,
موز بلدي 2.250 15 33.75,Vegetables & Fruits,,,15,,2.25,33.75,عبوة,
كريمه ماكيفيتز بسكويت بالشوفان,Biscuits & Cakes,ماكيفيتز,,1,,,,باكو,
طحينه البوادى ,"Sauces, Dressings & Condiments",البوادي,,1,,,,,
جلاكسي شوكلاته بالحليب 56جم,"Chocolates, Sweets & Desserts",جلاكسي,56جم,1,,,,عبوة,جم
باريلا فارفالي باستا 500 جم,"Rice, Pasta & Pulses",باريلا,500جم,1,,,,كيس,جم
LuLu Brown Fresh Eggs Large 30pcs,Dairy & Eggs,LuLu,,30,,,,علبة,
سكويز عصير تفاح 250 مل,Soft Drinks & Juices,سكويز,250مل,1,,,,زجاجة,مل
ليبتون شاى اخضر نعناع 100 فتله ,"Tea, Coffee & Hot Drinks",ليبتون,,100,,,,عبوة,
Can Mirinda,Soft Drinks & Juices,Mirinda,,1,,,,عبوة,
فيرن زبدة 1ك ,Cooking Ingredients,فيرن,1ك,1,,,,عبوة,ك
زبادي لايت 4 قطاع ,Dairy & Eggs,,,1,,,,عبوة,
Al Karamah Samboosah Dough Sheets With Oil - 500 Gram,Bakery,Al Karamah,500 Gram,1,,,,عبوة,Gram
كيندر شيكولاته 100 م,"Chocolates, Sweets & Desserts",كيندر,100م,1,,,,,م
JUSPRIN 81 MG 60 TAB  علبه,,,81MG,1,,,,علبه,MG
مياه دسانى,Water,دسانى,,1,,,,زجاجة,
جبنه دومتي تترباك زتزن 500 جم,Dairy & Eggs,دومتي,500جم,1,,,,عبوة,جم
دومتى كريمة مطبوخة بالبابربكا 380جم,Dairy & Eggs,دومتى,380جم,1,,,,عبوة,جم
بطيخ شيليان,Vegetables & Fruits,,,1,,,,كيس,
Elleheimy Beef Luncheon With Olives 250g Approx. Weight,Beef & Processed Meat,Elleheimy,250gm,1,,,,عبوة,gm
اولكر بسكريم بسكوت بحشو كريمه الكاكاو 99,Biscuits & Cakes,اولكر بسكريم,99ج,1,,,,باكو,ج
برطمان زجاج,Furniture,,,1,,,,زجاج,
كلوريل كلين اب ليمون 4لتر 1*2 Quantity,Cleaning Supplies,كلوريل,4لتر,1,,,,عبوة,لتر
Intenso Capsule Compatible With Nespresso Machines 10 Caps - 10 Pcs - 1 Pack,"Tea, Coffee & Hot Drinks",,,10,,,,علبة,
برقوق أصفر جنوب أفريقيا 1 كجم,Vegetables & Fruits,,1كجم,1,,,,عبوة,كجم
ذا بيري كومباني عصير توت بري - 1 لتر,Soft Drinks & Juices,ذا بيري كومباني,1لتر,1,,,,زجاجة,لتر
شنطه بلاستيك كبيره 55 *55 ,Furniture,,55*55 سم,1,كبيره,,,بلاستيك,كبيره
جبنة قديمة دمياطي قتيلو 250جم,Dairy & Eggs,قتيلو,250جم,1,,,,عبوة,جم
مياه نستله كبيره,Water,نستله,,1,,,,زجاجة,
بيريل شراب شعير كانز 330 مل,Soft Drinks & Juices,بيريل,330مل,1,,,,كانز,مل
سن توب لتر كامل الدسم,Soft Drinks & Juices,سن توب,,1,,,,زجاجة,
Koki Beef Burger 1 kg ,Beef & Processed Meat,Koki,1kg,1,,,,عبوة,kg
Super roll bread ,Bakery,,,1,,,,كيس,
السنبلة سبرنج رول قمح 160 جم,Bakery,السنبلة,160جم,1,,,,كيس,جم
ميلكا كوكيز شوكلاته,Biscuits & Cakes,ميلكا,,1,,,,باكو,
ماجى خلطه الاكلات الهنديه 37 جم,Cooking Ingredients,ماجى,37جم,1,,,,عبوة,جم
كيت كات كوكيز 2ق,Biscuits & Cakes,كيت كات,,2,,,,باكو,
لولو بروكلي 250 جم,Vegetables & Fruits,لولو,250جم,1,,,,عبوة,جم
جهينه كلاسيك مشروب بريميم جوافه 235مل ,Soft Drinks & Juices,جهينه,235مل,1,,,,عبوة,مل
White Castle Cream Wafer Luxury Vanilla 300g,Biscuits & Cakes,White Castle,300g,1,,,,عبوة,g
ريحانة - فول مطحون 500 جرام,"Rice, Pasta & Pulses",ريحانة,500جرام,1,,,,كيس,جرام
دومتى تتراباك 1 كجم اليت,Dairy & Eggs,دومتي,1كجم,1,,,,تتراباك,كجم
Dairy Milk Plain Chocolate Bar - 4+1 - 185gm,"Chocolates, Sweets & Desserts",Dairy Milk,185جم,5,,,,علبة,جم
كانز بيبسى,Soft Drinks & Juices,بيبسي,,1,,,,كانز,
ليبتون 100ق 20% خصم ,"Tea, Coffee & Hot Drinks",ليبتون,,100,,,,عبوة,
LION CHIPS W SALT 74G,Chips & Crackers,LION,74G,1,,,,كيس,G
دينا حليب يالشوكولاته ,Dairy & Eggs,دينا,,1,,,,عبوة,
0 0 لتر بيبسي مجانا 1,Soft Drinks & Juices,بيبسي,لتر,1,,,,زجاجة,لتر
Bab El Sham Meat Spices 40g,Cooking Ingredients,Bab El Sham,40g,1,,,,عبوة,g
ديرى ميلك شيكولاته ,"Chocolates, Sweets & Desserts",ديرى ميلك,,1,,,,عبوة,
علبه حسب م1,"Personal care, skin & body care",,,1,,,,علبه,
بيض بيور بلدى مغلف 30ق,Dairy & Eggs,,,30,,,,عبوة,
مكرونه اسباجتي الملكه 1ك,"Rice, Pasta & Pulses",الملكه,,1,,,,كيس,
El Helal W El Negma ديسك للاطفال بلاستيك من الهلال والنجمة,Cleaning Supplies,El Helal w Elnegma,,1,,,,,
خيار صوب 0.5 10 5,Vegetables & Fruits,,0.5,10,,5,5,عبوة,
نستله زبادى طبيعى 170جم,Dairy & Eggs,نستله,170جرام,1,,,,عبوة,جرام
مشروب بذور الريحان بنكهة باشن فروت من كوكو رويال - 290 مل,Soft Drinks & Juices,كوكو رويال,290مل,1,,,,عبوة,مل
قمح زمزم - 500جم,"Rice, Pasta & Pulses",زمزم,500جم,1,,,,كيس,جم
Three Chefs Beef Burger 500 gm,Beef & Processed Meat,Three Chefs,500gm,1,,,,عبوة,gm
ريتش لانشون بيف بالفلفل الأسود 250 جم,Beef & Processed Meat,ريتش,250جم,1,,,,عبوة,جم
Stella Beer,Soft Drinks & Juices,Stella,,1,,,,,
Coffee Break Mocha Cappuccino 18.5g,"Tea, Coffee & Hot Drinks",Coffee Break,18.5جم,1,,,,علبة,جم
علبه شكولاته من كوالتى ستريم,Sweets & Desserts,ستريم,,1,,,,علبه,
بسكويت ويفر محشو شوكولاتة من الشمعدان - 45 جرام - 12 قطعة,Biscuits & Cakes,الشمعدان,45جم,12,,,,باكو,جم
صدور دجاج بالوزن,Poultry,,,1,,,,عبوة,
صدور رومي مخليه 2 كجم ,Poultry,,2كجم,1,,,,عبوة,كجم
علبه شرقى ×110,Furniture,,110مل,1,,,,علبه,
كاتشب طماطم - 350 جم,"Sauces, Dressings & Condiments",,350جم,1,,,,عبوة,جم
حليب قشطة كامل الدسم 300 جرام,Dairy & Eggs,,300جم,1,,,,عبوة,جم
YAMAMA GRENADINE MOLASES 750M ,Cooking Ingredients,YAMAMA,750ml,1,,,,عبوة,ml
عصير جوافة نكتار من بارادايس - 12 علبة - بسعة 300 مل,Soft Drinks & Juices,بارادايس,300مل,12,,,,زجاجة,مل
المراعى حليب محلى 200 ملى فراوله ,Dairy & Eggs,المراعى,200مل,1,,,,عبوة,مل
 900برسيل جل 3.9 لتر برائحة اللافندر  يكافئ 8 كيلو بودر ,Cleaning Supplies,900برسيل جل,3.9لتر,1,,,,عبوة,لتر
عيش جعفر شامى 3,Bakery,جعفر,,3,,,,كيس,
عصير ليمون بالنعناع ,Soft Drinks & Juices,,,1,,,,زجاجة,
Faragello Beef Salami - 150 gram,Beef & Processed Meat,Faragello,150gram,1,,,,عبوة,gram
بسكوت نشادر وزن	,Bakery,,,1,,,,كيس,
رينيه كينيا اسبريسو 10 قطع,Bakery,رينيه كينيا,,10,,,,كيس,
Farm Frites Pommes fries 2.5 kg ,Vegetables & Fruits,Farm Frites,2.5kg,1,,,,كيس,kg
California Garden Plain Foul - 400 Gram,"Tins, Jars & Packets",California Garden,400Gram,1,,,,عبوة,Gram
جيفركس بسلة بالجزر ,Vegetables & Fruits,جيفركس,,1,,,,كيس,
بربيكان شراب شعير بالاناناس زجاج 330 مل,Soft Drinks & Juices,بربيكان,330مل,1,,,,كان,مل
هاينز صوص الباربيكيو 200ج,"Sauces, Dressings & Condiments",هاينز,200جم,1,,,,عبوة,جم
El-Haloub ElMethalia Ghee1600g ,Cooking Ingredients,El-Haloub,1600g,1,,,,علبة,g
ريدج كريمه وشبت 54جم,Chips & Crackers,ريدج,54جم,1,,,,كيس,جم
جاردينو كاتشب بارد 500جم,"Sauces, Dressings & Condiments",جاردينو,500جم,1,,,,عبوة,جم
"Americana Smoked Tuna Slices in SunFlower Oil, 120 Gm","Tins, Jars & Packets",Americana ,120gm,1,,,,علبة,gm
"Extra Gum With Peppermint, 10 Pieces","Chocolates, Sweets & Desserts",Extra,,10,,,,عبوة,
العبد طبق قشطه بالبندق,Bakery,العبد,,1,,,,كيس,
Lamar juice 200 ml different types,Soft Drinks & Juices,Lamar,200ml,1,,,,عبوة,ml
فرازه فيليه دجاج مبرد 900جم,Poultry,فرازه,900جم,1,,,,عبوة,جم
بيك رولز رقائق ليمون وفلفل,Chips & Crackers,بيك رولز,,1,,,,كيس,
Pretzo Pretzels Tomato Sticks - 77 gram,Chips & Crackers,Pretzo,86 gram,1,,,,كيس,gram
Amr Mushroom Can Food - 800 Gram,"Tins, Jars & Packets",Amr ,800Gram,1,,,,علبة,Gram
نسكافيه ريتش 3*1 ظرف 21جم,"Tea, Coffee & Hot Drinks",نسكافيه,21جم,1,,,,علبة,جم
Rani Peach juice 240ml,Soft Drinks & Juices,Rani,240ml,1,,,,عبوة,ml
Lamar Flavoured Milk Strawberry 200ml,Dairy & Eggs,Lamar,200ml,1,,,,عبوة,ml
Cocoa Lovers Cocoa Cream Filled Cookies - 12 Pieces,Biscuits & Cakes,Cocoa Lovers,,12,,,,باكو,
Nestle Pure Life Water 6Litre,Water,Nestle,6Litre,1,,,,زجاجة,Litre
بانيه فريش وزن 1 ٨٠.٠٠ ٨٠.٠٠,Poultry,,,1,,80,80,كيس,
برفيتي بيج بابول توتى فروتى 27جم ,"Chocolates, Sweets & Desserts",بيج بابول,27جم,1,,,,عبوة,جم
دينا عصير فراولة ٨٥٠مل 30.00 1 30.00,Soft Drinks & Juices,دينا,,1,,30,30,عبوة,
THREE CHEFS CHICKEN STRIPS1K,Poultry,THREE CHEFS,1Kg,1,,,,عبوة,Kg
  تشويس صلصلة الباربيكيو 320 جم  + تشويس صوص الصويا فاتح 250مل,"Sauces, Dressings & Condiments",تشويس,320جم+250مل,1,,,,عبوة,جممل
السنبله بطاطس مقليه استيك ,Vegetables & Fruits,السنبله,,1,,,,عبوة,
El Rashidi El Mizan Tahina 275 gm,"Sauces, Dressings & Condiments",El Rashidi El Mizan,275gm,1,,,,عبوة,gm
قليه زيت 1لتر,Cooking Ingredients,قليه,1لتر,1,,,,عبوة,لتر
Obour Land Istanbouli Cheese 250 gm,Dairy & Eggs,Obour Land,250gm,1,,,,عبوة,gm
احمد  شاى 20ق,"Tea, Coffee & Hot Drinks",احمد,,20,,,,علبة,
عيش توست صغير,Bakery,,,1,,,,كيس,
2  بيج ماك وجبه كبيره =2  فانتا برتقال كانز,Soft Drinks & Juices,فانتا,,4,كبيره,,,كانز,كبيره
مياه 1 7 7,Water,,,1,,7,7,زجاجة,
المراعي زبادي 105جم 5+1,Dairy & Eggs,المراعي,105gm,6,,,,عبوة,gm
بيبيتو حلوى جيلي كولا 80 جم,"Chocolates, Sweets & Desserts",بيبيتو,80جم,1,,,,كيس,جم
بسكوت سادة من أهلاوي، 72 جرام، 12 قطعة,Biscuits & Cakes,أهلاوي,72جرام,12,,,,عبوة,جرام
معمول بالتمر من حلواني - 50 جم عبوة من 16,Bakery,حلواني,50جم,16,,,,كيس,جم
زبادي المراعي 105 جم 9 + 3 مجانا,Dairy & Eggs,المراعي,105gm,12,,,,عبوة,gm
مياه طبيعية اكوا دلتا، 600 مل - 12 عبوة,Water,اكوا دلتا،,600مل,12,,,,عبوة,مل
Biscuit Sauce - 1000 Ml,"Sauces, Dressings & Condiments",,1000ML,1,,,,عبوة,ML
MOLTO MAGNUM M/CROSSIENT,Bakery,MOLTO,,1,,,,كيس,
Nestlé Pure Life Water 6L ,Water,Nestlé,6L,1,,,,زجاجة,L
ذرة حلوة فارمرز,"Tins, Jars & Packets",فارمرز,,1,,,,علبة,
Lime Local 250g,Vegetables & Fruits,,250g,1,,,,كيس,g
بسمة فراوله 400 جم,Vegetables & Fruits,بسمة,400جم,1,,,,عبوة,جم
المراعى رايب 220مل ,Dairy & Eggs,المراعى,220مل,1,,,,عبوة,مل
Tashkila Minced Garlic Paste - 210 Gram,"Tins, Jars & Packets",Tashkila ,210جم,1,,,,عبوة,جم
Atyab Grilled Chicken Shish - 400 Gram,Poultry,Atyab,400Gram,1,,,,عبوة,Gram
1 سن توب 1 لتر برتقال 18.00 18.00,Soft Drinks & Juices,سن توب,1لتر,1,,18,18,زجاجة,لتر
Britannia Good Day Butter Cookies 81g,Biscuits & Cakes,Britannia Good Day,81g,1,,,,باكو,g
 زيت زيتون بخاخ - 200 مل,Cooking Ingredients,,513+200جم,1,,,,عبوة,جم
اطياب شيش دجاج مشوي 400 جم,Poultry,اطياب,400جرام,1,,,,عبوة,جرام
شوجيتن شيكولاتة بالحليب والبندق 100جم,"Chocolates, Sweets & Desserts",شوجيتن,100جم,1,,,,عبوة,جم
Breadway Multigrain Toast - 500g ,Bakery,Breadway,500g,1,,,,عبوة,g
جود كير ماسك طبى علبه 50 ق,"Personal care, skin & body care",جود كير,,50,,,,علبه,ق
Tekka Chocolate Egg For Boys - 20gm,"Chocolates, Sweets & Desserts",Tekka,20gm,1,,,,عبوة,gm
ميربا كوكيز بسكويت زبيب وتفاح,Biscuits & Cakes,ميربا,,1,,,,باكو,
ح خ الدسم 200 مل لمار,Dairy & Eggs,لمار,200مل,1,,,,عبوة,مل
مكرونة خواتم 1 كجم,"Rice, Pasta & Pulses",,1كجم,1,,,,كيس,كجم
قطوف زعتر 100 جم,Vegetables & Fruits,,100جم,1,,,,عبوة,جم
أرز الشجرة - 1كجم,"Rice, Pasta & Pulses",الشجرة,1كجم,1,,,,كيس,كجم
بونو ملح 300 جم,Cooking Ingredients,بونو,300جم,1,,,,عبوة,جم
حلوانى كبة لحم بقرى 10 قطع,Beef & Processed Meat,حلوانى,,10,,,,عبوة,
الساعة ارز فاخر 1 كجم,"Rice, Pasta & Pulses",الساعة,1كجم,1,,,,كيس,كجم
EXTRA BIGGIES GUM PEPPERMINT60 G ,"Chocolates, Sweets & Desserts",EXTRA BIGGIES,60 G,1,,,,,G
fresh strawberry,Vegetables & Fruits,,,1,,,,عبوة,
بصل احمر مصري 1 كيلو,Vegetables & Fruits,,1كيلو,1,,,,عبوة,كيلو
Organic Anise - 100 Tea Bags,"Tea, Coffee & Hot Drinks",,100جم,1,,,,علبة,جم
روتانا جبنه شيدر ساده 400 جم,Dairy & Eggs,روتانا,400جم,1,,,,عبوة,جم
3.50 1.75 2 بيك رولز جبنة ناتشو 34-30 جم,Chips & Crackers,بيك رولز,34-30 جم,2,,1.75,3.5,كيس,جم
اوسكار سلطة تونة kg,"Tins, Jars & Packets",اوسكار,KG,1,,,,علبة,KG
بيبسى كولا 1لتر سفن,Soft Drinks & Juices,بيبسى,1لتر,1,,,,زجاجة,لتر
شيبسي صلصة حارة حلوة 1.000 3.00 ج,Chips & Crackers,شيبسي,,1,,3,3,كيس,
20.00 Large Water 1,Water,,,1,,20,20,زجاجة,
اكوافينا مياه طبيعيه 600 مل,Water,اكوافينا,600مل,1,,,,زجاجة,مل
SHAHEEN TURKISH COFFEE PLAIN 200G,"Tea, Coffee & Hot Drinks",SHAHEEN,200gm,1,,,,عبوة,gm
Pasta Snails - 400g,"Rice, Pasta & Pulses",,400g,1,,,,كيس,g
Cleaning Brush Magic Melamine Sponge-2pcs,Cleaning Supplies,,,2,,,,عبوة,
Jacker Cheese Potato Chips - 160gm,Chips & Crackers,Jacker,160gm,1,,,,كيس,gm
Lino Oat Biscuit Light With Cocoa 30g,Biscuits & Cakes,Lino,30g,1,,,,باكو,g
حلواني كوردن بلو 400 جرام 39.95 1 0.00 39.95,Poultry,حلواني,400جم,1,,39.95,39.95,عبوة,جم
Rio Mare Light Meat Tuna In Olive Oil 2 x 160g,"Tins, Jars & Packets",Rio Mare,160gm,2,,,,علبة,gm
دومتى جبنه 600ج,Dairy & Eggs,دومتى,600ج,1,,,,عبوة,ج
بيتى عصير 235مل,Soft Drinks & Juices,بيتى,235مل,1,,,,عبوة,مل
جبنة كريمة كيري مربعات - 16 قطعة,Dairy & Eggs,كيري,,16,,,,علبة,
Atyab Spicy Grilled Chicken - 500 Gram,Poultry,Atyab,500Gram,1,,,,عبوة,Gram
اوريو بسكويت شيكولاته,Biscuits & Cakes,اوريو,,1,,,,باكو,
اكوا فينا مياه 600 مل,Water,اكوا فينا,600مل,1,,,,زجاجة,مل
ilou 1000 island,"Sauces, Dressings & Condiments",ilou,,1,,,,عبوة,
مفروم فاخر 1ك,Beef & Processed Meat,,1ك,1,,,,عبوة,ك
Giard Tomato Ketchup Squeeze 320g,"Sauces, Dressings & Condiments",Giard,320g,1,,,,عبوة,g
Nahrain Supreme White Basmati Rice 500g,"Rice, Pasta & Pulses",Nahrain,500g,1,,,,كيس,g
موزه رستو,Beef & Processed Meat,,,1,,,,عبوة,
هوت اند كريسبي ألوميت فريتس 1 كجم,Vegetables & Fruits,هوت اند كريسبي,1كجم,1,,,,عبوة,كجم
مسطره بلاستيك 30 سم,Furniture,,30سم,1,,,,بلاستيك,سم
بيك رولز مقرمشات بجبن الناتشو - 36جم - عبوة من 30,Chips & Crackers,بيك رولز,36جم,30,,,,كيس,جم
حلوانى لانشون ساده,Beef & Processed Meat,حلوانى,,1,,,,عبوة,
ميرندا برتقال ليميتد ايديشن 400 مل,Soft Drinks & Juices,ميرندا,400مل,1,,,,عبوة,مل
1 ك الضحى ارز ,"Rice, Pasta & Pulses",الضحى,1ك,1,,,,كيس,ك
كوكاكولا 300 مل بلاستيك,Soft Drinks & Juices,كوكاكولا,300مل,1,,,,زجاجة,مل
Bonjorno coffee mix &#8211; 2*1,"Tea, Coffee & Hot Drinks",Bonjorno,,1,,,,عبوة,
vegeta french on,"Tins, Jars & Packets",vegeta,,1,,,,علبة,
بريد واي خبز سوبر رول,Bakery,بريد واي,,1,,,,كيس,
ElMarwa Egyptian Mixed Pickles 1kg,"Tins, Jars & Packets",ElMarwa ,1kg,1,,,,عبوة,kg
كيلو صدور مشوى,Poultry,,,1,,,,عبوة,
حليب كامل الدسم المراعى عرض,Dairy & Eggs,المراعى,,1,,,,علبة,
كيكو باي بسكوت بمرشملو شوكو1ق,Biscuits & Cakes,كيكو باي,,1,,,,باكو,
FRESH FARM SMOKED TURKEY BREAST 1K,Poultry,FRESH FARM,1K,1,,,,عبوة,K
حليب نيدو 25جم,Dairy & Eggs,نيدو,25جم,1,,,,عبوة,جم
Koki Crunchy Chicken Pane -  8 Count,Poultry,Koki,,8,,,,عبوة,
Al Doha Pasta penne 400g ,"Rice, Pasta & Pulses",Al Doha,400g,1,,,,كيس,g
لونج شيبسى خل وملح البحر7,Chips & Crackers,لونج شيبسى,,1,,7,7,كيس,
بن محوج اسبشيال 1/2,"Tea, Coffee & Hot Drinks",,1/2ك,1,,,,علبة,ك
زبادي  طبيعي دانون - 105جم* 7+5 قطع,Dairy & Eggs,دانون,105gm,12,,,,عبوة,gm
Large Milk Bread 1pkt,Bakery,,,1,,,,عبوة,
37.75 Breast Turkey Smoked Rich,Poultry,Rich,,1,,37.75,37.75,عبوة,
عاشوراء صغير هايبروان ,Bakery,هايبروان,,1,,,,كيس,
5.40 9.00 0.6 كوسه,Vegetables & Fruits,,40جم,1,,5.4,9,عبوة,جم
19.00 9.50 2 (1kg) Potatoes,Vegetables & Fruits,,,2,,9.5,19,كيس,
CHIPSY SALT 102 GM,Chips & Crackers,CHIPSY,102gm,1,,,,كيس,gm
MR.KRISPS CHEEZ BALLS 80G,Chips & Crackers,MR.KRISPS,80G,1,,,,كيس,G
فريش اوراك دجاج 1طبق كيلو,Poultry,فريش,,1,,,,عبوة,
Worm Jelly Candy – 90gm,"Chocolates, Sweets & Desserts",,90gm,1,,,,عبوة,gm
Nestle Pure Fizz Triple Berry Sparkling Water 360ml,Water,Nestle,360ml,1,,,,زجاجة,ml
ميني بان ساندوتش هايبروان - بالوزن,Bakery,هايبروان,,1,,,,كيس,
شويبس كانز,Soft Drinks & Juices,شويبس,,1,,,,كانز,
AlMarai Beef Sausage - 400gm,Beef & Processed Meat,AlMarai,400gm,1,,,,عبوة,gm
بقدونس 1,Vegetables & Fruits,,,1,,,,كيس,
LAGO PLAISIR LINGOTTI 110GM,Biscuits & Cakes,LAGO PLAISIR,110GM,1,,,,باكو,GM
جهينه كلاسيك بريميم عصير كوكتيل 235 مللي,Soft Drinks & Juices,جهينه,235مل,1,,,,عبوة,مل
مياه طبيعيه نستله1.5لتر,Water,نستله1.5لتر,1.5لتر,1,,,,زجاجة,لتر
الرشيدى الميزان طحينة بيضاء 145 جم,"Sauces, Dressings & Condiments",الرشيدى الميزان,145جم,1,,,,عبوة,جم
توفيكس فواكة,"Chocolates, Sweets & Desserts",توفيكس,,1,,,,عبوة,
ايلوو تكساس برجر صوص,"Sauces, Dressings & Condiments",ايلوو,,1,,,,عبوة,
بيبسى كانز,Soft Drinks & Juices,بيبسي,,1,,,,كانز,
500 غيار ويندكس زجاج رشاش,Cleaning Supplies,ويندكس,500مل,1,,,,زجاج,
بسكريم كوكيز ,Biscuits & Cakes,بسكريم,,1,,,,باكو,
تايجر جبنة متبلة 5 جنية ,Chips & Crackers,تايجر,,1,,,,كيس,
ويندكي ملمع زجاج برائحة التوت الجبلي 500 مل,Cleaning Supplies,ويندكس,500مل,1,,,,زجاج,مل
عصير نكتار كوكتيل من دومتي، 235 مل - 27 قطعة,Soft Drinks & Juices,دومتي,235مل,27,,,,,مل
Bebeto Sour Stick Cola 35g,"Chocolates, Sweets & Desserts",Bebeto,35g,1,,,,عبوة,g
وى ملمع زجاج غيار رائحه ياسمين 500 مل ,Cleaning Supplies,وي,500مل,1,,,,زجاج,مل
Fresh Farm Smoked Turkey Lobes with Thyme 250g Approx. Weight,Poultry,Fresh Farm,250g,1,,,,عبوة,g
شنطه بلاستيك فينوس وسط ,Furniture,فينوس,,1,وسط,,,بلاستيك,وسط
Schweppes Tonic Water Pet 1L ,Soft Drinks & Juices,Schweppes,1L,1,,,,عبوة,L
زيت ذرة كريستال 1.60لتر,Cooking Ingredients,كريستال,1.60لتر,1,,,,عبوة,لتر
Faragello Smoked Turkey Slices 150g,Poultry,Faragello,150g,1,,,,عبوة,g
DETTOL CLEANER ROSE 500M POFF,Cleaning Supplies,DETTOL,500M,1,,,,عبوة,M
حلوانى صدجور رومى مدخنه ,Poultry,حلوانى,,1,,,,عبوة,
مجموعه علبتي طحينه وعسل اسود 450 -335 جم,"Condiments, Dressings & Marinades",,450-335جم,1,,,,علبتي,جم
California Garden Canned Peeled Fava Beans Egyptian Recipe 450g,"Tins, Jars & Packets",California Garden,450g,1,,,,علبة,g
جاردينو صلصه طماطم (صفيح) 380 جم,"Tins, Jars & Packets",جاردينو,380جم,1,,,,عبوة,جم
Classic Pretzel Ketchup80/85gm ,Chips & Crackers,Classic,80-85gm,1,,,,كيس,gm
برجر بقري ميتلاند - 10 قطع,Beef & Processed Meat,ميتلاند,,10,,,,عبوة,
علبة وسط,Furniture,,,1,وسط,,,علبة,وسط
زي جو شيبس بالجبنة 55-65 جم,Chips & Crackers,زي جو,55-65جم,1,,,,كيس,جم
المروة مخلل ليمون مصري 1 كجم,"Tins, Jars & Packets",المروة ,1كجم,1,,,,عبوة,كجم
شويبس يوسفى 250 مل زجاج,Soft Drinks & Juices,شويبس,250مل,1,,,,زجاج,مل
Al-Ameed Lebanese Mix Coffee With Cardamom - 200gram,"Tea, Coffee & Hot Drinks",Al-Ameed,200g,1,,,,عبوة,g
ميل فاي اولكر بالمربي - 24 جم,Biscuits & Cakes,اولكر,24جم,1,,,,عبوة,جم
بسكويت محشو بالتمر من لوكس، 6 قطع *6,Biscuits & Cakes,لوكس,,12,,,,عبوة,
جهينة عصير برتقال 1لتر,Soft Drinks & Juices,جهينة,1لتر,1,,,,زجاجة,لتر
توست كرسبى,Bakery,,,1,,,,كيس,
regina penne pas ,"Rice, Pasta & Pulses",regina,,1,,,,كيس,
فانتا برتقال كانز,Soft Drinks & Juices,فانتا,,1,,,,كانز,
Imtenan Gunpowder Green Tea 100 gm,"Tea, Coffee & Hot Drinks",Imtenan,100جم,1,,,,علبة,جم
بسكويت اوريو 3ق,Biscuits & Cakes,اوريو,,3,,,,باكو,
فيرن زبده 1 ك+علبة ,Cooking Ingredients,فيرن,1ك,1,,,,علبة,ك
تفاح احمر بولندي ١ كجم تقريبا,Vegetables & Fruits,,1كجم,1,,,,,كجم
Roshen Lacmi Milk Chocolate - 90 Gram,"Chocolates, Sweets & Desserts",Roshen,90gm,1,,,,عبوة,gm
سفن اب فرى 0.97 لتر,Soft Drinks & Juices,سفن اب,0.97لتر,1,,,,زجاجة,لتر
طماطم شيري - 500 جرام,Vegetables & Fruits,,500جرام,1,,,,عبوة,جرام
أحمد تي شاي اخضر 250 جم,"Tea, Coffee & Hot Drinks",أحمد تي,250جم,1,,,,عبوة,جم
المراعى زبادى طبيعى,Dairy & Eggs,المراعى,,1,,,,عبوة,
Domty Istanbouli Plus Sandwich,Bakery,Domty,,1,,,,باكو,
سحلب حراز بالمكسرات - 250 جرام,"Tea, Coffee & Hot Drinks",حراز,250جم,1,,,,عبوة,جم
9.00 4.50 2 مولتو ماجنم تشيز كيك فراولة 1ق,Bakery,مولتو,,2,,4.5,9,كيس,
برتقال بلدى عصير 1 كجم,Soft Drinks & Juices,,1كجم,1,,,,عبوة,كجم
بيور 1لتر اناناس ,Soft Drinks & Juices,بيور,1لتر,1,,,,زجاجة,لتر
كوكو لافرز كوكيز شيكولاتة,Biscuits & Cakes,كوكو لافرز,,1,,,,باكو,
مياه نستلة فوارة بالليمون - 0.36 لتر,Water,نستلة,0.36لتر,1,,,,زجاجة,لتر
Rich BakeToast Milk500g ,Bakery,Rich Bake,500g,1,,,,كيس,g
تونه مفتته صن شاين 185جم,"Tins, Jars & Packets",صن شاين,185جم,1,,,,علبة,جم
منعم الأقمشة حديقة الأحلام - 2 لتر,Cleaning Supplies,,2لتر,1,,,,زجاجة,لتر
هيرمان كاتشب بارد340جم,"Sauces, Dressings & Condiments",هيرمان,340جم,1,,,,عبوة,جم
ايطاليانو مكرونه ,"Rice, Pasta & Pulses",ايطاليانو,,1,,,,كيس,
فيروز تفاح 350 مل كانز,Soft Drinks & Juices,فيروز,350مل,1,,,,كانز,مل
كندوز,Beef & Processed Meat,,,1,,,,عبوة,
صافي مياه 660مللي,Water,صافي,660مللي,1,,,,زجاجة,مللي
مياه فوارة نستله بيور فيز بالليمون - 0.36 لتر - عبوة من 12,Water,نستله,0.36لتر,12,,,,عبوة,لتر
"Danone Activia Light Yogurt, 120 Gm",Dairy & Eggs,Danone,120gm,1,,,,عبوة,gm
لافيدا كاتشب بارد 430جم,"Sauces, Dressings & Condiments",لافيدا,430جم,1,,,,عبوة,جم
Top Value Sunflower Oil - 1L,Cooking Ingredients,Top Value,1L,1,,,,زجاجة,L
لوكس سوبر بسكويت ساده 50 جرام علبه 12 باكو,Biscuits & Cakes,لوكس,50جرام,12,,,,علبه,جرام
Egyptian Cheese Cooked Meat Salad Approximately 300g,Bakery,Egyptian,300g,1,,,,باكو,g
كاليفورنيا فول مدمس مصفى سهل الفتح 450جم,"Tins, Jars & Packets",كاليفورنيا,450جم,1,,,,عبوة,جم
Tai Hua Naturally Brewed Dark Soy Sauce - 640ml,"Sauces, Dressings & Condiments",Tai Hua,640ml,1,,,,عبوة,ml
شيبس بطعم البسطرمة المدخنة ,Chips & Crackers,شيبس,,1,,,,كيس,
بريتزل جبنة وزن 45.00 0.33 14.85,Chips & Crackers,,0.33جم,1,,14.85,45,كيس,جم
Queen Small Ring Pasta - 350 grams,"Rice, Pasta & Pulses",Queen,350 grams,1,,,,كيس,grams
جراندوز كوفي جولد 50جم,"Tea, Coffee & Hot Drinks",جراندوز,50جم,1,,,,علبة,جم
Azima Yellow Lentils 500g,"Rice, Pasta & Pulses",Azima,500g,1,,,,كيس,g
مكرونه خواتم 350جرام,"Rice, Pasta & Pulses",,,1,,,,كيس,
Sauce Caesar 2,"Sauces, Dressings & Condiments",,,2,,,,عبوة,
بيبسى كانز,Soft Drinks & Juices,بيبسي,,1,,,,كانز,
خوخ طعميه,Vegetables & Fruits,,,1,,,,عبوة,
زجاجه برود ,Furniture,,,1,,,,زجاجه,
الملكه شعريه 400 ج,"Rice, Pasta & Pulses",الملكه,400ج,1,,,,كيس,ج
دايت بيبسى كانز,Soft Drinks & Juices,بيبسي,,1,,,,كانز,
Fresh Chicken Breast Boneless 500g,Poultry,,500g,1,,,,عبوة,g
أطياب لانشون دجاج - 250 جرام,Beef & Processed Meat,أطياب,250جرام,1,,,,عبوة,جرام
دبل دير مشروب غازى بطعم التروبيكال 275مل,Soft Drinks & Juices,دبل دير,275مل,1,,,,عبوة,مل
حلوانى لحم رومى جاهز مدخن الوزن,Poultry,حلوانى,,1,,,,عبوة,
مياه صغيره /عدد,Water,,,1,,,,زجاجة,
بيك رولز حلو حار3 ج,Chips & Crackers,بيك رولز,,1,,3,3,كيس,
11.41 Sauce EX.Caramel 1,"Sauces, Dressings & Condiments",,,1,,11.41,11.41,عبوة,
بيبسى كانز 355 مم,Soft Drinks & Juices,بيبسي,355مم,1,,,,كانز,مم
لافاش جبنة مثلثات 16 قطعة,Dairy & Eggs,لافاش,,16,,,,علبة,
تمرى شيش طاووك 1000 جم,Poultry,تمرى,1000جم,1,,,,عبوة,جم
لوتس بسكويت بالفانيليا 150 جرام ,Biscuits & Cakes,لوتس,150جرام,1,,,,باكو,جرام
شطة ابو علي - 100 جم,Cooking Ingredients,ابو علي,100جم,1,,,,عبوة,جم
قرفة عيدان ملفوفة الخطيب ,Cooking Ingredients,الخطيب,,1,,,,عبوة,
سناك ريالتو طعم الكريمة الحامضة والبصل,Chips & Crackers,ريالتو,,1,,,,كيس,
شيفي ميكس مرقه لحم 150جم,Cooking Ingredients,شيفي ميكس,150جم,1,,,,عبوة,جم
اليمنى بن محومج فاتح 100جم,"Tea, Coffee & Hot Drinks",اليمنى,100جم,1,,,,عبوة,جم
polishing brush soft 1 pc,Cleaning Supplies,,,1,,,,عبوة,
دان جوس عصير ليمون ونعناع 1 لتر,Soft Drinks & Juices,دان جوس,1لتر,1,,,,,لتر
ثوم بودرة من باب الشام 50 جم,Cooking Ingredients,باب الشام,50جم,1,,,,عبوة,جم
الرحاب خميره 10جم,"Tins, Jars & Packets",,10جم,1,,,,علبة,جم
Viva Apple Nectar Juice 1Litre,Soft Drinks & Juices,Viva,1Liter,1,,,,عبوة,Liter
SHAHD CHICKEN FILET SPICY 800 G,Poultry,SHAHD,800G,1,,,,عبوة,G
ستار مكرونه اسباجيتى 400ج,"Rice, Pasta & Pulses",ستار,400ج,1,,,,كيس,ج
هاينز خل طبيعى 1لتر *2ق شرنك,"Sauces, Dressings & Condiments",هاينز,1لتر,2,,,,عبوة,لتر
الملكه مكرونة خواتم مشرشر، 1 كيلو,"Rice, Pasta & Pulses",الملكه,1كيلو,1,,,,كيس,كيلو
فوطه زجاج ,Cleaning Supplies,,,1,,,,زجاج,
ابو الليل تفاح احمر-اصفر-ايطالي وزن,Vegetables & Fruits,ابو الليل,,1,,,,عبوة,
Telal Green Olive Pitted - 720 Gram,"Tins, Jars & Packets",Telal ,720Gram,1,,,,عبوة,Gram
الندى جبنة بيضاء حارة 450 جم,Dairy & Eggs,الندى,450جم,1,,,,عبوة,جم
ورق لورى 100 جم,Cooking Ingredients,,100جم,1,,,,عبوة,جم
لانشون بقري بالفلفل الأسود من حلواني,Beef & Processed Meat,حلواني,,1,,,,عبوة,
11.25 1Kg Rings Big Pasta Elmaleka,"Rice, Pasta & Pulses",Elmaleka,,1,,,,كيس,
جهينة عصير كلاسيك لتر - علبه,Soft Drinks & Juices,جهينه,1لتر,1,,,,علبه,لتر
أرز مصري توب فاليو - 10ك,"Rice, Pasta & Pulses",توب فاليو,10ك,1,,,,كيس,ك
كريمه طبخ جران كوسينا,Dairy & Eggs,جران كوسينا,,1,,,,عبوة,
زبادى جهينه طبيعى ,Dairy & Eggs,جهينه,,1,,,,عبوة,
دلما شاي قوي سيلاني فاخر 200 جم,"Tea, Coffee & Hot Drinks",دلما,200جم,1,,,,عبوة,جم
Indian Basmati Rice - 1 kg,"Rice, Pasta & Pulses",,1kg,1,,,,كيس,kg
العروسه شاى 250ج,"Tea, Coffee & Hot Drinks",العروسه,250جم,1,,,,عبوة,جم
بربيكان شراب شعير بالاناناس زجاج 330 مل,Soft Drinks & Juices,بربيكان,330مل,1,,,,كان,مل
فارم فريتس بطاطس ستيك هاوس 750 جم,Vegetables & Fruits,فارم فريتس,750جم,1,,,,عبوة,جم
WHITE CASTLE CHOCO CHIP 400GM,Biscuits & Cakes,WHITE CASTLE,400gm,1,,,,عبوة,gm
اوريو بسكويت الكاكاو بكريمه,Biscuits & Cakes,اوريو,,1,,,,باكو,
TIGER EXTRA NACHO CHEESE 65G,Chips & Crackers,TIGER,65G,1,,,,كيس,G
فريماز سناكس بالجبنه والبصل 30 جم,Chips & Crackers,فريماز,30جم,1,,,,أكياس,جم
ابتجال خل طبيعي 925مل,"Sauces, Dressings & Condiments",ابتجال,925مل,1,,,,عبوة,مل
فلفيتا بخاخ مزيل البقع - 700 مل,Cleaning Supplies,فلفيتا,700مل,1,,,,عبوة,مل
+مج زجاج بالغطاء |-8238,Furniture,,,1,,,,زجاج,
اريال يدوى 1 كيلو جرام,Cleaning Supplies,اريال,1كيلو جرام,1,,,,,جرام
الملكة مكرونة شعرية 400جم,"Rice, Pasta & Pulses",الملكة,400جم,1,,,,كيس,جم
بلوماتس سردين فى زيت ليمون 160جم,"Tins, Jars & Packets",بلوماتس,160جم,1,,,,علبة,جم
Rana Apple Vinager 474 Ml ,"Sauces, Dressings & Condiments",Rana,474ml,1,,,,عبوة,ml
سبرايت 950مل بلاستيك ,Soft Drinks & Juices,سبرايت,950مل,1,,,,زجاجة,مل
خلطة شيش طواووك,Cooking Ingredients,,,1,,,,عبوة,
هاريبو تركيا جيلى ورمس,"Chocolates, Sweets & Desserts",هاريبو,,1,,,,عبوة,
كاتشب من ماك، 285 جرام,"Sauces, Dressings & Condiments",ماك,285جرام,1,,,,عبوة,جرام
ستار مكرونه اسباجتي,"Rice, Pasta & Pulses",ستار,,1,,,,كيس,
Apple Vinegar - 250 ML.,"Sauces, Dressings & Condiments",,250ml,1,,,,عبوة,ml
غندور بسكويت ويفر بالفانيليا 5 قطع,Biscuits & Cakes,غندور,,5,,,,باكو,
اوريو بسكويت الكاكاو بكريمه \ 57GM,Biscuits & Cakes,اوريو,57GM,1,,,,باكو,GM
Balsamic Vinegar – 250ml,"Sauces, Dressings & Condiments",,250ml,1,,,,عبوة,ml
بيبسى كانز 330 مللى,Soft Drinks & Juices,بيبسي,330مللى,1,,,,كانز,مللى
كوكا زجاجة 300 م,Soft Drinks & Juices,كوكا,300م,1,,,,زجاجة,م
قراقيش بالعجوه \ملبن,Bakery,,,1,,,,كيس,
FREYMAS SNACK BARBECUE FLAVOUR ,Chips & Crackers,FREYMAS,,1,,,,كيس,
عصير بيتى جوافه235,Soft Drinks & Juices,بيتى,235مل,1,,,,عبوة,مل
باكيت بقسماط حبه,Bakery,,,1,,,,باكو,
امريكانا بسلة سادة 400 جم,Vegetables & Fruits,امريكانا,400جم,1,,,,عبوة,جم
سبرايت حجم وسط ,Soft Drinks & Juices,سبرايت,,1,,,,زجاجة,
جولد كابتشينو سريع التحضير غير محلاة من نسكافيه – 18.5 جرام,"Tea, Coffee & Hot Drinks",نسكافيه,18.5جرام,1,,,,علبة,جرام
مكفيتز بسكويت 8ق *12,Biscuits & Cakes,مكفيتز,,8,,,,باكو,
زجاجه كحول بخاخ,"Personal care, skin & body care",,,1,,,,زجاجه,
حلوانى روست رومى وزن,Poultry,حلوانى,,1,,,,عبوة,
علبه 2 قطعه شوكوبون,"Personal care, skin & body care",,,2,,,,علبه,قطعه
درة كاتشب اسطوانة حار 300جم,"Sauces, Dressings & Condiments",درة,300جم,1,,,,عبوة,جم
شيبسى سوبر الملك ملح ٤٤ 00,Chips & Crackers,شيبسى,0.44ج,1,,,,كيس,ج
Givrex Frozen Peas And Carrots - 400 Gram ,Vegetables & Fruits,Givrex,400gm,1,,,,كيس,gm
امتنان ينسون 16فتله,"Tea, Coffee & Hot Drinks",امتنان,,16,,,,عبوة,
اوريو بسكويت بالحليب 6 قطع 66 جم,Biscuits & Cakes,اوريو,66جم,6,,,,باكو,جم
METCO Alexandrian liver 400 gm ,Beef & Processed Meat,METCO,400gm,1,,,,عبوة,gm
وادى فوود صدور فراخ مجمده 950جم,Poultry,وادى فوود,950جم,1,,,,عبوة,جم
بيضة كبيرة - للأولاد - عبوة من 6 قطع,"Chocolates, Sweets & Desserts",,,6,,,,عبوة,
بسكويت القمح مكفيتيز دايجستف بشوكولاتة الحليب - 200 جم,Biscuits & Cakes,مكفيتيز دايجستف,200جم,1,,,,عبوة,جم
لايمز جاردن ماء ورد 300م,Cooking Ingredients,لايمز جاردن,300جم,1,,,,عبوة,جم
بيبسى الهضبه زجاج 350 مللى ,Soft Drinks & Juices,بيبسي,350مللى,1,,,,زجاج,مللى
نسكافيه 3*1 بندق 18جم  24 ق مج,"Tea, Coffee & Hot Drinks",نسكافيه,18جم,24,,,,علبة,جم
علب بيتزا مستورده 30 سم,Bakery,,30سم,1,,,,علب,سم
French Dressing - 237ml,"Sauces, Dressings & Condiments",,237ml,1,,,,عبوة,ml
live green Pretzels Ketchup Fl ,Chips & Crackers,live green,,1,,,,كيس,
"Domty Fino Bread, 5 Pieces",Bakery,Domty,,5,,,,باكو,
قطعه ايس كريم سنكرز,"Chocolates, Sweets & Desserts",سنكرز,,1,,,,,
Tiger Family Seasoned Cheese Chips 51-55g,Chips & Crackers,Tiger,51-55g,1,,,,كيس,g
لولو بيض بني طازج كبير 30 قطعة,Dairy & Eggs,لولو,,1,,,,,قطعة
لبنيتا حليب كامل 16.00 4 64.00,Dairy & Eggs,لبنيتا,,4,,16,64,علبة,
ميتكو فرانكفورتر 25قطعه 1 كجم,Beef & Processed Meat,ميتكو,1كجم,25,,,,عبوة,كجم
Nestle Pure Life Immunity Water - 500ml x12,Water,Nestle,500ML,12,,,,زجاجة,ML
Taste Roasted Turkey Strips with Paprika,Poultry,Taste,,1,,,,عبوة,
بان كبير رانش ,Bakery,,,1,,,,كيس,
كبد دجاج من وطنية - 1 كجم,Poultry,وطنية,,1,,,,عبوة,
فن داي بوبو بو ستيكس مع شوكولاتة بيضاء 23 جم,Biscuits & Cakes,فن داي,23جم,1,,,,باكو,جم
جهينه لبن 1.5 ل ,Dairy & Eggs,جهينه,1.5لتر,1,,,,عبوة,لتر
هاينز هوت صوص 165 جم,"Sauces, Dressings & Condiments",هاينز,165جم,1,,,,عبوة,جم
Kiri Cream Cheese Spread 200g,Dairy & Eggs,Kiri,200G,1,,,,عبوة,G
صلصه هاينز,"Tins, Jars & Packets",هاينز,,1,,,,علبة,
قرص مينى حمص سمسم ,Bakery,,,1,,,,كيس,
بانيه دجاج وزن 106.95 1.11 118.71,Poultry,,1.11,1,,106.95,118.71,عبوة,
Sahlab Powder 250g Approx. Weight,"Tea, Coffee & Hot Drinks",,250gm,1,,,,عبوة,gm
Sauce Caesar 2,"Sauces, Dressings & Condiments",,,2,,,,عبوة,
بسمة بروكلى 400 جم,Vegetables & Fruits,بسمة,400جم,1,,,,عبوة,جم
مياه دساني 1.5,Water,دساني,1.5لتر,1,,,,زجاجة,لتر
خلطة الكفتة كنور - 35 جم,Cooking Ingredients,كنور,35جم,1,,,,عبوة,جم
دانون مشروب ماكس خوخ 220ج,Soft Drinks & Juices,دانون,220ج,1,,,,زجاجة,ج
Choice Flax Seed oil 500g ,Cooking Ingredients,Choice,500g,1,,,,عبوة,g
برجر لحم من ثري شيف،1 كجم,Beef & Processed Meat,ثري شيف،,1كجم,1,,,,عبوة,كجم
Cheetos Spicy Tomato Popcorn 72g,Chips & Crackers,Cheetos,72g,1,,,,كيس,g
ريتش بيك توست بالردة 27.00 1 00,Bakery,ربتش بيك,,1,,27,27,كيس,
مكفتيز قمح مينى ,Biscuits & Cakes,مكفتيز,,1,,,,باكو,
علبه باذنجان مخلل كبير,"Tins, Jars & Packets",,,1,كبير,,,علبه,كبير
Nido Milk Powder Forti Grow 25g,Dairy & Eggs,Nido,25g,1,,,,عبوة,g
حلوانى لحم بقرى جاهز وزن,Beef & Processed Meat,حلوانى,,1,,,,عبوة,
باندا جبنه فيتا لايت 500جم ,Dairy & Eggs,باندا,500جم,1,,,,عبوة,جم
فلفل شطه عطاره 15كيلو,Cooking Ingredients,,1.5كجم,1,,,,عبوة,كجم
بيبسى كولا 1لتر,Soft Drinks & Juices,بيبسى,1لتر,1,,,,زجاجة,لتر
شيفي ميكس كاتشب طماطم ٤٠ 17.75 1 17.75,"Sauces, Dressings & Condiments",شيفي ميكس,40ج,1,,17.75,17.75,عبوة,ج
عبور لاند لبن الدسم 1 لتر 20.95 1 14.95,Dairy & Eggs,عبور لاند,1لتر,1,,14.95,20.95,علبة,لتر
مياه معدنية x 2,Water,,,2,,,,زجاجة,
أورينتال سوبر رينج بالجبنة 60جم,Chips & Crackers,أورينتال,60جم,1,,,,كيس,جم
فيبا بلس سائل تنظيف الأطباق مضاد للبكتيريا - 520 جم,Cleaning Supplies,فيبا,520جم,1,,,,عبوة,جم
بيبيتو مارشميلو قوس قزح تويست 135 جم,"Chocolates, Sweets & Desserts",بيبيتو,135جم,1,,,,عبوة,جم
Misr Cafe Mehawega Coffee 10 x 25g,"Tea, Coffee & Hot Drinks",Misr Cafe,25g,10,,,,عبوة,g
نسله مياه معدنيه1.5لتر,Water,نسله,1.5لتر,1,,,,زجاجة,لتر
لانشون لحم بقرى بالزيتون ,Beef & Processed Meat,,,1,,,,عبوة,
Pizza Slice Mat - 1.75m X 1.45m,Bakery,,,1,,,,كيس,
نستله مياه بيور لايف 1.5 لتر,Water,نستله,1.5لتر,1,,,,زجاجة,لتر
ماجي خلطه شاورما دجاج 40جم,Cooking Ingredients,ماجي,40جم,1,,,,عبوة,جم
بسمة قرنبيط 400 جم,Vegetables & Fruits,بسمة,400جم,1,,,,عبوة,جم
قهوة اسبريسو مطحونة  - 250 جم,"Tea, Coffee & Hot Drinks",,250جم,1,,,,عبوة,جم
توب شيف عجينه كريب,Bakery,توب شيف,,1,,,,كيس,
"Milk Powder Full Cream , Bag 300 Gm",Dairy & Eggs,,300gm,1,,,,عبوة,gm
Elite Chocolate Wafer - 12 Pieces,Biscuits & Cakes,Elite,,12,,,,باكو,
روستو حبش أطياب رومي 150.00 0.155 23.25,Poultry,روستو,0.155,1,,23.25,150,عبوة,
Abu Aouf Maamul Baku Chocolate ,"Chocolates, Sweets & Desserts",Abu Aouf,,1,,,,عبوة,
خص بلدى,Vegetables & Fruits,,,1,,,,كيس,
دومتى خبز فينو سادهخ 5قطع,Bakery,دومتى,,5,,,,كيس,
ام &امز سودانى,"Chocolates, Sweets & Desserts",ام &امز,,1,,,,عبوة,
جبنة جودة فريكو,Dairy & Eggs,فريكو,,1,,,,عبوة,
هاينز ١٩٠ جم شيلى صوص 16.00 1 16.00,"Sauces, Dressings & Condiments",هاينز,,1,,16,16,عبوة,
فتنس توستيز زيتون جم36 Quantity ,Chips & Crackers,فتنس,36جم,1,,2,2,كيس,جم
المطبخ ارز مصرى 5كيلو,"Rice, Pasta & Pulses",المطبخ,5كيلو,1,,,,كيس,كيلو
Atyab Chicken Wings - 700 gram,Poultry,Atyab,700gram,1,,,,عبوة,gram
21.00 500 gm Regular Toast Bake Rich,Bakery,Rich bake,500gm,1,,21,21,,gm
احمد اكياس الشاي الاخضر ١٠٠ حبه,"Tea, Coffee & Hot Drinks",احمد,,100,,,,عبوة,
برنجلز بطاطس شيبسى ,Chips & Crackers,برنجلز,,1,,,,كيس,
"Aqua Delta Natural Water, 600 ml - Set of 12",Water,Aqua Delta,600ml,12,,,,زجاجة,ml
رقائق بطاطس كرانشى بالطماطم ,Chips & Crackers,كرانشى,,1,,,,كيس,
سبرايت كانز,Soft Drinks & Juices,سبرايت,,1,,,,كانز,
ريجينا مكرونه انواع 400 جم لسان عصفور,"Rice, Pasta & Pulses",ريجينا,400جم,1,,,,كيس,جم
بلاستيك كامل الدسم ,Dairy & Eggs,,,1,,,,بلاستيك,
Pearl Water 450ml,Water,Pearl,450ml,1,,,,زجاجة,ml
سبرايت,Soft Drinks & Juices,سبرايت,,1,,,,زجاجة,
حبوب افطار نسكويك مع علبه غذغء,Breakfast Cereals & Bars,نسكويك,,1,,,,علبه,
بيبسى كانز دايت 330 مل,Soft Drinks & Juices,بيبسي,330مل,1,,,,كانز,مل
Bake Stix Cheese Crackers - 40 gram - 30 Pieces,Chips & Crackers,Bake Stix,40 gram,30,,,,كيس,gram
Rose Water - 250 Ml,Water,,250Ml,1,,,,زجاجة,Ml
برقوق احمر مستورد الوزن,Vegetables & Fruits,,,1,,,,كيس,
دسانى جالون 18.90 لتر,Water,دسانى,18.9لتر,1,,,,زجاجة,لتر
شورتى بسكوت بسكاتو 3.95 1 3.95,Biscuits & Cakes,بسكاتو,,1,,3.95,3.95,باكو,
Pineapple Mat - 2.16m x 1.24m,Vegetables & Fruits,,,1,,,,كيس,
زبادو طبيعى 105جم,Dairy & Eggs,,105gm,1,,,,عبوة,gm
ميرندا كانز,Soft Drinks & Juices,ميرندا,,1,,,,زجاجة,
روتس شاي 50ق,"Tea, Coffee & Hot Drinks",روتس,,50,,,,علبة,
مكفتيز بسكريم كوكيز 30جم,Biscuits & Cakes,مكفتيز بسكريم,30جم,1,,,,باكو,جم
هاداى صويا صوص غامق 150مل,"Sauces, Dressings & Condiments",هاداى,150مل,1,,,,عبوة,مل
بامية صن شاين، فاخرة - 400 جم,Vegetables & Fruits,صن شاين,400جم,1,,,,عبوة,جم
سي كمارا بسكويت بالكاكاو محشو مارشملو,Biscuits & Cakes,سي كمارا,,1,,,,باكو,
Vent Blueberry Chewing Gum 8 tablets - Pack of 12 Pcs,"Chocolates, Sweets & Desserts",Vent,,12,,,,عبوة,
توابل شرقية بانية 68.00 0.510 34.68,Cooking Ingredients,,0.51,1,,34.68,68,عبوة,
جبنه جوده,Dairy & Eggs,,,1,,,,عبوة,
ايلوو مايونيز كلاسيك، 500 جرام,"Sauces, Dressings & Condiments",ايلوو,500جم,1,,,,عبوة,جم
زجاجه مياه نسله كبيره,Water,نسله,,1,,,,زجاجة,
مياه ٥.٠٠ ٤.٣٩ ٢١.٩٥,Water,,,5,,4.39,21.95,زجاجة,
لاكتيل زبادى طبيعى 105جم 5+!,Dairy & Eggs,لاكتيل,105gm,6,,,,عبوة,gm
جهينه مشروب كلاسى,Soft Drinks & Juices,جهينه,,1,,,,زجاجة,
هش طعم ضد النمل - 3 قطع,Cleaning Supplies,,,3,,,,زجاجة,
A.M.R Peeled Tomatoes - 400 Gram,Vegetables & Fruits,A.M.R,400gm,1,,,,كيس,gm
قوت القلوب سمن كجم ,Cooking Ingredients,قوت القلوب,,1,,,,عبوة,
10.00 WATER,Water,,,1,,10,10,زجاجة,
عيش بلدي 4 ق,Bakery,,,4,,,,كيس,
هارفست صلصة طماطم - 3كجم,"Tins, Jars & Packets",هارفست,3كجم,1,,,,عبوة,كجم
علبه شمعدان الشبح ,Furniture,شمعدان,,1,,,,علبه,
ويفر لواكر تورتينا بكريمة شوكولاتة البندق - 21 جم,Biscuits & Cakes,لواكر,21جم,1,,,,باكو,جم
بيبسى \ايت 330 مل كانز,Soft Drinks & Juices,بيبسي,330مل,1,,,,كانز,مل
Ferrero Collection T24 ,"Chocolates, Sweets & Desserts",Ferrero,,24,,,,عبوة,
spark 1 ing water,Water,,,1,,,,زجاجة,
Juhayna Zabado Wild Berries Yogurt 220g,Dairy & Eggs,Juhayna,220g,1,,,,عبوة,g
"Rich Bake Lebanese Bread, 200g",Bakery,Rich Bake,200g,1,,,,كيس,g
Nestle Pure Life Natural Water - 330 ml,Water,Nestle,330ml,1,,,,زجاجة,ml
شهد دجاج فيليه حار، 800 جرام,Poultry,شهد,800جرام,1,,,,عبوة,جرام
شويبس رمان 1لتر,Soft Drinks & Juices,شويبس,1لتر,1,,,,زجاجة,لتر
كرتون 1.5 لتر *12 زجاجه,Furniture,,1.5لتر ,12,,,,زجاجه,لتر 
ريتر سبورت شوكولاتة بالفراولة - 100 جم,"Chocolates, Sweets & Desserts",ريتر سبورت,100جم,1,,,,عبوة,جم
Royal Mint Herbal Tea - 20 Count,"Tea, Coffee & Hot Drinks",Royal,,20,,,,علبة,
MR.KRISPS RINGS SNACKS JALAPENO80G,Chips & Crackers,MR.KRISPS,80G,1,,,,كيس,G
لاكتيل حليب خالى الدسم 1 لتر 6 ق,Dairy & Eggs,لاكتيل,1لتر,1,,,,,ق
رو بطاطس جبنه شيدر وكرات 45,Chips & Crackers,رو,45جم,1,,,,كيس,جم
قتيليو جبن فيتا ,Dairy & Eggs,قتيليو,,1,,,,عبوة,
المراعي مشروب زبادي فراولة 220مل Quantity,Dairy & Eggs,المراعي,220مل,1,,,,عبوة,مل
كونو بطعم الجبنة الحريفة 85.75جم,Chips & Crackers,كونو,85.75جم,1,,,,كيس,جم
مزارع دينا حليب بالبلح,Dairy & Eggs,مزارع دينا,,1,,,,عبوة,
Diatosta Toastgrill Wheat Biscuits Packet - 225 grams,Bakery,Diatosta,225G,1,,,,عبوة,G
طبق غسيل بلاستيك طباعه مقاس 40 سم ,Furniture,,40سم,1,,,,بلاستيك,سم
ماى تونه سكيب جاك قطع س,"Tins, Jars & Packets",ماى تونه,,1,,,,علبة,
مسحوق اتوماتيك 9ك ,Cleaning Supplies,,9ك,1,,,,عبوة,ك
خبز لينانى ريتش بيك,Bakery,ريتش بيك,,1,,,,كيس,
Bisco Misr Super Luxe Biscuit 8pcs,Biscuits & Cakes,Bisco Misr,,8,,,,باكو,
Irish Mild White Cheddar 250g,Dairy & Eggs,,250gm,1,,,,عبوة,gm
كندوز حواوشى قطعه,Beef & Processed Meat,,,1,,,,عبوة,
المراعي زبادي لايت 170جم,Dairy & Eggs,المراعي,170جرام,1,,,,عبوة,جرام
باكيت ك,Bakery,,,1,,,,باكو,
ريتش بيك بقسماط مطحون 450 1 13.50 13.50,Bakery,ربتش بيك,450ج,1,,13.5,13.5,كيس,ج
علبه نسكافيه 3 *1 كراميل,Tea and Coffee,نسكافيه,,1,,,,علبه,
شيبسى بالطماطم 128-132جم,Chips & Crackers,شيبسى,128-132جم,1,,,,كيس,جم
بن نجار قهوه برازيليان وسط محوج 250 جرام علب,"Tea, Coffee & Hot Drinks",نجار,250جم,1,,,,عبوة,جم
بانيه فريش بالوزن 96.00 1.492 143.23,Poultry,,1.492,1,,96,143.23,عبوة,
كرواسون ساده كبير,Bakery,,,1,,,,كيس,
Nescafe Arabiana Cardamom 20 x 3g,"Tea, Coffee & Hot Drinks",Nescafe,,20,,,,علبة,
امريكانا توست 35 ج,Bakery,امريكانا,35ج,1,,,,,
كوكى هوت دوج 30 ق + كفته حاتى 400 جم خصم 25%,Beef & Processed Meat,كوكى,400جم,30,,,,عبوة,جم
علبه بسكويت البيلا 12 قطعه,Biscuits & Cakes,البيلا,,12,,,,عبوة,
ابو عوف بهارات كبسة وزن 74.95 0.142 10.64,Cooking Ingredients,ابو عوف,0.142,1,,10.64,74.95,عبوة,
كرانشى 5ج,Chips & Crackers,كرانشى,,1,,5,5,كيس,
MR.KRISPS SNACKS RINGS 65G,Chips & Crackers,MR.KRISPS,65G,1,,,,كيس,G
ميكسى مقرمشات عائلي بطعم جبنة 200 جم,Chips & Crackers,ميكسى,200جم,1,,,,أكياس,جم
Egyptian Pasta 1kg Approx. Weight,"Rice, Pasta & Pulses",,1kg,1,,,,كيس,kg
ليندت اكسيلانس شوكولاتة بالحليب 35 جم,"Chocolates, Sweets & Desserts",ليندت,35جم,1,,,,عبوة,جم
بقسماط مطحون برانش - 250جم,Bakery,برانش,250جم,1,,,,كيس,جم
كاتشب هاينز بارد 10جم ظرف,"Sauces, Dressings & Condiments",هاينز,10جم,1,,,,عبوة,جم
مشروب سوسي توت,Soft Drinks & Juices,سوسي,,1,,,,زجاجة,
Durra Cold Ketchup Drais 900g+230Hot ,"Sauces, Dressings & Condiments",Durra,900g+230g,1,,,,عبوة,gg
هاينز مايونيز,"Sauces, Dressings & Condiments",هاينز,,1,,,,عبوة,
ليبتون شاي توليفة جديدة ,"Tea, Coffee & Hot Drinks",ليبتون,,1,,,,عبوة,
باستا جمبري صوص ابيض فرن وسط,"Sauces, Dressings & Condiments",باستا,,1,,,,عبوة,
اللحيمى برجر بقرى 15ق جامبو,Beef & Processed Meat,اللحيمى,,15,,,,عبوة,
بيبسى كانز,Soft Drinks & Juices,بيبسي,,1,,,,كانز,
كسبرة ابو علي - 70 جم,Cooking Ingredients,ابو علي,70جم,1,,,,عبوة,جم
ميتكو كوكتيل لحم 350جم,Beef & Processed Meat,ميتكو,350جم,1,,,,عبوة,جم
Brownie chocolate chip,Biscuits & Cakes,,,1,,,,باكو,
ويفر بالفانيليا لواكر - 45جم ,Biscuits & Cakes,لواكر,45جم,1,,,,باكو,جم
كينج ام عيش مكسيكى  5ق,Bakery,كينج ام,,5,,,,كيس,
كوكاكولا مشروب غازى بدون سكر 300مل,Soft Drinks & Juices,كوكاكولا,300مل,1,,,,زجاجة,مل
CHICKETITA CHICKEN NUGGETS 1K,Poultry,CHICKETITA,1K,1,,,,عبوة,K
بيبسى كانز 250 مل,Soft Drinks & Juices,بيبسي,250مل,1,,,,كانز,مل
ريحانة كمون مطحون -  20 جم,Cooking Ingredients,ريحانة,20جم,1,,,,عبوة,جم
Gimoka Arabica Ground Coffee can - 250 grams,"Tea, Coffee & Hot Drinks",Gimoka,250gm,1,,,,عبوة,gm
الميزان طحينه ,"Sauces, Dressings & Condiments",الميزان,,1,,,,عبوة,
سمن نباتي قوت - 650 جم,Cooking Ingredients,قوت,650جم,1,,,,عبوة,جم
مياه نستله غيار,Water,نستله,,1,,,,زجاجة,
اطياب بيف برجر جامبو 6ق 600جم,Beef & Processed Meat,اطياب,600جم,6,,,,عبوة,جم
Clorox Disinfecting Bathroom Cleaner Spray Bottle 500ml,Cleaning Supplies,Clorox,500ml,1,,,,عبوة,ml
موز مستورد بالوزن 34.95 0.89,Vegetables & Fruits,,0.89جم,1,,34.95,34.95,عبوة,جم
WHITE CASTLE BUTTER COOKIES 160GM,Biscuits & Cakes,WHITE CASTLE,160جم,1,,,,علبة,جم
بسطرمه مخليه قطعة 0.14 172.00 24.08,Beef & Processed Meat,,0.14,1,,24.08,172,عبوة,
Mango Benson Bonbon - 275 Gm,"Chocolates, Sweets & Desserts",,275جم,1,,,,عبوة,جم
مبيد اف 16 نمل 22,Cleaning Supplies,اف 16,,1,,,,عبوة,
يوركشاير من رويال كانين 1.5 كيلو,"Tea, Coffee & Hot Drinks",رويال,1.5ك,1,,,,عبوة,ك
خبز سوفت هايبروان - 5 قطع,Bakery,هايبروان,,5,,,,كيس,
كلاسيك بسكويت بكولكشن علبه 620 جم صفيح,Biscuits & Cakes,,620جم,1,,,,علبه,جم
سفن اب كانز 330 مل ,Soft Drinks & Juices,سفن اب,330مل,1,,,,كانز,مل
شيكولاتة جالكسي كريسبي - 36جم - عبوة من 12,"Chocolates, Sweets & Desserts",جالكسي,36جم,12,,,,عبوة,جم
ايس كريم ,"Chocolates, Sweets & Desserts",,,1,,,,عبوة,
وادى فود خل 1ل,"Sauces, Dressings & Condiments",وادى فود,1ل,1,,,,عبوة,ل
برسيل جل 2.600 كجم  روز خصم 59.95 1 0.00 59.95,Cleaning Supplies,برسيل,2.600كجم,1,,59.95,59.95,عبوة,كجم
لانشون بالزيتون من فريش فارم/ 1 كيلو جرام,Beef & Processed Meat,فريش فارم/,1كيلو,1,,,,عبوة,كيلو
13.46 برتقال فالن عصير (M),Soft Drinks & Juices,,,1,,13.46,13.46,زجاجة,
داوني مركز احساس رفاهيه 280 مل,Cleaning Supplies,داوني,280مل,1,,,,عبوة,مل
روستو عرق بقرى مستورد وزن,Beef & Processed Meat,,,1,,,,عبوة,
فريش فارم لحم بقرى شيش كباب بلدى 400جم,Beef & Processed Meat,فريش فارم,400جم,1,,,,عبوة,جم
مقرمشات جبن حار بريتزل منشوز 45جم,Chips & Crackers,منشوز,45جم,1,,,,أكياس,جم
هاني ماسترد صوص,"Sauces, Dressings & Condiments",,,1,,,,عبوة,
ريتش بيك خبز توست ,Bakery,ريتش بيك,,1,,,,كيس,
حواء مكرونه 400جم,"Rice, Pasta & Pulses",حواء,400جم,1,,,,كيس,جم
سيلينا حمام سوبر جامبو 2قطعه,Poultry,سيلينا,,2,,,,عبوة,
بليدج موبيليا 300 مل,Cleaning Supplies,بليدج,300مل,1,,,,عبوة,مل
برينجلز بابريكا 40غ‎,Chips & Crackers,برينجلز,40غ,1,,,,كيس,غ
مكرونة لازانيا الملكة 400 جرام‎,"Rice, Pasta & Pulses",الملكة,400جرام,1,,,,كيس,جرام
ماجى مرقه داج 12 مكعب,Cooking Ingredients,ماجى,,12,,,,عبوة,
لمار عصير رمان طبيعى 200مل,Soft Drinks & Juices,لمار,200مل,1,,,,عبوة,مل
مشروب غازى كوكاكولا 1لتر,Soft Drinks & Juices,كوكاكولا,1لتر,1,,,,زجاجة,لتر
كورندبيف بقري بوردن 340جم,Beef & Processed Meat,بوردن,340جم,1,,,,عبوة,جم
بيبسى كانز,Soft Drinks & Juices,بيبسي,,1,,,,كانز,
تيفانى بسكويت بالحليب ,Biscuits & Cakes,تيفانى,,1,,,,باكو,
La Vache Triangles Cheese 16 Pieces,Dairy & Eggs,La Vache,,16,,,,علبة,
Teama Light Feta Cheese - 500gm,Dairy & Eggs,Teama,500gm,1,,,,عبوة,gm
كرواسون شوكلاته,Bakery,,,1,,,,كيس,
دانون زبادى فراوله 3 +1 علبه,Dairy & Eggs,دانون,,4,,,,علبه,
اولكر بسكريم بسكوت,Biscuits & Cakes,اولكر بسكريم,,1,,,,باكو,
twix h choco,"Chocolates, Sweets & Desserts",twix,,1,,,,عبوة,
كانز,Soft Drinks & Juices,,,1,,,,كانز,
Fisherman Prawn Surimi - 200 gram,"Tins, Jars & Packets",Fisherman,200gram,1,,,,عبوة,gram
علبه مخلل,"Tins, Jars & Packets",,,1,,,,علبه,
شويبس جولد خوخ 1لتر,Soft Drinks & Juices,شويبس,1لتر,1,,,,زجاجة,لتر
بلذن لبينز بسكويت شيكولاتة كريمة 228 جم,Biscuits & Cakes,بلذن لبينز,228جم,1,,,,باكو,جم
بيك وان 4 اصابع ويفر شوكولاتة، 31 جم - 12 عبوة,Biscuits & Cakes,بيك وان,31جم,12,,,,عبوة,جم
بطاطس جاكر بالجبنة - 160جم,Chips & Crackers,جاكر,160جم,1,,,,كيس,جم
تمري فريش شيش طاووك 1 كجم,Poultry,تمري,1كجم,1,,,,عبوة,كجم
كانز,Soft Drinks & Juices,,,1,,,,كانز,
فيبا سائل صحون مضاد للبكتيريا 3 كجم,Cleaning Supplies,فيبا,3كجم,1,,,,عبوة,كجم
Almarai Juice Apple 1.0L PET,Soft Drinks & Juices,Almarai,1L,1,,,,عبوة,L
ذرة فيشار العجمي - 1ك,"Rice, Pasta & Pulses",العجمي,1ك,1,,,,كيس,ك
Vegetable Ghee - 650 G,Cooking Ingredients,,650جم,1,,,,علبة,جم
كريستال زيت عباد 1لتر ,Cooking Ingredients,كريستال,1لتر,1,,,,عبوة,لتر
حدائق  كاليفورنيا  فاصوليا  بيضا  400GM,"Tins, Jars & Packets",حدائق  كاليفورنيا,400gm,1,,,,عبوة,gm
Pineapple Mat - 2.16m X 1.24m,Vegetables & Fruits,,,1,,,,كيس,
بسكوت محشو بكريمة الشيكولاتة لابنيز من باسلين، 190 جرام,Biscuits & Cakes,باسلين,190جرام,1,,,,باكو,جرام
Al Doha Egyptian Beans 500G ,"Rice, Pasta & Pulses",Al Doha,500G,1,,,,كيس,G
بيتار لبنه وزن,Dairy & Eggs,بيتار,,1,,,,عبوة,
نسكافيه ريتش 3 في 1 ميكس كوفي 12 × 21 جم,"Tea, Coffee & Hot Drinks",نسكافيه,21جم,12,,,,عبوة,جم
جهينه عصير بريميم برتقال 1لتر ,Soft Drinks & Juices,جهينه,1لتر,1,,,,زجاجة,لتر
 هاينز كاتشب، 200 جرام,"Sauces, Dressings & Condiments",هاينز,200جرام,1,,,,عبوة,جرام
"Giardino Mayonnaise Jar, 280 Gr.","Sauces, Dressings & Condiments",Giardino,280Gr,1,,,,عبوة,Gr
زيت كريستال عباد 800م,Cooking Ingredients,كريستال,800مل,1,,,,علبة,مل
كانز بيبسي ميرندا سفن 335 /330 مل,Soft Drinks & Juices,بيبسي,335/330مل,1,,,,كانز,مل
كانز,Soft Drinks & Juices,,,1,,,,كانز,
ويفر لواكر تورتينا بكريمة شوكولاتة البندق، 21 جم - 24 عبوة,Biscuits & Cakes,لواكر,21جم,24,,,,باكو,جم
نستله براديس أيس كريم شيكولاتة، 850مل,"Chocolates, Sweets & Desserts",نستله براديس,850مل,1,,,,عبوة,مل
ماكسيل ملمع زجاج نسيم البحر 500+200 مل,Cleaning Supplies,ماكسيل,500+200مل,1,,,,عبوة,مل
لوبيا بالوزن ,"Rice, Pasta & Pulses",,,1,,,,كيس,
منظف ومطهر توب فاليو برائحة الصنوبر - 4 لتر,Cleaning Supplies,توب فاليو,4لتر,1,,,,عبوة,لتر
المتحدة وراك مجمد 900جم,Poultry,المتحدة,900جم,1,,,,عبوة,جم
مج زجاج بشاليموه,Furniture,,,1,,,,زجاج,
سبينيس فروت,"Chocolates, Sweets & Desserts",سبينيس,,1,,,,عبوة,
Kalbaz Cheese Puffs - 30gm,Chips & Crackers,Kalbaz,30gm,1,,,,كيس,gm
Shahrazad Peas - 400 gm,Vegetables & Fruits,Shahrazad,400gm,1,,,,كيس,gm
علبه مواويل,Bakery,,,1,,,,علبه,
شنطه بلاستيك فينوس صغيره,Furniture,فينوس,,1,صغيره,,,بلاستيك,صغيره
فريش فارم لانشون بيف زيتون رول 250جم,Beef & Processed Meat,فريش فارم,250جم,1,,,,عبوة,جم
Bathroom Cleaner - 600 Ml,Cleaning Supplies,,600Ml,1,,,,عبوة,Ml
خل روز جاردن,"Sauces, Dressings & Condiments",روز جاردن,,1,,,,عبوة,
اكواز ذرة كاملة 450 جم من فالي دل سولي,Vegetables & Fruits,فالي دل سولي,450جم,1,,,,عبوة,جم
Almarai Yogurt Peach 100g,Dairy & Eggs,Almarai,100gm,1,,,,عبوة,gm
لحم عجين,Beef & Processed Meat,,,1,,,,عبوة,
Haribo Jelly Worms 100g ,"Chocolates, Sweets & Desserts",Haribo,100gm,1,,,,عبوة,gm
حدائق كاليفورنيا قطع وسيقان فطر معلبة 425 جم,"Tins, Jars & Packets",حدائق كاليفورنيا,425جم,1,,,,عبوة,جم
دوريتوس فلفل حلو عائلى 76,Chips & Crackers,دوريتوس,76ج,1,,,,كيس,ج
Super Clean't All -All Purpose Cleaner Forest Freshness- 660 Ml - 1pcs,Cleaning Supplies,Super Clean't All,660 Ml,1,,,,عبوة,Ml
اليمنى بن ساده 100ج,"Tea, Coffee & Hot Drinks",اليمنى,100ج,1,,,,علبة,ج
شتورا سمبوسك لحمه رقائق320 جم,Bakery,شتورا,320جم,1,,,,,جم
شمعدان نواعم تسويق بسكويت ,Biscuits & Cakes,شمعدان,,1,,,,باكو,
المتحدة فيلية مجمد 900 جم,Poultry,المتحدة,900جم,1,,,,عبوة,جم
Taste Burger Beef 400 gm,Beef & Processed Meat,Taste,400gm,1,,,,عبوة,gm
"Chicketita Pane Chicken Burger, Spicy - 1 kg",Poultry,Chicketita,1kg,1,,,,عبوة,kg
نستلة مياه جالون 18.9 لتر مياه فق,Water,نستلة,18.9لتر,1,,,,زجاجة,لتر
Zamzam Basmati Rice - 1kg,"Rice, Pasta & Pulses",Zamzam,1kg,1,,,,كيس,kg
فشار توب اوف ذا بوب بالزبدة - 100 جم,Chips & Crackers,توب اوف ذا بوب,100جم,1,,,,أكياس,جم
CHICKETITA CHICKEN STRIPS 400G,Poultry,CHICKETITA,400G,1,,,,عبوة,G
بيك رولز حلو خل وملح 48جم,Chips & Crackers,بيك رولز,48جم,1,,,,كيس,جم
COMFORT BLUE 20% POFF MEGA KF2L ,Cleaning Supplies,COMFORT,2L,1,,,,عبوة,L
Doritos Sweet Chili Pepper 45g,Chips & Crackers,Doritos,45g,1,,,,كيس,g
+مج زجاج بالغطاء |-8238	,Furniture,,,1,,,,زجاج,
ماكفتيز بسكريم كوكيز,Biscuits & Cakes,ماكفتيز بسكريم,,1,,,,باكو,
6.00 3.00 طحينة 2.0,"Sauces, Dressings & Condiments",,,2,,3,6,عبوة,
بيكاجريل خبز محمص بالثوم والبقدونس 75 جرام,Bakery,بيكاجريل,75جرام,1,,,,,جرام
Dettol Pine Antibacterial Power Floor Cleaner 1.8Litre,Cleaning Supplies,Dettol,1.8 Litre,1,,,,عبوة,Litre
حواء مكرونه اسباجتى 400جم ,"Rice, Pasta & Pulses",حواء,400جم,1,,,,كيس,جم
Taste Cordon Bleu 2 pieces,Poultry,Taste,,2,,,,عبوة,
بريك ريزو 20 جم علبه,Sweets & Desserts,بريك ريزو,20جم,1,,,,علبه,جم
الضحي زعتر ملاحه 20جم,Cooking Ingredients,الضحي,20جم,1,,,,كيس,جم
صن بايتس طماطم متبلة ٦٢ ج 3.00 1,Chips & Crackers,صن بايتس,62ج,1,,3,3,كيس,ج
Wheat Germ Miracle - 350gm,Bakery,,350gm,1,,,,كيس,gm
زيت حار بذرة الكتان توب فاليو - 250 مل,Cooking Ingredients,توب فاليو,250مل,1,,,,عبوة,مل
Tolido Light Meat Tuna 185g,"Tins, Jars & Packets",Tolido ,185جم,1,,,,علبة,جم
Nestle Pure Life Water - 0.33 Liter,Water,Nestle,0.33 Liter,1,,,,زجاجة,Liter
ريزو صوص 430 جرام - لافيدا,"Sauces, Dressings & Condiments",لافيدا,430جرام,1,,,,عبوة,جرام
Water Flo 600ml,Water,Flo,600مل,1,,,,زجاجة,مل
اولكر بسكريم بسكو,Biscuits & Cakes,اولكر بسكريم,,1,,,,باكو,
ميلك مان حليب بقرى مبستر ,Dairy & Eggs,ميلك مان,,1,,,,عبوة,
علبه ,Bakery,,,1,,,,علبه,
دامفى خبز توست ردة 500جم,Bakery,دامفى,500جم,1,,,,كيس,جم
رقائق التورتيلا توستيتوس كريسبي راوندز,Chips & Crackers,توستيتوس,,1,,,,كيس,
مولتو ماجنم كرواسون ,Bakery,مولتو,,1,,,,كيس,
شيبسى سوبر الملك شطة و ليمون52 - 56 GRM,Chips & Crackers,شيبسى,52-56GRM,1,,,,أكياس,GRM
فريسكا بلوك ,Biscuits & Cakes,فريسكا,,1,,,,باكو,
Betty Pan bread ,Bakery,Betty,,1,,,,عبوة,
POPZ PAPRIKA MICROWAVE POPCORN 85G,Chips & Crackers,POPZ,85G,1,,,,كيس,G
مشروب زبادو مانجو 44-مل ,Soft Drinks & Juices,,440مل,1,,,,زجاجة,مل
تايجر جامبو باربكيو,Chips & Crackers,تايجر,,1,,,,كيس,
كانز,Soft Drinks & Juices,,,1,,,,كانز,
Happy Food Luncheon Chicken 340g,Beef & Processed Meat,Happy Food,340g,1,,,,عبوة,g
مكفتيز بسكويت  شوكو دارك ,Biscuits & Cakes,مكفتيز,,1,,,,باكو,
 مياه معدنيه صغيره,Water,,,1,,,,زجاجة,
اكوا فينا مياه طبى,Water,اكوا فينا,,1,,,,زجاجة,
Dried Onion 250g,Cooking Ingredients,,250gm,1,,,,عبوة,gm
كريستال زيت  ذره ,Cooking Ingredients,كريستال,,1,,,,عبوة,
فرخة مشوية,Poultry,,,1,,,,عبوة,
ريتش برجر 1 كيلو,Beef & Processed Meat,ريتش,1كيلو,1,,,,عبوة,كيلو
امريكان ايجلز مشروب بذور الريحان 290 مل توت,Soft Drinks & Juices,امريكان ايجلز,290مل,1,,,,عبوة,مل
سائل فانيش لإزالة بقع الأقمشة - 900 مل - 3 قطع,Cleaning Supplies,فانيش,900مل,3,,,,عبوة,مل
جالاكسى ميلك 36ج,"Chocolates, Sweets & Desserts",جالاكسى,36جم,1,,,,عبوة,جم
Local Beef Tail 1pc,Beef & Processed Meat,,,1,,,,عبوة,
كاتشب 285ج هاينز ,"Sauces, Dressings & Condiments",هاينز,285جم,1,,,,عبوة,جم
كوفى ميكس2*1 بونجورنو ,"Tea, Coffee & Hot Drinks",بونجورنو,,1,,,,عبوة,
بطاطس فراخ 29 جم تايحر,Chips & Crackers,تايحر,29جم,1,,,,كيس,جم
American Garden Original BBQ Sauce - 510ml,"Sauces, Dressings & Condiments",American Garden,510ml,1,,,,عبوة,ml
احمد تى شاى بالفانيليا 20فتله,"Tea, Coffee & Hot Drinks",احمد تى,,20,,,,علبة,
Al Karamah Gollash 400g,Bakery,Al Karamah,400g,1,,,,عبوة,g
لمار عصير اناناس,Soft Drinks & Juices,لمار,,1,,,,زجاجة,
Taste Cordon Bleu 2 pieces,Poultry,Taste,,2,,,,عبوة,
نسكويك مشروب شيكو 34.25 1 34.25,"Tea, Coffee & Hot Drinks",نسكويك,,1,,34.25,34.25,علبة,
هديه زيت قلى 4.5لتر,Cooking Ingredients,هديه,4.5لتر,1,,,,عبوة,لتر
Louisiana Red hot Sauce – 88ml,"Sauces, Dressings & Condiments",Louisiana,88ml,1,,,,عبوة,ml
SMALL WATER BOTTLE,Water,,,1,,,,زجاجة,
داونى حدائق الاحلام 1لتر],Cleaning Supplies,داونى,1لتر,1,,,,عبوة,لتر
Farm Fresh Green Olive - 1kg,Vegetables & Fruits,Farm Fresh,1kg,1,,,,كيس,kg
تي تي فانيليا 1ح,"Tins, Jars & Packets",,,1,,,,علبة,
بيك وان 4 اصبع ويفر شوكو 31ج,Biscuits & Cakes,بيك وان,31جم,1,,,,عبوة,جم
جبنة رومي قديمة قاتيلو - 454 جم,Dairy & Eggs,قاتيلو,454جم,1,,,,,جم
كوكاكولا زيرو غازيه زجاج غير مرتجع,Soft Drinks & Juices,كوكاكولا,,1,,,,زجاج,
مكفتيز دايجستيف بسطويت شو,Biscuits & Cakes,مكفتيز دايجستيف,,1,,,,باكو,
Yamama White Vinegar 1Litre,"Sauces, Dressings & Condiments",Yamama,1Liter,1,,,,عبوة,Liter
سولا حلوى اكلير كيس - 120 قطعة,"Chocolates, Sweets & Desserts",سولا,,120,,,,عبوة,
بيبسى كانز,Soft Drinks & Juices,بيبسي,,1,,,,كانز,
Dasani Mineral Water,Water,Dasani,,1,,,,,
تايجر شبسى طماطم 190ج,Chips & Crackers,تايجر,190ج,1,,,,كيس,ج
زجاجه مياه 1 لتر ,Water,,1لتر,1,,,,زجاجة,لتر
اللحيمى بقير مدخن ,Beef & Processed Meat,اللحيمى,,1,,,,عبوة,
الشمعدان كتاكيتو ,Biscuits & Cakes,الشمعدان,,1,,,,باكو,
بيريل كانز 330 مل,Soft Drinks & Juices,بيريل,330مل,1,,,,كانز,مل
موكاتى كابنشينو جولد انواع 12.5جرام,"Tea, Coffee & Hot Drinks",موكاتى,12.5جم,1,,,,عبوة,جم
رانى عصير خوخ / مانجو 1 لتر,Soft Drinks & Juices,رانى,1لتر,1,,,,زجاجة,لتر
امريكانا فول مدمس ساده 400جم,"Tins, Jars & Packets",امريكانا,400جم,1,,,,علبة,جم
جنرال 3لتر انواع خصم 5ج,Cleaning Supplies,جنرال,3لتر,1,,,,عبوة,لتر
روستو حبش أطياب رومي 150.00 0.155 23.25,Poultry,روستو,0.155,1,,23.25,150,عبوة,
صوص -ال 0001 أيلاند,"Sauces, Dressings & Condiments",,,1,,,,عبوة,
Storck Milky Caramels 325g,"Chocolates, Sweets & Desserts",Storck,325g,1,,,,عبوة,g
Zee go Vinegar Mix Chips 55 -65 g,Chips & Crackers,Zee,55-65 g,1,,,,,g
Sambousak W/Meat,Bakery,,,1,,,,كيس,
شيخون زيتون كلاماتا يونانى 1ك,"Tins, Jars & Packets",شيخون,1ك,1,,,,علبة,ك
نسكافيه 3*1 18جم,"Tea, Coffee & Hot Drinks",نسكافيه,18جرام,1,,,,علبة,جرام
كولورادو خل 600 مل ,"Sauces, Dressings & Condiments",كولورادو,600مل,1,,,,عبوة,مل
نستله 36ج,Water,نستله,,1,,36,36,زجاجة,
المكاوى كرنب احمر,Vegetables & Fruits,المكاوى,,1,,,,كيس,
المطبخ مكرونه اسب,"Rice, Pasta & Pulses",المطبخ,,1,,,,كيس,
سمبوسك اوليو باللحم - 240 جم,Bakery,اوليو,240جم,1,,,,كيس,جم
المراعي لبن كامل 1 لتر بلاس,Dairy & Eggs,المراعي,1لتر,1,,,,علبة,لتر
السنبله بطاطس قطع كرانشى كت 1.5 كيلو,Vegetables & Fruits,السنبله,1.5كيلو,1,,,,عبوة,كيلو
;كاليفورنيا 185ج,"Tins, Jars & Packets",كاليفورنيا,185ج,1,,,,علبة,ج
بطيخ بالوزن,Vegetables & Fruits,,,1,,,,كيس,
نستله كيت كات وايت 11.5ج,"Chocolates, Sweets & Desserts",نستله كيت كات,,1,,11.5,11.5,عبوة,
بصل احمر مصري 1 كيلو,Vegetables & Fruits,,1كيلو,1,,,,عبوة,كيلو
صن شاين تونة ق و س ٢٠٠ 25.95 3 77.85,"Tins, Jars & Packets",صن شاين,,3,,25.95,77.85,علبة,
Givrex Frozen Peeled Broad Beans - 400 Gram,"Rice, Pasta & Pulses",Givrex,400 Gram,1,,,,كيس,Gram
Aquafina water 600ML,Water,Aquafina,,1,,,,زجاجة,
SHAHRAZAD OKRA ZERO 400G,Vegetables & Fruits,SHAHRAZAD,400gm,1,,,,كيس,gm
ارجن دجاج طازج بالعظم ,Poultry,,,1,,,,عبوة,
الضحى ارز 1كجم,"Rice, Pasta & Pulses",الضحى,1كجم,1,,,,كيس,كجم
لمار مشروب ليمون نعناع200مل,Soft Drinks & Juices,لمار,200مل,1,,,,عبوة,مل
جنه سمنه 750جرام,Cooking Ingredients,جنه,750جرام,1,,,,عبوة,جرام
خل وادي فود,"Sauces, Dressings & Condiments",وادي فود ,,1,,,,,
فص رومى,Poultry,,,1,,,,عبوة,
اولكر بسكوت بالتمر ,Biscuits & Cakes,اولكر,,1,,,,باكو,
بيكاجريل خبز محمص بالثوم والبقدونس 75 جرام,Bakery,بيكاجريل,75جرام,1,,,,كيس,جرام
الملكه مكرونه لسان عصفور 400,"Rice, Pasta & Pulses",الملكه,400جم,1,,,,كيس,جم
6.75 5.00 1 or sun top juice,Soft Drinks & Juices,sun top,,1,,6.75,5,عبوة,
Fenugreek  - 50g,Cooking Ingredients,,50g,1,,,,عبوة,g
بريتزو ميكسي بالملح ٨٠جم 6.95 1 6.95,Chips & Crackers,بريتزو,80جم,1,,6.95,6.95,كيس,جم
Sindbad White Vinegar - 1 Liter Pack size : 1L,"Sauces, Dressings & Condiments",Sindbad,1Liter,1,,,,عبوة,Liter
Tiger Sweet Chilli Potato Chips 189-199g,Chips & Crackers,Tiger,189-199g,1,,,,كيس,g
حلوانى بيف برجر كاترينج 1.8 ك,Beef & Processed Meat,حلوانى,1.8ك,1,,,,عبوة,ك
تى سى بوى تونه فصوص ح س * ف 185,"Tins, Jars & Packets",تى سى بوى,185جم,1,,,,علبة,جم
ميتكو سجق شرقى 350جم,Beef & Processed Meat,ميتكو,350جم,1,,,,عبوة,جم
كانز,Soft Drinks & Juices,,,1,,,,كانز,
Lactel Milk Shake Chocolate 220g,Dairy & Eggs,Lactel,220g,1,,,,عبوة,g
Chocolate cream crepe.247GM,"Chocolates, Sweets & Desserts",,247جم,24,,,,عبوة,جم
هاينز مسترده بزازه 235جم,"Sauces, Dressings & Condiments",هاينز,235جم,1,,,,عبوة,جم
Fern Mixed Butter - 1K g,Cooking Ingredients,Fern,1kg,1,,,,عبوة,kg
منظف زجاج ويندكس لافندر,Cleaning Supplies,ويندكس,,1,,,,زجاج,
نستله مياه طبيعيه 6 لتر,Water,نستله,6لتر,1,,,,زجاجة,لتر
سبايسى رانش سيلسيان,Cooking Ingredients,سبايسي,,1,,,,,
ديلى صن مينى عيش تورتيلا 250 جرام 10 ق ,Bakery,ديلي صن,250جرام,10,,,,,جرام
علبه دومتى 250 جم فيتا,Dairy & Eggs,دومتي,250جم,1,,,,علبه,جم
كوكاكولا حجم كبير,Soft Drinks & Juices,كوكاكولا,,1,,,,زجاجة,
سن توب اناناس 250ملل,Soft Drinks & Juices,سن توب,250مل,1,,,,زجاجة,مل
Obour Land Cheese With Olives 1 k,Dairy & Eggs,Obour,1k,1,,,,,k
Wadi Food S.Olives for Piz.650 ,"Tins, Jars & Packets",Wadi Food,650g,1,,,,عبوة,g
لبن بالموز المراعي - 200 مل,Dairy & Eggs,المراعي,200مل,1,,,,عبوة,مل
سجق شرقي ميتلاند - 850 جم,Beef & Processed Meat,ميتلاند,850جم,1,,,,عبوة,جم
مياه دساني ص,Water,دساني,,1,,,,زجاجة,
جهينة عصير بيور انواع 1 لتر ,Soft Drinks & Juices,جهينة,1لتر,1,,,,زجاجة,لتر
سي كمارا مارشيملوا علبة,Biscuits & Cakes,سي كمارا,,1,,,,علبة,
أمريكانا - بامية زيرو 400 جم,Vegetables & Fruits,,400جم,1,,,,عبوة,جم
Isis Cinnamon Tea 20 Teabags,"Tea, Coffee & Hot Drinks",Isis,,20,,,,علبة,
Dasani Water 24 x 330ml,Water,Dasani,330ml,24,,,,كرتونة,ml
ابوعوف محوج 200,"Tea, Coffee & Hot Drinks",ابوعوف,200جم,1,,,,عبوة,جم
مياه طلبيعيه بركه 600مل,Water,بركه,600مل,1,,,,زجاجة,مل
شيكولاتة ريتر سبورت بالزبيب و البندق - 100جم,"Chocolates, Sweets & Desserts",ريتر سبورت,100جم,1,,,,عبوة,جم
اوريو بسكويت 48ج,Biscuits & Cakes,اوريو,48ج,1,,,,باكو,ج
شيبسى هائلى خل وملح 80جم,Chips & Crackers,شيبسى,80جم,1,,,,كيس,جم
فيروز اناناس زجاج 275 مللي,Soft Drinks & Juices,فيروز,275مللي,1,,,,زجاجة,مللي
Tic Tac Mint 21 ,"Chocolates, Sweets & Desserts",Tic Tac,,1,,,,عبوة,
Lettuce Iceberg Extra NO,Vegetables & Fruits,,,1,,,,عبوة,
Amira Vegetable Ghee - 1.5kg,Cooking Ingredients,Amira,1.5kg,1,,,,عبوة,kg
كوب بلاستيك منت,Furniture,,,1,,,,بلاستيك,
Basak Shehriye Noodle Green Lentil Soup - 80 gram,"Tins, Jars & Packets",Basak ,80gram,1,,,,علبة,gram
بونجورنو ,"Tea, Coffee & Hot Drinks",بونجورنو,,1,,,,علبة,
صن شاين توة مفتتة حار سهلة	,"Tins, Jars & Packets",صن شاين,,1,,,,علبة,
حليب نستله مكثف 450 جرام,Dairy & Eggs,نستله,450جم,1,,,,عبوة,جم
طماطم مصر 1 كيلو,Vegetables & Fruits,,1كيلو,1,,,,عبوة,كيلو
دجاجة كاملة وطنية - 900-950جم,Poultry,وطنية,900-950جم,1,,,,عبوة,جم
سبرايت زجاج - 330 مل,Soft Drinks & Juices,سبرايت,330مل,1,,,,زجاجة,مل
Nestle Pure Fizz Triple Berry 360 ml ,Water,Nestle,360ml,1,,,,زجاجة,ml
كريستال سمن نباتي 750-700 جم,Cooking Ingredients,كريستال,700-750جم,1,,,,عبوة,جم
عصير كوكتيل بيتي تروبيكانا، 235 مل - 4 عبوات,Soft Drinks & Juices,بيتي,235مل,4,,,,عبوة,مل
142.34 موزة بقرى بلدى,Beef & Processed Meat,,,1,,142.34,142.34,,
Bebeto Jelly Peach Rings 80gm,"Chocolates, Sweets & Desserts",Bebeto,80gm,1,,,,عبوة,gm
جبنة كريمي تركي سبريد 250 جم,Dairy & Eggs,,250جم,1,,,,عبوة,جم
فيباريتس لغسالات الاطباق	,Cleaning Supplies,فيباريتس,,1,,,,عبوة,
سوتاش لبنه تركيه 700جم,Dairy & Eggs,سوتاش,700جم,1,,,,علبة,جم
عرض زينة 3 علبه,Disposables & Napkins,زينه,,3,,,,علبه,
Water,Water,,,1,,,,زجاجة,
"Sun Shine Light Tuna Meat Chunks Easy Open, 185 Gm","Tins, Jars & Packets",Sun Shine,185جم,1,,,,علبة,جم
كريمه حفق بوك 500مل,Dairy & Eggs,بوك,500مل,1,,,,عبوة,مل
صفوه فول ساده سهل 400جم,"Tins, Jars & Packets",صفوه,400جم,1,,,,علبة,جم
قاروره مياه 18.9 لتر ,Water,,18.9لتر,1,,,,زجاجة,لتر
Feta Cheese Salad With Zaatar 400g Approx. Weight,Dairy & Eggs,,400gm,1,,,,عبوة,gm
Bake Rolz Chilli   Lemon Crackers - 38 gram - 30 Pieces,Chips & Crackers,Bake Rolz,38 gram,1,,,,كيس,gram
Mazola Mayonnaise Lite 340M ,"Sauces, Dressings & Condiments",Mazola,340m,1,,,,عبوة,m
ايزيس مياه طبيعية - 600 مل,Water,ايزيس,600مل,1,,,,زجاجة,مل
Alzahar Golash 400gm,Bakery,Alzahar,400gm,1,,,,عبوة,gm
سورينا زيتون تخضر تفاحه 720جم,"Tins, Jars & Packets",,720جم,1,,,,علبة,جم
كبك هوهوز كريمه 1 ق,Biscuits & Cakes,هوهوز,,1,,,,,ق
شرائح تونة أمريكانا مدخنة - 120 جم,"Tins, Jars & Packets",امريكانا,120جم,1,,,,,جم
Amazon Natural Drinking Water 12 x 1.5Litre,Water,Amazon,1.5Litre,12,,,,عبوة,Litre
جورمية كبيبة لحم بالصنبوبر ,Beef & Processed Meat,جورمية,,1,,,,عبوة,
ابليك مرايا كريستال فضى زجاج مربعه,Furniture,ابليك,,1,,,,زجاج,
كانز,Soft Drinks & Juices,,,1,,,,كانز,
ايس كريم علبه 5 جنيه,Sweets & Desserts,,,1,,5,5,علبه,
جود فرنس سويت شيل,"Sauces, Dressings & Condiments",جود فرنس,,1,,,,عبوة,
نسكافيه كابتشينو  فانيليا ,"Tea, Coffee & Hot Drinks",نسكافيه,,1,,,,علبة,
"Regina Pasta Spaghetti, 1.6m - 400g","Rice, Pasta & Pulses",Regina,400g,1,,,,كيس,g
كارفور منعم ملابس برائحة الربيع 2ل,Cleaning Supplies,كارفور,2ل,1,,,,عبوة,ل
Atyab Spicy Chicken Pane Burger 6pcs,Poultry,Atyab,,6,,,,عبوة,
حلواني تشيكن كيف ,Poultry,حلواني,,1,,,,عبوة,
زجاجه مياه,Furniture,,,1,,,,زجاجه,
تورتة شيكولاتة بيضاء هايبروان ,"Chocolates, Sweets & Desserts",هايبروان,,1,,,,عبوة,
45.00 اوريو بسكويت57ج 9@5.00,"Chocolates, Sweets & Desserts",اوريو,57ج,9,,5,45,عبوة,ج
COCA COLA 1.95 L,Soft Drinks & Juices,COCA COLA,1.95لتر,1,,,,عبوة,لتر
دجاج كامل فريش وزن ,Poultry,,,1,,,,,
زاهر جبنه مش قديمه وزن ,Dairy & Eggs,زاهر,,1,,,,عبوة,
خل عنب توب فاليو - 250مل ,"Sauces, Dressings & Condiments",توب فاليو,250مل,1,,,,عبوة,مل
خير بلدنا دبوس دجاج متبل وزن ,Poultry,,,1,,,,عبوة,
موتوسيكل اطفال بلاستيك اشكال والوان 3 عجله شكل صاروخ ببدال,Baby Care,,,1,,,,بلاستيك,عجله
دينر كومبو وسط حار + بطاطس وسط +كول سلو صغير +بيبسي كانز,Soft Drinks & Juices,بيبسي,,4,وسط,,,كانز,وسط
ZEEGO CHIPS W KETCHUP 42G,Chips & Crackers,ZEEGO,42G,1,,,,كيس,G
كانز بيبسى ,Soft Drinks & Juices,بيبسي,,1,,,,كانز,
مكرونه لازانيا ريجينا 500جم,"Rice, Pasta & Pulses",ريجينا,500جم,1,,,,كيس,جم
Beef Shank Fingers,Beef & Processed Meat,,,1,,,,عبوة,
برسيل بريميوم 2.2ل,Cleaning Supplies,برسيل,2.2ل,1,,,,عبوة,ل
Green Land Feta Light 250g,Dairy & Eggs,Green Land,250gm,1,,,,عبوة,gm
السنبل دبوس بالعظم وزن,Poultry,السنبل,,1,,,,عبوة,
اوريو بسكويت 3 قطع كريمه علبه,Biscuits & Cakes,اوريو,,3,,,,علبه,قطع
Dolphin Tuna Chunks - 185 gram x 2 Packs,"Tins, Jars & Packets",Dolphin ,185جم,2,,,,علبة,جم
كلوركس مزيل بقع للملابس الملونه عادي95,Cleaning Supplies,كلوركس,95م,1,,,,عبوة,م
Ottima Spaghetti 3 Pasta - 500 Gram,"Rice, Pasta & Pulses",Ottima,500 Gram,1,,,,كيس,Gram
حهينه حليب خالى الدسم 1لتر,Dairy & Eggs,حهينه,1لتر,1,,,,عبوة,لتر
عيش بلدى 1,Bakery,,,1,,,,كيس,
سبرايت 330 مل زجاج,Soft Drinks & Juices,سبرايت,330مل,1,,,,زجاج,مل
Abu Auf Maamol cinnamon in Ajwa box ,Bakery,Abu Auf,,1,,,,عبوة,
رويال مكرونه هلال,"Rice, Pasta & Pulses",رويال,,1,,,,كيس,
Dasani btl 600ml,Water,Dasani,600ml,1,,,,زجاجة,ml
Class A Caramel Stroopwafel - 30 gram - 36 Pieces,Biscuits & Cakes,Class A,30Gram,36,,,,باكو,Gram
سانتو برتقال 250مل,Soft Drinks & Juices,سانتو,250مل,1,,,,زجاجة,مل
Basma Strawberry 400g,Vegetables & Fruits,Basma,400gm,1,,,,كيس,gm
ملفي شوكولاتة,"Chocolates, Sweets & Desserts",,,1,,,,عبوة,
البوادى طحينه 350جم,"Sauces, Dressings & Condiments",البوادى,350جم,1,,,,عبوة,جم
جهينه رايب بالقرفه 440 جم,Dairy & Eggs,جهينه,440جم,1,,,,عبوة,جم
عنب كرمسون احمر,Vegetables & Fruits,,,1,,,,,
شعريه شوفان400 جم الملكه ,"Rice, Pasta & Pulses",الملكه,400جم,1,,,,كيس,جم
ماكفيتيز بسكويت دايجستف لايت 250جم,Biscuits & Cakes,ماكفيتيز,250جم,1,,,,عبوة,جم
REHANA CORIANDER 50G,Cooking Ingredients,REHANA,50g,1,,,,عبوة,g
Coco Royal Basil Seed Drink with Pineapple Flavor - 290 ml,Soft Drinks & Juices,Coco Royal,290ml,1,,,,زجاجة,ml
لواكر تورتينا البيضاء رقائق ويفر مقرمش محشو بكريم البندق ومغطى بالشوكولاته البيضاء 21جم,Biscuits & Cakes,لواكر,21جم,1,,,,باكو,جم
Hibiscus - 250Gm,"Tea, Coffee & Hot Drinks",,250gm,1,,,,عبوة,gm
سناكس بنكهة اللحم البقري والفلفل الحار - 75 جم,Chips & Crackers,,75جم,1,,,,أكياس,جم
علبه كمامات,"Personal care, skin & body care",,,1,,,,علبه,
كونو كون سناكس بالبيتزا ,Chips & Crackers,كونو,,1,,,,كيس,
نسكافيه 3 *1 علبه عرض مج,Tea and Coffee,نسكافيه,,1,,,,علبه,
Home Potato Pommes Frites - 2.5kg,Vegetables & Fruits,Home,2.5kg,1,,,,كيس,kg
Nahrain Basmati Rice - 5K,"Rice, Pasta & Pulses",Nahrain,5K,1,,,,كيس,K
سبينيس خل ,"Sauces, Dressings & Condiments",سبينيس,,1,,,,عبوة,
Yoghur Natural Lactel,Dairy & Eggs,Lactel,,1,,,,علبة,
كيرى كريمى سبريد ٣٥٠ جم 74.95 1 74.95,Dairy & Eggs,كيرى,350جم,1,,74.95,74.95,علبة,جم
سوبر كلينتول منظف جميع الاغراض-1400 مل-2 قطعه,Cleaning Supplies,سوبر كلينتول,1400مل,2,,,,عبوة,مل
Chicketita Beef Burger - 1Kg,Beef & Processed Meat,Chicketita,1Kg,1,,,,عبوة,Kg
T 22.80 لمار مشروب ليمون 8@2.85,Soft Drinks & Juices,لمار,,8,,2.85,22.8,عبوة,
أحمد تي أعشاب إسترخاء قرفة و مرمرية - 20 فتلة,"Tea, Coffee & Hot Drinks",أحمد تي,,20,,,,عبوة,
حلوانى شيش طاووق 400 جم,Poultry,حلوانى,400جم,1,,,,عبوة,جم
بسكويت ديمه بالتين، 63 جم - 12 عبوة,Biscuits & Cakes,ديمه,63جم,12,,,,عبوة,جم
ريجينا مكرونه 400جرام,"Rice, Pasta & Pulses",ريجينا,400جرام,1,,,,كيس,جرام
بليدج ملمع اثاث 300مل+ويندكس رشاش خصم 15,Cleaning Supplies,بليدج,300مل,2,,,,عبوة,مل
بيريل كانز 330 مل,Soft Drinks & Juices,بيريل,330مل,1,,,,زجاجة,مل
بيروسول بغطاء 300مل,Cleaning Supplies,بيروسول,300مل,1,,,,عبوة,مل
كانز,Soft Drinks & Juices,,,1,,,,كانز,
هاينز هريسه شطه,"Sauces, Dressings & Condiments",هاينز,,1,,,,عبوة,
مسحوق عصير برتقال من كاندي، 650 جرام,Soft Drinks & Juices,كاندي,650جم,1,,,,عبوة,جم
شويبس ليمون ونعناع 250 مل زجاج,Soft Drinks & Juices,شويبس,250مل,1,,,,زجاج,مل
ايزيس قرفه بالجنزبيل 12,"Tea, Coffee & Hot Drinks",ايزيس,,12,,,,عبوة,
كروتونس ريالتو بيكاجريل - 75جم,Bakery,ريالتو,75جم,1,,,,كيس,جم
عرض 2 علبه,Furniture,,,2,,,,علبه,
حياه مياه زجاجه 1.5 لتر,Water,حياه,1.5لتر,1,,,,زجاجه,لتر
اولكر بسكويت بالتمر,Biscuits & Cakes,اولكر,,1,,,,باكو,
Katilo Egyptian Roumy Cheese 250g,Dairy & Eggs,Katilo,250gm,1,,,,عبوة,gm
فولت انريجي درينك 200مل,Soft Drinks & Juices,فولت,200مل,1,,,,عبوة,مل
29.970 9.99 3 water Mineral,Water,,,3,,9.99,29.97,زجاجة,
Vent Cinammon Chewing Gum 8 tablets - Pack of 12 Pcs,"Chocolates, Sweets & Desserts",Vent,,12,,,,عبوة,
مكرونة أسباجتى - 1 كيلو,"Rice, Pasta & Pulses",,1كيلو,1,,,,كيس,كيلو
كرنشى 5ج,Chips & Crackers,كرنشى,,1,,5,5,كيس,
Lay's Gourmet Wood Fired BBQ Chips 58-64g,Chips & Crackers,Lay's,58-64g,1,,,,كيس,g
Pasta Pipe - 400g,"Rice, Pasta & Pulses",,400g,1,,,,كيس,g
عدس أصفر الخطيب ,"Rice, Pasta & Pulses",الخطيب,,1,,,,كيس,
ثرى ام زيت زيتون ,Cooking Ingredients,ثرى ام,,1,,,,عبوة,
بايجون 400مللى 2ق خصم15%,Cleaning Supplies,بايجون,400مللي,2,,,,عبوة,مللي
فن داى بروانيز 1 ق ,Bakery,فن داى,,1,,,,كيس,
Break Rizzo Peanuts - 35 Gram- 12 Pieces,"Chocolates, Sweets & Desserts",Break Rizzo,,1,,,,عبوة,
بيروسول زاحف 300مل,Cleaning Supplies,بيروسول,300مل,1,,,,عبوة,مل
باونتى شيكولاته جوز هند 57 جم,"Chocolates, Sweets & Desserts",باونتي,57جم,1,,,,,جم
دجاج فيليه من شهد - 800 جرام,Poultry,شهد,800جرام,1,,,,عبوة,جرام
Kikkoman Less Sodium Soy Sauce  - 148ml,"Sauces, Dressings & Condiments",Kikkoman,148ml,1,,,,عبوة,ml
زبادى طبيعى 105جم لبنتا ,Dairy & Eggs,لبنتا,105gm,1,,,,عبوة,gm
Abu Ali Cumin Powder - 105 gram,Cooking Ingredients,Abu Ali,105gram,1,,,,عبوة,gram
الهلال تيوب بوكس ,Cleaning Supplies,الهلال,,1,,,,عبوة,
سفن اب 400مل ,Soft Drinks & Juices,سفن اب,400مل,1,,,,زجاجة,مل
صن شاين تونة فانسى قطع س 20.75 3 62.25,"Tins, Jars & Packets",صن شاين,,3,,20.75,62.25,علبة,
سناكس بنكهة كريمة حامضة والشبت - 75 جم,Chips & Crackers,,75جم,1,,,,أكياس,جم
دجاج مجمد الوطنية,Poultry,الوطنية,,1,,,,عبوة,
Skittles Sour Chewy Candies - 160g,"Chocolates, Sweets & Desserts",Skittles,160g,1,,,,علبة,g
تفاح أخضر - بالوزن,Vegetables & Fruits,,,1,,,,عبوة,
الضحى عدس اصفر ,"Rice, Pasta & Pulses",الضحى,,1,,,,كيس,
حلوانى لانشون سادة 140.0 330 46.20,Beef & Processed Meat,حلوانى,330ج,1,,46.2,140,عبوة,ج
جبنة براميلى 85 0.115 9.775,Dairy & Eggs,,0.115,1,,9.775,85,عبوة,
ايطاليانو مكرونه شغ=عريه 400جم,"Rice, Pasta & Pulses",ايطاليانو,400جم,1,,,,كيس,جم
مسحوق اتوماتيك توب فاليو 8كجم,Cleaning Supplies,توب فاليو,8كجم,1,,,,عبوة,كجم
زيتون مفروم اسود,"Tins, Jars & Packets",,,1,,,,علبة,
كيك 220 ج كاسي,Biscuits & Cakes,,220ج,1,,,,باكو,ج
فيليدا فوطة ميكروفيبر ملونه متعدده الأغراض4ق,Cleaning Supplies,فيليدا,,4,,,,عبوة,
مولز بيتزا سوبر سوبريم 535جم,Bakery,مولز,535جم,1,,,,كيس,جم
تفاح سكري ايطالي  وزن ,Vegetables & Fruits,,,1,,,,كيس,
صلصه طماطم هاينز,"Tins, Jars & Packets",هاينز,,1,,,,علبة,
Twinings Of London Earl Grey Tea 200g,"Tea, Coffee & Hot Drinks",Twinings,200gm,1,,,,عبوة,gm
Al Hodhod Legmes Homs Sham 500gm,"Rice, Pasta & Pulses",Al Hodhod,500gm,1,,,,كيس,gm
Danone Max Strawberry Yoghurt Drink - 220gm,Dairy & Eggs,Danone,220g,1,,,,عبوة,g
كادبورى سى دى ام بندق 24ج,"Chocolates, Sweets & Desserts",كادبورى,24جم,1,,,,عبوة,جم
هاينز كاتشب دويباك جم 285,"Sauces, Dressings & Condiments",هاينز,285جم,1,,,,عبوة,جم
معتوق قهوة لبنانية خلطة خاصة 250 جم,"Tea, Coffee & Hot Drinks",معتوق,250جم,1,,,,عبوة,جم
حبل بلاستيك للغسيل طول 7 متر ,Furniture,,7متر,1,,,,بلاستيك,متر
تيفاني بسكوت بالزبده 200 جم,Biscuits & Cakes,تيفاني,200جم,1,,,,عبوة,جم
Edita Hohos Extreme Chocolate Cake 1pc,Biscuits & Cakes,Edita Hohos,,1,,,,باكو,
شيبسي تايجرعائلي بالجبنة المتبلة 51-55 جم,Chips & Crackers,شيبسي,51-55جم,1,,,,أكياس,جم
"Almarai Greek Yogurt With Strawberry, 170 Gm",Dairy & Eggs,Almarai,170Gm,1,,,,عبوة,Gm
ريتش بيك خبز  توست ناشف,Bakery,ريتش بيك,,1,,,,,
جبنة اسطنبولي عبورلاند - 250 جم,Dairy & Eggs,عبورلاند,250جم,1,,,,عبوة,جم
جهينه بيور عصير مانجو وخوخ 1لتر,Soft Drinks & Juices,جهينه,1لتر,1,,,,زجاجة,لتر
Buzz Energy 1,Soft Drinks & Juices,Buzz,,1,,,,عبوة,
Tamry thigh weight chicken ,Poultry,Tamry,,1,,,,عبوة,
T 19.95 هارفست صلصة ج800,"Tins, Jars & Packets",هارفست,800ج,1,,19.95,19.95,علبة,ج
كنور خضار مشكل حار 35 جم,Cooking Ingredients,كنور,35جم,1,,,,عبوة,جم
كوكى كبد وقوانص 500,Poultry,كوكى,500جم,1,,,,عبوة,جم
Loacker Eiswaffel Vanille - 75g ,Biscuits & Cakes,Loacker,75g,1,,,,عبوة,g
احمد شاي بريك فاست 25 فتله,"Tea, Coffee & Hot Drinks",احمد,,25,,,,علبة,
برتقال بلدى عصير,Soft Drinks & Juices,,,1,,,,زجاجة,
Nestle Pure Life Bottled Drinking Water 330ml,Water,Nestle,330ml,1,,,,زجاجة,ml
زجاجه عصير كبيره,Furniture,,,1,كبيره,,,زجاجه,كبيره
شيتوس لارج,Chips & Crackers,شيتوس,,1,,,,كيس,
Puvana Sparkling Water Medium 240ml,Water,Puvana,240ml,1,,,,زجاجة,ml
Abu Ali Extra Bread Crumbs - 500 gram,Bakery,Abu Ali,500gram,1,,,,عبوة,gram
كوكاكولا 1لتر انواع ,Soft Drinks & Juices,كوكاكولا,1لتر,1,,,,زجاجة,لتر
فريش فارم لانشون ديك رومي حار 250 جم,Poultry,فريش فارم,250جم,1,,,,عبوة,جم
اطياب لحم رومى جاهز مدخن بالوزن,Poultry,اطياب,,1,,,,عبوة,
دلما شاى بنكهه الرفاوله 30ج,"Tea, Coffee & Hot Drinks",دلما,30ج,1,,,,علبة,ج
مخلل مشكل تشويس أوليفيا - 3.7كجم,"Tins, Jars & Packets",تشويس أوليفيا,3.7كجم,1,,,,عبوة,كجم
Atyab Chicken Launcheon kg,Poultry,Atyab,kg,1,,,,عبوة,kg
زجاجه ديكفر سيريو,Furniture,سيريو,,1,,,,زجاجه,
بفتيك كندوز 500,Beef & Processed Meat,,500ج,1,,,,عبوة,ج
برجر صوص ايلوو نيويورك 500ج,"Sauces, Dressings & Condiments",ايلوو,500جم,1,,,,عبوة,جم
مكسر جبن,Dairy & Eggs,,,1,,,,عبوة,
RIDGE CRINKLED POTATO CREAM &amp; DILL 47-54G ,Chips & Crackers,RIDGE,47-54G,1,,,,كيس,G
Lavida Hot Sauce 88ml,"Sauces, Dressings & Condiments",Lavida,88ml,1,,,,عبوة,ml
مكرونة فيوزيللى - 400 جم,"Rice, Pasta & Pulses",,400جم,1,,,,كيس,جم
صلصة كاتشب طماطم - 320 جم,"Sauces, Dressings & Condiments",,320جم,1,,,,عبوة,جم
HoHos Jumbo Cake,Biscuits & Cakes,HoHos,,1,,,,عبوة,
مايتي زنجر بوكس .    قطعه دجاج حار .    سايتي زنجر.    ارز بدون دجاج ساده.     كول سلو صغير .    بيبسي كانز,Poultry,بيبسي,,1,,,,كانز,قطعه
منظف ومعطر للارضيات برائحة التوت البري عبوة 3 لتر,Cleaning Supplies,,3لتر,1,,,,زجاجة,لتر
هوت اند كريسبي بطاطا حلوة 1كجم,Vegetables & Fruits,هوت اند كريسبي,1كجم,1,,,,عبوة,كجم
المراعى رايب 900 جم,Dairy & Eggs,المراعى,900جم,1,,,,علبة,جم
هاينز باربيكيو صوص 300 مل,"Sauces, Dressings & Condiments",هاينز,300مل,1,,,,عبوة,مل
Americana Tuna Chunks In Soya Oil With Brine - 140 gm,"Tins, Jars & Packets",Americana ,140gm,1,,,,علبة,gm
Hafsa Golden Basmtie Rice - 1kg,"Rice, Pasta & Pulses",Hafsa,1kg,1,,,,كيس,kg
حمص مقشر بلدي 1 كيلو ,"Rice, Pasta & Pulses",,1كيلو,1,,,,كيس,كيلو
Dolce Dolceca Crispy Cocoa Cream Wafer Filled With Milk Cream 20g,Biscuits & Cakes,Dolce Dolceca,20g,1,,,,باكو,g
نستلة مياة طبيعية 600 مللي 2.95 1 2.95,Water,نستلة,600مللي,1,,2.95,2.95,زجاجة,مللي
HALWANI CHICKEN BURGER *8 PCS,Poultry,HALWANI,,8,,,,عبوة,
وندرفيل ايس كريم زبادى وصوص توت 150مل,"Chocolates, Sweets & Desserts",وندرفيل,150مل,1,,,,عبوة,مل
AMERICANA PEAS 900G,Vegetables & Fruits,AMERICANA,900G,1,,,,كيس,G
عصير جهينه بريم عنب احمر 23,Soft Drinks & Juices,جهينه,23م,1,,,,زجاجة,م
ميرو حليب بودرة خالي الدسم 20 × 20 جم,Dairy & Eggs,ميرو,20جم,20,,,,علبة,جم
اكوا فينا مياه 600 مل,Water,اكوا فينا,600مل,1,,,,زجاجة,مل
9.99 Toast Add 9.99 1.00,Bakery,,,1,,9.99,9.99,كيس,
ارز 1 كجم من زينة,"Rice, Pasta & Pulses",زينة,1كجم,1,,,,كيس,كجم
كندوز اسكالوب بالوزن,Beef & Processed Meat,,,1,,,,عبوة,
لمتنا مكرونه خواتم 400جرام,"Rice, Pasta & Pulses",لمتنا,400جرام,1,,,,كيس,جرام
مياه صغيره600مل,Water,,600مل,1,,,,زجاجة,مل
صلصة طماطم فاين فوودز 360 جم,"Tins, Jars & Packets",فاين فوودز,360جم,1,,,,علبة,جم
ليون شيبسي بالفلفل والليمون 42-52 جم,Chips & Crackers,ليون,42-52جم,1,,,,أكياس,جم
"Crystal Ghee Vegetable Yellow, 1.5 Kg",Cooking Ingredients,Crystal,1.5kg,1,,,,علبة,kg
Abu Auf French Coffee With Milk 250 Gm ,"Tea, Coffee & Hot Drinks",Abu Auf,250gm,1,,,,عبوة,gm
أميركان جاردن مايونيز أمريكي لايت 237 مل,"Sauces, Dressings & Condiments",أميركان جاردن,237مل,1,,,,عبوة,مل
وارفست حمص 400 ج,"Rice, Pasta & Pulses",هارفست,400ج,1,,,,,ج
Jardino Tomato Sauce 380G ,"Tins, Jars & Packets",Jardino ,380g,1,,,,عبوة,g
بريك ديلاتس شكولات 16.5 جم,"Chocolates, Sweets & Desserts",بريك,16.5جم,1,,,,عبوة,جم
RAID MATS HOLDER + 3 FREE REFILLS,Cleaning Supplies,RAID,,4,,,,عبوة,
كندر 8 اصابع,Biscuits & Cakes,كندر,,8,,,,باكو,
ثرى ام صلصه ظرف,"Tins, Jars & Packets",ثرى ام,,1,,,,علبة,
زمبلكات علبه اشكال ,Furniture,,,,,,,علبه,
كندوز سجق مخصوص ,Beef & Processed Meat,,,1,,,,عبوة,
بسكو مصر كوكو لاف,Biscuits & Cakes,بسكو مصر,,1,,,,باكو,
 شيفي ميكس مرقة الخضار، 150 جرام,Cooking Ingredients,شيفي ميكس,150جرام,1,,,,عبوة,جرام
ويفر سولا بشوكلاتة الحليب، 25 جم - 12 عبوة,Biscuits & Cakes,سولا,25جم,12,,,,عبوة,جم
سبرايت كانز 330 مل,Soft Drinks & Juices,سبرايت,330مل,1,,,,كانز,مل
حلوانى دجاج ستريبس 400 جم,Poultry,حلوانى,400جم,1,,,,عبوة,جم
Bake Rolz Salt - Pack of 30,Chips & Crackers,Bake Rolz,,1,,,,,
قوت القلوب سمن 650جم ,Cooking Ingredients,قوت القلوب,650جم,1,,,,عبوة,جم
Hayat Mineral Water - 1.5 Liter,Water,Hayat,1.5Litre,1,,,,زجاجة,Litre
تونه حدائق كاليفورنيا قطع فاتحه ,"Tins, Jars & Packets",حدائق كاليفورنيا,,1,,,,علبة,
تشيكن كييف - 400جم,Poultry,,400جم,1,,,,عبوة,جم
بيبسى كانز,Soft Drinks & Juices,بيبسي,,1,,,,كانز,
MENERAL WATER,Water,,,1,,,,زجاجة,
فصوص رومي من حلواني/ كيلو جرام,Poultry,حلواني,,1,,,,عبوة,
روز جاردن ملمع زجاج غيار 600 مل,Cleaning Supplies,روز جاردن,600مل,1,,,,زجاج,مل
تست بيور سوسيس هوت دوج 400 جم,Beef & Processed Meat,تست,400جم,1,,,,عبوة,جم
كالنورت مرقة سمك 8 × 10 جم,Cooking Ingredients,كالنورت,10جم,1,,,,عبوة,جم
Gandour Tea Biscuits - 85 grams - 12 Pieces,Biscuits & Cakes,Gandour,85 grams,12,,,,باكو,grams
كورونا شكولاتة لايت ٢٨ جم 7.00 1 7.00,"Chocolates, Sweets & Desserts",كورونا,28جم,1,,7,7,عبوة,جم
رو بطاطس شيبس هاليبينو، 57-62 جرام,Chips & Crackers,رو,57-62جرام,1,,,,كيس,جرام
رقائق لحم بقرى جورميه,Beef & Processed Meat,جورميه,,1,,,,عبوة,
FARAGELLO BEEF BURGER FAMILY 1KG,Beef & Processed Meat,FARAGELLO,1kg,1,,,,عبوة,kg
فول مدمس مقشر بالفلفل الحار - 400 جم,"Tins, Jars & Packets",,400جم,1,,,,عبوة,جم
يال  مكرونه 400ج,"Rice, Pasta & Pulses",يال,400ج,1,,,,كيس,ج
Juhayna Classic Cocktail Juice -  1 Liter,Soft Drinks & Juices,Juhayna,1L,1,,,,عبوة,L
ريجينا مكرونه حروف ابجديه وارقام 400 جم,"Rice, Pasta & Pulses",ريجينا,400جم,1,,,,كيس,جم
علبه لارج,Biscuits & Cakes,,,1,لارج,,,علبه,لارج
Juhayna Natural Yoghurt - 105gm - Pack of 6+2,Dairy & Eggs,Juhayna,105gm,8,,,,عبوة,gm
فيروز 1 لتر بلاستيك,Soft Drinks & Juices,فيروز,1لتر,1,,,,بلاستيك,لتر
9.00 ...... water mineral 1,Water,,,1,,9,9,زجاجة,
بيسكو مصر كولا  لافرز,Biscuits & Cakes,بيسكو مصر كولا  لافرز,,1,,,,باكو,
Atyab Chicken Nuggets 400g,Poultry,Atyab,400g,1,,,,عبوة,g
سبرايت بلاستيك 2.45 لتر,Soft Drinks & Juices,سبرايت,2.45لتر,1,,,,بلاستيك,لتر
بطاطس كرانشي بالطماطم - 76جم,Chips & Crackers,كرانشي,76جم,1,,,,كيس,جم
فريماز سناكس بالجبنه والبصل 75 جم,Chips & Crackers,فريماز,75جم,1,,,,أكياس,جم
Sprite Regular 1,Soft Drinks & Juices,Sprite,,1,,,,عبوة,
جرين اورغينيز عصير ماكا بودرة - 90غرام,Soft Drinks & Juices,جرين اورغينيز,90جم,1,,,,زجاجة,جم
علبه مسحوق141,Bakery,,,1,,,,علبه,
تيستي بيور بيف بيكون مدخن 250 جم,Beef & Processed Meat,تيستي بيور,250جم,1,,,,عبوة,جم
صدور بانيه حارة من روستي - 350 جرام,Poultry,روستي,350جرام,1,,,,عبوة,جرام
دره كاتشب 500ج,"Sauces, Dressings & Condiments",دره,500جم,1,,,,عبوة,جم
شرائح البطاطس الطبيعية بنكهة الكريمة الحامضة والجبن من ميجا شيبس - 100 جرام,Chips & Crackers,ميجا شيبس,100جرام,1,,,,أكياس,جرام
مجله /احمد شاى 250 جم,"Tea, Coffee & Hot Drinks",احمد تي,250جم,1,,,,,جم
فريتو ورق عنب بالزيت 500جم,Vegetables & Fruits,فريتو,500جم,1,,,,عبوة,جم
ستار مكرونه هلالى ,"Rice, Pasta & Pulses",ستار,,1,,,,كيس,
Toast Milk Bake Rich,Bakery,Bake Rich,,1,,,,كيس,
Ulker Tamr Biscuit - 22 Gram,Biscuits & Cakes,Ulker,,1,,,,باكو,
Essential Everyday Apple Cider Vinegar 16oz,"Sauces, Dressings & Condiments",Essential Everyday,,1,,,,عبوة,
Moro Caramel Chocolate Bar - 40 gram - 12 Pieces,"Chocolates, Sweets & Desserts",Moro,40gm,12,,,,عبوة,gm
شيتوس بافس جبنه 75جم,Chips & Crackers,شيتوس,75جم,1,,,,كيس,جم
دانون يونانى كراميل مملح,Dairy & Eggs,دانون,,1,,,,علبة,
صوص سويت اند ساور,"Sauces, Dressings & Condiments",سويت اند ساور,,1,,,,عبوة,
بريزيدون جبنه مطبوخه بالشيدر,Dairy & Eggs,بريزيدون,,1,,,,عبوة,
RITTER SPORT RASPBERRY  ROSE 100G,"Chocolates, Sweets & Desserts",RITTER SPORT,100gm,1,,,,عبوة,gm
هاينز صويا صوص بريمي 150م فاتح,"Sauces, Dressings & Condiments",هاينز,150جم,1,,,,عبوة,جم
هاربيك وييف اقراص تواليت 35جم,Cleaning Supplies,هاربيك,35جم,1,,,,عبوة,جم
راني حبيبات اناناس 240مل ,Soft Drinks & Juices,راني,240مل,1,,,,زجاجة,مل
فريسكا لوك شيكولاته +البندق قطعه,"Chocolates, Sweets & Desserts",فريسكا,,1,,,,,قطعه
Hayat Water 12 x 1.5 Litre,Water,Hayat,1.5Litre,12,,,,,Litre
روتس شاي قرفة وزنجبيل 20 ظرف,"Tea, Coffee & Hot Drinks",روتس,,20,,,,علبة,
لانشون حلواني بقري ساده ,Beef & Processed Meat,حلواني,,1,,,,عبوة,
رويال شاى رجيم 50ق,"Tea, Coffee & Hot Drinks",رويال,,50,,,,علبة,
Large Milk Bread 1pkt,Bakery,,,1,,,,عبوة,
بطاطس شيبسى هالوبينو ,Chips & Crackers,شيبسى,,1,,,,كيس,
كول جير زجاجه 28 اونز ,Furniture,كول جير,28سم,1,,,,زجاجه,
لبن بودره وزن ,Dairy & Eggs,,,1,,,,عبوة,
شنطه بلاستيك فينوس صغيره,Furniture,فينوس,,1,صغيره,,,بلاستيك,صغيره
علبه مخلل مشكل,"Tins, Jars & Packets",,,1,,,,علبه,
خبز فينو بالسمسم,Bakery,,,1,,,,كيس,
شويبس مشروب غازي بالرمان، 1 لتر,Soft Drinks & Juices,شويبس,1لتر,1,,,,زجاجة,لتر
Top Value Cooked Foul Medammes - 400g,"Tins, Jars & Packets",Top Value,400gm,1,,,,عبوة,gm
Biscuit Rolls Cigar 500g Approx. Weight,Bakery,,,1,,,,عبوة,
احمد تى اخضر نعناع ,"Tea, Coffee & Hot Drinks",احمد تى,,1,,,,علبة,
مياة نستلة ,Water,نستلة,,1,,,,زجاجة,
قويدر علبه كنافه ,Sweets & Desserts,قويدر,,1,,,,علبه,
س دينر كومبو وسط عادي  كول سلو صغير  بيبسي كانز  بطاطس وسط,Soft Drinks & Juices,بيبسي,,1,وسط,,,كانز,وسط
غالية زيت خليط 700 مل,Cooking Ingredients,غالية,700مل,1,,,,عبوة,مل
رقائق ذره دوريتوس حار,Chips & Crackers,دوريتوس,,1,,,,كيس,
فريش بطاطس تحمير جديدة وزن ,Vegetables & Fruits,,,1,,,,كيس,
KITKAT CHUNKY CINNABON 41.5G*24,"Chocolates, Sweets & Desserts",KITKAT,41.5جم,24,,,,عبوة,جم
صلصة حارة حلوة -474 مللي,"Tins, Jars & Packets",,474مللي,1,,,,علبة,مللي
تشيكن فيليه سائد-قاموس ستار ساندوتش بالجبن-2 بطاطا عادي متوسط-2 بيبسي كانز,Bakery,بيبسي,,1,متوسط,,,كانز,متوسط
Farm Fresh Green Olive - 370 G,"Tins, Jars & Packets",Farm Fresh,370Gm,1,,,,عبوة,Gm
مكرونة لسان عصفور سيمولينا إيطالية,"Rice, Pasta & Pulses",,,1,,,,كيس,
خبز فينو بالسمسم,Bakery,,,1,,,,كيس,
دومتى كيزر ساده 4ق,Bakery,دومتى,,4,,,,كيس,
جهينه برتقال 235 م,Soft Drinks & Juices,جهينه,235مل,1,,,,عبوة,مل
برنجلز سناكس بطاط 14.00 1 14.00,Chips & Crackers,برنجلز,,1,,14,14,كيس,
الهلال فرشة بالجاروف كبيرمودرن التوأم,Cleaning Supplies,الهلال,,1,,,,عبوة,
كبده دجاج,Poultry,,,1,,,,عبوة,
ALMARAI T.YOGHURT PEACH 100G*3E1,Dairy & Eggs,ALMARAI,100gm,3,,,,عبوة,gm
بسطرمة بلدي بالوزن,Beef & Processed Meat,,,1,,,,عبوة,
نستله جالون غيار 18.900 لتر,Water,نستله,18.9لتر,1,,,,زجاجة,لتر
علبه مخلل صغير,"Tins, Jars & Packets",,,1,صغير,,,علبه,صغير
Juhayna Classic Red Grapes Juice - 1l,Soft Drinks & Juices,Juhayna,1L,1,,,,عبوة,L
كبك هوهوز كريمه 1ق,Biscuits & Cakes,هوهوز,,1,,,,باكو,
Kraft Oreo Cream Biscuit Vanilla 28.5g,Biscuits & Cakes,Oreo,28.5g,1,,,,باكو,g
Chipsy Kebab Potato Chips - 41 gm,Chips & Crackers,Chipsy,41gm,1,,,,كيس,gm
Cleaning Brush - Multicolor,Cleaning Supplies,,,1,,,,عبوة,
مياه BE WATER,Water,BE WATER,,1,,,,زجاجة,
Temry Whole Chicken 1000-1100gm ,Poultry,Temry,1000-1100gm,1,,,,عبوة,gm
ملح الليمون,Cooking Ingredients,,,1,,,,عبوة,
ماجى مرقه دجاج ، عبوة من 12 مكعب,Cooking Ingredients,ماجى,,12,,,,عبوة,
توك كريمه متبله25جم,Biscuits & Cakes,توك,25جم,1,,,,باكو,جم
 الضحى ذره فشار، 500 جرام ,"Rice, Pasta & Pulses",الضحى,500جرام,1,,,,كيس,جرام
امريكانا فول خلطات ٤٠٠ جرام 1 11.00 11.00,"Tins, Jars & Packets",امريكانا,400جرام,1,,11,11,علبة,جرام
مينى باتيه جبنه بيضاء,Bakery,,,1,,,,كيس,
Dasani Water 600ml,Water,Dasani,600ml,1,,,,زجاجة,ml
Bravo Chips Ketchup 47-54g,Chips & Crackers,Bravo,47-54g,1,,,,كيس,g
فريماز سناكس البابريكا 75 جم,Chips & Crackers,فريماز,75جم,1,,,,أكياس,جم
مياه طبيعية من نستله - 1.5 لتر - عبوة من 12,Water,نستله,1.5لتر,12,,,,عبوة,لتر
اللحيمي هوت دوج بقري 900جم,Beef & Processed Meat,اللحيمي,900جم,1,,,,عبوة,جم
مكرونة شعرية,"Rice, Pasta & Pulses",,,1,,,,كيس,
ارز السوهاجى,"Rice, Pasta & Pulses",السوهاجى,,1,,,,كيس,
وش فخده بقري بلدي1ك,Beef & Processed Meat,,1ك,1,,,,عبوة,ك
طرشى بلدى علبه,Bakery,,,1,,,,علبه,
Biscato Light Digesta Biscuits - 210 grams,Biscuits & Cakes,Biscato,210جم,1,,,,باكو,جم
Almarai Full Cream Yoghurt 1kg,Dairy & Eggs,Almarai,1kg,1,,,,عبوة,kg
White Castle Luxury Cream Wafer With Vanilla 100g,Biscuits & Cakes,White Castle,100gm,1,,,,عبوة,gm
زيتون كلاماتا دولى وسط,"Tins, Jars & Packets",,,1,,,,علبة,
السوهاجى لوبيا بلدي، 500 جم,"Rice, Pasta & Pulses",السوهاجى,500جم,1,,,,كيس,جم
بريك جبنه متبله 42جم,Chips & Crackers,بريك,42جم,1,,,,كيس,جم
حدائق كاليفورنيا تونة قطع فاتحة 0 1 0 25.00,"Tins, Jars & Packets",حدائق كاليفورنيا,,1,,25,25,علبة,
رقائق سبرنج رول الكرامة، كبيرة - 250 جم,Bakery,الكرامة,250جم,1,,,,كيس,جم
السوهاجى فاصوليا بيضاء 500 جم,"Rice, Pasta & Pulses",السوهاجي,500جم,1,,,,,جم
Bahlsen Pick Up Choc.&amp;Mi.B.28g ,Biscuits & Cakes,Bahlsen,28g,1,,,,باكو,g
Hayat Natural Water Bottle - 600ml x 9 Pieces ,Water,Hayat,600ml,9,,,,زجاجة,ml
شيتوس جبنة كرانشى 74-70جم,Chips & Crackers,شيتوس,74-70جم,1,,,,أكياس,جم
ميتلاند سجق شرقي، 900 جرام,Beef & Processed Meat,ميتلاند,900جرام,1,,,,عبوة,جرام
 جهينه رايب قرفة، 220 جم,Dairy & Eggs,جهينه,220جم,1,,,,عبوة,جم
توبليرون 100جم,"Chocolates, Sweets & Desserts",توبليرون,100جم,1,,,,عبوة,جم
ملوخية السنبلة 400 جم,Vegetables & Fruits,السنبلة,400جم,1,,,,عبوة,جم
جبنة دوبل كريم جرين لاند - 450 جم,Dairy & Eggs,,450جم,1,,,,عبوة,جم
نستله بيور لايف,Water,نستله,,1,,,,,
Divatoll Disinfectant With Lavender - 500 ml,Cleaning Supplies,Divatoll,500 ml,1,,,,عبوة,ml
Giardino Vinegar - 1 Liter,"Sauces, Dressings & Condiments",Giardino,1Liter,1,,,,عبوة,Liter
Top Value Fava Beans - 500g,"Rice, Pasta & Pulses",Top Value,500g,1,,,,كيس,g
ام & امز شيكولاته 45ج,"Chocolates, Sweets & Desserts",ام & امز,45جم,1,,,,عبوة,جم
كورونا بيمبو بسكويت 12 قطعه,Biscuits & Cakes,كورونا,,12,,,,باكو,
سجق شرقي المراعي - 300جم,Beef & Processed Meat,المراعي,300جم,1,,,,عبوة,جم
صلصة طماطم من هارفست - 375 جرام,"Tins, Jars & Packets",هارفست,375جم,1,,,,عبوة,جم
ULKER FINGER COCOA 60G *6,Biscuits & Cakes,ULKER FINGER,60gram,1,,,,باكو,gram
بريتزل بالملح البحري35/40جم,Chips & Crackers,,35/40جم,1,,,,كيس,جم
شيكولاتة كادبري 11 جم سي,"Chocolates, Sweets & Desserts",كادبوري,11جم,1,,,,,جم
رويال كركديه 20فتله,"Tea, Coffee & Hot Drinks",رويال,,20,,,,كيس,
Cinnamon Powder - 20g,Cooking Ingredients,,20g,1,,,,عبوة,g
اب جوس عصير بودرة بنكهه البرتقال وزن,Soft Drinks & Juices,اب جوس,,1,,,,عبوة,
كلوركس مطهر 3ل,Cleaning Supplies,كلوركس,3ل,1,,,,عبوة,ل
Pringles Sweet paprike chip,Chips & Crackers,Pringles,,1,,,,كيس,
صوص شطة خضراء سيراتشا حار فلاينج جوس - 200مل,"Sauces, Dressings & Condiments",فلاينج جوس,200مل,1,,,,عبوة,مل
Lion Kebab Chips 42-52g,Chips & Crackers,Lion,42-52g,1,,,,كيس,g
زيتون اخضر مصري جامبو 250 جم,"Tins, Jars & Packets",,250جم,1,,,,عبوة,جم
تروبيكانا فروتز مشروب كانتلوب فوار 275 مل,Soft Drinks & Juices,تروبيكانا فروتز,275مللي,1,,,,زجاجة,مللي
الشمعدان ويفر شيكولاته,Biscuits & Cakes,الشمعدان,,1,,,,باكو,
Sherraton Natural Ghee 400g,Cooking Ingredients,Sherraton,400g,1,,,,عبوة,g
صوص بيج نيستي,"Sauces, Dressings & Condiments",,,1,,,,عبوة,
بلجيكي 50٪ شوكولاتة داكنة 100 جم,"Chocolates, Sweets & Desserts",,100جم,1,,,,عبوة,جم
Afia Corn Plus Oil 1.6 kg ,Cooking Ingredients,Afia,1.6kg,1,,,,عبوة,kg
Halwani Tahina White 475 G ,"Sauces, Dressings & Condiments",Halwani,475G,1,,,,عبوة,G
صلصة كاتشب طماطم - 320 جم,"Sauces, Dressings & Condiments",,320جم,1,,,,عبوة,جم
ريد بول مشروب الطاقه 250مللى,Soft Drinks & Juices,ريد بول,250مل,1,,,,زجاجة,مل
لحم بقرى ,Beef & Processed Meat,,,1,,,,عبوة,
Abu Kass Basmati Rice - 2kg,"Rice, Pasta & Pulses",Abu Kass,2kg,1,,,,كيس,kg
بري واى خبز سوبر رول 4قط,Bakery,بري واى,,4,,,,كيس,
تورتة بلاك فورست اسبيشيال هايبروان ,"Chocolates, Sweets & Desserts",هايبروان,,1,,,,عبوة,
جبن فيتا رودس,Dairy & Eggs,رودس,,1,,,,عبوة,
السنبله رقائق السبريننج رول 20ق 160جم,Bakery,السنبله,160جم,20,,,,كيس,جم
كنور خلطه شاورما /شيش طاوق 30,Cooking Ingredients,كنور,30جم,1,,,,عبوة,جم
Bavaria Malt Bever.Peach 330M,Soft Drinks & Juices,Bavaria,330ml,1,,,,زجاجة,ml
بريل 500 جم,Cleaning Supplies,بريل,500جم,1,,,,عبوة,جم
rugular cocacola,Soft Drinks & Juices,cocacola,,1,,,,زجاجة,
ايطاليانو شعريه 400 ج,"Rice, Pasta & Pulses",ايطاليانو,400ج,1,,,,,ج
صوص نار نار,"Sauces, Dressings & Condiments",,,1,,,,عبوة,
Isis Organic Peppermint 50 Teabags,"Tea, Coffee & Hot Drinks",Isis,,50,,,,علبة,
Cadbury Dairy Milk Hazelnut - 37 grams  - 5 Pieces,"Chocolates, Sweets & Desserts",Cadbury,37g,12,,,,عبوة,g
حلونى قشطة دجاج 0.1387 175 24.27,Poultry,حلونى,0.1387,1,,24.27,175,عبوة,
كيلو بانيه ,Poultry,,,1,,,,عبوة,
Squeeze Juice Hibiscus With Orange 250 ml,Soft Drinks & Juices,Squeeze,250مل,1,,,,زجاجة,مل
دومتى انواع ,Dairy & Eggs,دومتى,,1,,,,عبوة,
هولز حلوي بالكريز 9 قطع ,"Chocolates, Sweets & Desserts",هولز,,9,,,,عبوة,
تونة ريو ماري في زيت زيتون - 160جم,"Tins, Jars & Packets",ريو ماري,160جم,1,,,,علبة,جم
النخيل خيار طبق 1كجم,Vegetables & Fruits,النخيل,1كجم,1,,,,كيس,كجم
بيك رولز كبير ملح,Chips & Crackers,بيك رولز,,1,,,,كيس,
طقم مج+طبق زجاج,Furniture,,,1,,,,زجاج,
6.00LE* 1 6.00LE ml 600 Water Lavie,Water,Lavie,600ml,1,,6,6,زجاجة,ml
Twix Choco Biscuit - 50 grams - 25 Count,Biscuits & Cakes,Twix,,1,,,,باكو,
 دايت بيبسي وسط,Soft Drinks & Juices,بيبسي,,1,,,,عبوة,
أكوافينا مياه طبيعية - 1.5 لتر - عبوة من 12,Water,أكوافينا,1.5لتر,12,,,,عبوة,لتر
ماجي خلطه كفته الحاتي,Cooking Ingredients,ماجي,,1,,,,عبوة,
Cadbury Choco Hazelnut Mini Ba,"Chocolates, Sweets & Desserts",Cadbury,,1,,,,عبوة,
بيبسى زجاج,Soft Drinks & Juices,بيبسي,,1,,,,زجاج,
جهينه لبن زيرو 1لتر,Dairy & Eggs,جهينه,1لتر,1,,,,عبوة,لتر
شهد اوراك دجاج 1كج,Poultry,شهد,1كج,1,,,,عبوة,كج
هاينز كاتشب 200ج,"Sauces, Dressings & Condiments",هاينز,200جم,1,,,,عبوة,جم
Arafa Tahina 100g,"Sauces, Dressings & Condiments",Arafa,100g,1,,,,عبوة,g
أكوافينا مياه معدنية 600 مل,Water,أكوافينا,600مل,1,,,,زجاجة,مل
American Garden Yellow Mustard Squeez 340g,"Sauces, Dressings & Condiments",American Garden,340gm,1,,,,عبوة,gm
افانتي حليب مجفف كامل الدسم 800 جم,Dairy & Eggs,افانتي,800جم,1,,,,علبة,جم
11.50 سبع بهارات / ك,Cooking Ingredients,,1.5كجم,1,,11.5,11.5,عبوة,كجم
8.77 سلطة بلدى 1,Vegetables & Fruits,,,1,,8.77,8.77,عبوة,
عيش بلدى 5قطع,Bakery,,,5,,,,كيس,
كوب عصير  سلاش,Soft Drinks & Juices,,,1,,,,زجاجة,
لاكتيل زبادى كلاونى 105جم,Dairy & Eggs,لاكتيل,105gm,1,,,,عبوة,gm
مولتو ماجنم مينى فراوله قطع,Bakery,مولتو,,1,,,,كيس,
المراعى زبادى لايت 105ج,Dairy & Eggs,المراعى,105gm,1,,,,عبوة,gm
بيبسي كانز,Soft Drinks & Juices,بيبسي,,1,,,,كانز,
Mcvities Digestive Dark Chocolate Biscuit 200g,Biscuits & Cakes,Mcvities Digestive,200G,1,,,,عبوة,G
ابو كاس ارز بسمتى 1 كجم,"Rice, Pasta & Pulses",ابو كاس,1كجم,1,,,,كيس,كجم
Rich Beef Luncheon With Black Pepper 250g,Beef & Processed Meat,Rich,250gm,1,,,,عبوة,gm
دولتشي دولسيكا ويفر كريسبي كاكاو بنكهة البراونيز 20 جم,Biscuits & Cakes,دولتشي دولسيكا,20جم,1,,,,عبوة,جم
Hibiscus - 250 Gm,"Tea, Coffee & Hot Drinks",,250Gm,1,,,,,Gm
كباب حله بقرى ,Beef & Processed Meat,,,1,,,,عبوة,
بسكويت اولكر بالتمر - 48 جم,Biscuits & Cakes,اولكر,48جم,1,,,,باكو,جم
سجق عادى بالوزن ,Beef & Processed Meat,,,1,,,,,
اطياب لانشون لحم,Beef & Processed Meat,اطياب,,1,,,,عبوة,
مارس شوكلاته 45 ج,"Chocolates, Sweets & Desserts",مارس,45جم,1,,,,عبوة,جم
بريك بسكويت بالكراميل 50ج,Biscuits & Cakes,بريك,50ج,1,,,,باكو,ج
اطياب صدور بانيه ق8 حار,Poultry,اطياب,,8,,,,عبوة,
Bake Rolz Salt Crackers - 103 gram,Chips & Crackers,Bake Rolz,103 gram,1,,,,كيس,gram
جبن رومى ةسط بالوزن,Dairy & Eggs,,,1,,,,عبوة,
لانشون حكايه ,Beef & Processed Meat,حكايه,,1,,,,عبوة,
تايجر سوبر بطاطس شيبس 1 5.00 5.00,Chips & Crackers,تايجر,,1,,5,5,كيس,
دايت بيبى كانز,Baby Care,بيبسي,,1,,,,كانز,
Maggi Chicken Cream Soup - 71 gram - 12 Pieces,"Tins, Jars & Packets",Maggi ,71gram,12,,,,عبوة,gram
Pasta Big Rings - 350g,"Rice, Pasta & Pulses",,350g,1,,,,كيس,g
معجون الفلفل الأحمر السوري 300 جرام,"Tins, Jars & Packets",,300جم,1,,,,عبوة,جم
Nestle Sparkling Water 240ml,Water,Nestle,240ml,1,,,,زجاجة,ml
turkish coffee dark 250g,"Tea, Coffee & Hot Drinks",,250g,1,,,,عبوة,g
هاينز ١٩٠ جم شيلى صوص 16.00 1 16.00,"Sauces, Dressings & Condiments",هاينز,,1,,16,16,عبوة,
جهينه عصير تفاح,Soft Drinks & Juices,جهينه,,1,,,,زجاجة,
دينا عصير برتقال 850ملى,Soft Drinks & Juices,دينا,850مللي,1,,,,زجاجة,مللي
مياة معدنية طبيعية من مايا - 2 لتر - 6 زجاجات,Water,مايا,2لتر,6,,,,زجاجة,لتر
فينيسيا شعريه 400 جم,"Rice, Pasta & Pulses",فينيسيا,400جم,1,,,,,جم
توابل البرياني من إمتنان - 110 جرام,Cooking Ingredients,إمتنان,110جرام,1,,,,عبوة,جرام
هديه مكرونه خواتم,"Rice, Pasta & Pulses",هديه,,1,,,,كيس,
سمبوسك الكرامة قلقل الدسم - 500جم,Bakery,الكرامة,500جم,1,,,,كيس,جم
Atyab Chicken Wings - 700 gram,Poultry,Atyab,700gram,1,,,,عبوة,gram
بيبسى كانز كبير,Soft Drinks & Juices,بيبسي,,1,كبير,,,كانز,كبير
بسكويت اوريو مغطى فانليا,Biscuits & Cakes,اوريو,,1,,,,باكو,
جلاسي منظف زجاج,Cleaning Supplies,جلاسي,,1,,,,زجاج,
كاليفورنيا حبوب ذره حلوه 400جم,"Tins, Jars & Packets",كاليفورنيا,400جم,1,,,,علبة,جم
بيتي عصير مانجو 235 مل,Soft Drinks & Juices,بيتي,235مل,1,,,,عبوة,مل
FARAGELLO BEEF BURGER FAMILY 1KG,Beef & Processed Meat,FARAGELLO,1kg,1,,,,عبوة,kg
كفتة بقري - بالكيلو,Beef & Processed Meat,,كيلو,1,,,,عبوة,كيلو
جبنه براميلى مصرى قديمه,Dairy & Eggs,,,1,,,,عبوة,
اطياب 1 جم استربس با,Poultry,اطياب,1جم,1,,,,عبوة,جم
كورونا كفرتورة شوكولاتة - 320 جم,"Chocolates, Sweets & Desserts",كورونا,320جم,1,,,,عبوة,جم
32.00 Wedges Potato,Vegetables & Fruits,,,1,,32,32,عبوة,
TIC TAC ORANGE 10.2G*12,"Chocolates, Sweets & Desserts",TIC TAC,10.2,12,,,,عبوة,
ريتش فصوص رومى مدخنه بالزعتر وزن,Poultry,ريتش,,1,,,,عبوة,
شيكولاتة جيليان بالتوت - 150جم,"Chocolates, Sweets & Desserts",جيليان,150جم,1,,,,عبوة,جم
بهار كفته من عبيدو - 100 جرام,Cooking Ingredients,عبيدو,100جم,1,,,,عبوة,جم
ريتش بيك خبز لبنانى كبير 5ق,Bakery,ريتش بيك,,5,,,,كيس,
شيبسى بطاطس بالطماطم 5ج,Chips & Crackers,شيبسى,,1,,5,5,كيس,
جبن اسطنبولى 500 جم تتراباك ,Dairy & Eggs,تتراباك,500جم,1,,,,تتراباك,جم
@ Small Water Mineral 2,Water,,,2,,,,زجاجة,
"Juhayna Greek Yogurt, 0.2% Fat - 180 gm",Dairy & Eggs,Juhayna,180gm,1,,,,عبوة,gm
زاهر جبنه براميلي فلفل وزن,Dairy & Eggs,زاهر,,1,,,,عبوة,
مياة طبيعية دسانى 600مل *20ق ,Water,دسانى,600مل,20,,,,زجاجة,مل
فريرو روشيه شيكولاته,"Chocolates, Sweets & Desserts",فريرو روشيه,,1,,,,عبوة,
يانسون 20 ظرف مغلف العطار,"Tea, Coffee & Hot Drinks",العطار,,1,,,,علبة,
علبه عدس وسط,"Rice, Pasta & Pulses",,,1,وسط,,,علبه,وسط
هاينز كاتشب 285 جم,"Sauces, Dressings & Condiments",هاينز,285جم,1,,,,,جم
 معطر ومنعم ملابس ١كيلو برائحه  البوكية مركز,Cleaning Supplies,,1كيلو,1,,,,عبوة,كيلو
القبطان كبده اسكندرانى 450 جم,Beef & Processed Meat,,450جم,1,,,,,جم
Afia Sunflower Oil 2.2 liter + Sugar Gift,Cooking Ingredients,Afia,2.2Liters,1,,,,عبوة,Liters
ترمس من السوهاجي - 500جم,"Rice, Pasta & Pulses",السوهاجي,500جم,1,,,,كيس,جم
ULKER FINGER COCOA 60G,Biscuits & Cakes,ULKER FINGER,60gram,1,,,,باكو,gram
Jacker Oriental Potato Chips - 160gm,Chips & Crackers,Jacker,160gm,1,,,,كيس,gm
شوفان ابيض 500 جم علبه عرض,Breakfast Cereals & Bars,,500جم,1,,,,علبه,جم
جوانتي شفاف بلاستيك ,Disposables & Napkins,,,1,,,,بلاستيك,
Farm Fresh Mixed Vegetables - 400 Gram,Vegetables & Fruits,Farm Fresh,400gm,1,,,,كيس,gm
صوص بيج تيستي,"Sauces, Dressings & Condiments",,,1,,,,عبوة,
كلوركس الوان ٩٥٠ مل + مبيض ١لتر + متعدد ١,Cleaning Supplies,كلوركس,950مل+1لنر+1لتر,1,,,,عبوة,مللنرلتر
جبنة لافاش كيري بالقشطة - 200 جم,Dairy & Eggs,لافاش,200جم,1,,,,عبوة,جم
Cadbury Dairy Milk Chocolate - 26 gram,"Chocolates, Sweets & Desserts",Cadbury,26gram,1,,,,عبوة,gram
Royal Lemon&amp;Ginger 20Bags ,"Tea, Coffee & Hot Drinks",Royal,,20,,,,علبة,
دولفين تونه قطع سهله الفتح 185 جرام 3 علبه,"Tins, Jars & Packets",دولفين,185جرام,3,,,,علبه,جرام
كيرى بالقشطه 12ق,Dairy & Eggs,كيرى,,12,,,,عبوة,
استربس حلواني حار &#8211; 400 جم‎,Poultry,حلواني,400جم,1,,,,عبوة,جم
زيت عباد 750مل سلايت,Cooking Ingredients,سلايت,750مل,1,,,,عبوة,مل
ليكسير عصير مانجو خالى من السكر، 235 مللى,Soft Drinks & Juices,ليكسير,235مل,1,,,,عبوة,مل
الشمعدان كتاكيتو شوكولاتة، 5 قطع,Biscuits & Cakes,الشمعدان,,5,,,,باكو,
Dasani Water 330*24,Water,Dasani,330ml,24,,,,كرتونة,ml
فلفل اخضر 500جم 0%,Vegetables & Fruits,,500جم,1,,,,عبوة,جم
علبه معجون طماطم هارفست,"Condiments, Dressings & Marinades",هارفست,,1,,,,علبه,
بريك سناكس بالخضروات,Chips & Crackers,بريك,,1,,,,كيس,
كريم كراميل دانيت ,"Chocolates, Sweets & Desserts",دانيت,,1,,,,عبوة,
"Magical Jelly Fruit, 25 g - Pack of 12","Chocolates, Sweets & Desserts",Magical,25g,12,,,,عبوة,g
جهينه بريميم عصير ,Soft Drinks & Juices,جهينه,,1,,,,زجاجة,
ك ملح ٤٤ 3.00 1 3.00,Cooking Ingredients,,44ج,1,,3,3,عبوة,ج
ربيع شاى الاكفر قوه 25فتله,"Tea, Coffee & Hot Drinks",ربيع,,25,,,,علبة,
6.14 Sauce Garlic 1,"Sauces, Dressings & Condiments",,,1,,6.14,6.14,عبوة,
Atyab Beef Hot Dog 500g,Beef & Processed Meat,Atyab,500g,1,,,,عبوة,g
اكوافينا 1.5لتر,Water,اكوافينا,1.5لتر,1,,,,زجاجة,لتر
ريتش بيك توست ردة 25.75 1 0.00 25.75,Bakery,ربتش بيك,,1,,25.75,25.75,كيس,
دبابيس دجاج كرانشي حارة كوكي - 700جم,Poultry,كوكي,700جرام,1,,,,عبوة,جرام
بوويدور صلصة تغميس حارة 280 جم,"Tins, Jars & Packets",بوويدور ,280جم,1,,,,عبوة,جم
هاينز مايزنيز 310ج,"Tins, Jars & Packets",هاينز,310جم,1,,,,علبة,جم
بيبسى دايت كانز 330مللى,Soft Drinks & Juices,بيبسى,330مل,1,,,,زجاجة,مل
دجاجة كاملة مجمدة كارفور - 1200-1300 جم,Poultry,كارفور,1200-1300جم,1,,,,عبوة,جم
خبز بلدي بالردة كيس 4ق,Bakery,,,4,,,,كيس,
باميه خضره وزن,Vegetables & Fruits,,,1,,,,كيس,
حلوانى معمول بالبلح كبير,Bakery,حلوانى,,1,,,,كيس,
سبينس رقبة ضانى بلدى ,Beef & Processed Meat,سبينس,,1,,,,عبوة,
هلا زيت عباد الشمس، 500 مللى,Cooking Ingredients,هلا,500مللي,1,,,,عبوة,مللي
Strawberry & Banana Float Super Fruit Drink – 240ml,Soft Drinks & Juices,,240ml,1,,,,عبوة,ml
Fanta Orange Soft Drink Slim Can - 250ml,Soft Drinks & Juices,Fanta,250مل,1,,,,زجاجة,مل
حلوانى لانشون فراخ وزن 0.11 110 12.10,Beef & Processed Meat,حلوانى,0.11,1,,12.1,110,عبوة,
Concentrate Valley Dew Fabric Softener – 300ml,Cleaning Supplies,,300ml,1,,,,عبوة,ml
كانز,Soft Drinks & Juices,,,1,,,,كانز,
زي جو شيبس بالجبنة 55-65 جم,Chips & Crackers,زي جو,55-65جم,1,,,,كيس,جم
فن داى كيك ريد فلفيت بالحليب 64جرام ,Biscuits & Cakes,فن داى,64جرام,1,,,,باكو,جرام
شيبسى عائلى جبنه نتبله 80ج,Chips & Crackers,شيبسى,80جم,1,,,,كيس,جم
"Heinz Tomato Ketchup, 850g","Sauces, Dressings & Condiments",Heinz,850جم,1,,,,عبوة,جم
جيلي بابيتو اطعم ,"Chocolates, Sweets & Desserts",بابيتو,,1,,,,عبوة,
فانتا توت كانز 300 مل,Soft Drinks & Juices,فانتا,300مل,1,,,,كانز,مل
برسيل جل اكس لارج ,Cleaning Supplies,برسيل,,1,,,,عبوة,
مافا طماطم بلدى 1كج,Vegetables & Fruits,مافا,1كج,1,,,,كيس,كج
Oriental Jacker Vegetable160Gr ,Chips & Crackers,Oriental Jacker,160Gr,1,,,,كيس,Gr
نسكافيه بندق 18جم,"Tea, Coffee & Hot Drinks",نسكافيه,18جم,1,,,,علبة,جم
فراخ بانيه كوكي حارة - 30 قطعة,Poultry,كوكي,,30,,,,عبوة,
ROSHEN BLACK CHOCOLATE WITH SALTED ALMONDS M / U 85G ,"Chocolates, Sweets & Desserts",ROSHEN,85g,1,,,,عبوة,g
Mayonnaise Jar – 280g,"Tins, Jars & Packets",,280g ,1,,,,عبوة,g
بيبسي دايت كانز 330 مللي,Soft Drinks & Juices,بيبسي,330مللي,1,,,,كانز,مللي
حدائق كاليفورنيا زيتون اخضر شرائح 335 جم,"Tins, Jars & Packets",حدائق كاليفورنيا,335جم,1,,,,عبوة,جم
"Milk Skimmed Large,",Dairy & Eggs,,,1,,,,عبوة,
Pepper Sauce - 60ml,"Sauces, Dressings & Condiments",,60ml,1,,,,عبوة,ml
يمامة خل التفاح - 750مل,"Sauces, Dressings & Condiments",يمامة,750مل,1,,,,عبوة,مل
ماجي مرقه دجاج 12 مكعب,Cooking Ingredients,ماجي,,12,,,,عبوة,
"El Shamadan Kataketo Extra Chocolate Hazelnut, 5 Pieces",Biscuits & Cakes,El Shamadan Kataketo Extra,,5,,,,باكو,
دايجيستيف قمح 80جم ,Biscuits & Cakes,دايجيستيف,80جم,1,,,,باكو,جم
سونيا حمراء امريكانا 400جم,"Tins, Jars & Packets",امريكانا,400جم,1,,,,علبة,جم
T 8.00 توليدو خل ١ل (M),"Sauces, Dressings & Condiments",توليدو,1ل,1,,8,8,عبوة,ل
فيينا وسط ساده قطعه,Bakery,فيينا,,1,,,,كيس,
Dasani Mineral Water,Water,Dasani,,1,,,,زجاجة,
سفن اب فرى 0.97لتر,Soft Drinks & Juices,سفن اب,0.97لتر,1,,,,زجاجة,لتر
دجاج,Poultry,,,1,,,,عبوة,
مكرونة اسباجتى الملكة 400جم ,"Rice, Pasta & Pulses",الملكة,400جم,1,,,,كيس,جم
اللحيمى لانشون بيف فاخر وزن,Beef & Processed Meat,اللحيمى,,1,,,,عبوة,
همتو شيكو ويفر,Biscuits & Cakes,همتو,,1,,,,باكو,
الهدهد فول مدميس بلدى 500جم,"Rice, Pasta & Pulses",الهدهد,500جم,1,,,,كيس,جم
كارفور منظف زجاج لافندرغيار500م,Cleaning Supplies,كارفور,500م,1,,,,عبوة,م
بارادايس ايس ايس كريم ١٠.٠٠ ١ ١٠.٠٠,"Chocolates, Sweets & Desserts",بارادايس,,1,,10,10,عبوة,
نستله بيور لايف 1.500لتر,Water,نستله,1.5لتر,1,,,,زجاجة,لتر
جبنة اسطنبولي لامدي - 500 جم,Dairy & Eggs,لامدي,500جم,1,,,,عبوة,جم
Al Doha Egyptian Rice 10kg,"Rice, Pasta & Pulses",Al Doha,10Kg,1,,,,كيس,Kg
Ritter Sport Praline Chocolate - 100 gram,"Chocolates, Sweets & Desserts",Ritter Sport,100gm,1,,,,عبوة,gm
Halwani Bros Tahina - 240 gram,"Sauces, Dressings & Condiments",Halwani Bros,240gram,1,,,,عبوة,gram
قطعة ستريبس عادى,Poultry,,,1,,,,عبوة,
علبه حفظ 72 لتر,Furniture,,72لتر,1,,,,علبه,لتر
بامية صغير,Vegetables & Fruits,,,1,,,,كيس,
تيست بيور لانشون بيف بالزيتون 500 جم,Beef & Processed Meat,تيست بيور,500جم,1,,,,عبوة,جم
ناتشو صلصه انواع 300جرام,"Tins, Jars & Packets",ناتشو,300جرام,1,,,,علبة,جرام
راني عصير هيبات انانس,Soft Drinks & Juices,راني,,1,,,,زجاجة,
ديلي عصير نكهات 1لتر,Soft Drinks & Juices,ديلي,1لتر,1,,,,زجاجة,لتر
ماجى مكعبات مرقه دجاج,Cooking Ingredients,ماجى,,1,,,,عبوة,
زيت القرنفل الخام - 30 مل,Cooking Ingredients,,30مل,1,,,,عبوة,مل
موزه بقري مستورد,Beef & Processed Meat,,,1,,,,,
Maxell Oven Cleaner Spray 500 ml ,Cleaning Supplies,Maxell,500ml,1,,,,عبوة,ml
اريال جل اواتوماتيك ,Cleaning Supplies,اريال,,1,,,,عبوة,
Al Doha crushed Ginger70G ,"Rice, Pasta & Pulses",Al Doha,70G,1,,,,كيس,G
Almarai Treats Mango Yogurt - 100 gm,Dairy & Eggs,Almarai,100gm,1,,,,,gm
Sour cream &onion popcorn,Chips & Crackers,Sour,,1,,,,كيس,
ريد بول 250 مل كانز,Soft Drinks & Juices,ريد بول,250مل,1,,,,كانز,مل
Hygiene Automatic Laundry Liquid Detergent - 2.2 L,Cleaning Supplies,,2.2L,1,,,,عبوة,L
بيبسى كانز دايت 330 مل,Soft Drinks & Juices,بيبسي,330مل,1,,,,كانز,مل
LE 35.09 Regular Pane Chicken 1,Poultry,,,1,,35.09,35.09,عبوة,
بيتي عصير  تروبيكانا تفاح 235 3.99 2 0.00 7.98,Soft Drinks & Juices,بيتي,235مل,1,,3.99,11.97,عبوة,مل
ليبتون شاي أعشاب يانسون 20 كيس شاي,"Tea, Coffee & Hot Drinks",ليبتون,,20,,,,كيس,
Swiss Choice Spicy Strips 1 K.G,Poultry,Swiss Choice,1KG,1,,,,عبوة,KG
فراخ بانيه روستي كرانشي حارة - 900جم,Poultry,روستي,900جم,1,,,,عبوة,جم
استك بقرى,Beef & Processed Meat,,,1,,,,عبوة,
60.00 S water Mineral 2,Water,,,1,,60,60,زجاجة,
1 شيبسى خل وملح عائلى 5.00 5.00,Chips & Crackers,شيبسى,,1,,5,5,كيس,
سبرايت كانز330 مللى,Soft Drinks & Juices,سبرايت,330مللى,1,,,,كانز,مللى
جنرال معطر تواليت 50جم المجموعه لافندر,Cleaning Supplies,جنرال,50جم,1,,,,عبوة,جم
جيفركس بسلة بالجزر 400 جم,Vegetables & Fruits,جيفركس,400جم,1,,,,,جم
Lamar Orange Juice 200ml,Soft Drinks & Juices,Lamar,200ml,1,,,,عبوة,ml
غندور ويفر شوكولاته فاخر,Biscuits & Cakes,غندور,,1,,,,باكو,
أبو علي بقسماط مطحون - 1.25كجم,Bakery,أبو علي,1.25كجم,1,,,,كيس,كجم
صافا خيار معبا ١كجم 12.75 1 12.75,Vegetables & Fruits,صافا,75جم,1,,12.75,12.75,عبوة,جم
كيت كات شانكي فول,"Chocolates, Sweets & Desserts",كيت كات ,,1,,,,عبوة,
Classic Olive Oil - 750 ml,Cooking Ingredients,,750 ml,1,,,,,ml
بيبسى 330 مل 6 كانز,Soft Drinks & Juices,بيبسي,330مل,6,,,,كانز,مل
مياه طبيعية من نستله - 1.5 لتر - عبوة من 12,Water,نستله,1.5لتر,12,,,,عبوة,لتر
فريش فارم كفتة متبلة، 900 جرام,Beef & Processed Meat,فريش فارم,900جرام,1,,,,عبوة,جرام
بيك رولز ميكس جبن,Chips & Crackers,بيك رولز,,1,,,,كيس,
علبه فول محوج,"Tins, Jars & Packets",,,1,,,,علبه,
Cumin Powder - 65g,Cooking Ingredients,,65جم,1,,,,عبوة,جم
هاينز حل 1لتر,"Sauces, Dressings & Condiments",هاينز,1لتر,1,,,,عبوة,لتر
فينيش زيت لغسالات الاطباق 400مل,Cleaning Supplies,فينيش,400م,1,,,,عبوة,م
الضحى فلفل قرون 55جم,Cooking Ingredients,الضحى,55جم,1,,,,عبوة,جم
علبه فول بزيت الحار كبيره,"Tins, Jars & Packets",,,1,كبيره,,,علبه,كبيره
Choice Pickled Lemon - 720 Gram,"Tins, Jars & Packets",Choice ,720gram,1,,,,عبوة,gram
دومتى عصير تفاح 235مل,Soft Drinks & Juices,دومتى,235مل,1,,,,عبوة,مل
صنى زيت طبخ 1.75لتر,Cooking Ingredients,صنى,1.75لتر,1,,,,عبوة,لتر
كوكاكولا كانز 330 مل زيرو,Soft Drinks & Juices,كوكاكولا,330مل,1,,,,كانز,مل
مكرونه اسباجيتى ايطاليانو,"Rice, Pasta & Pulses",ايطاليانو,,1,,,,كيس,
1 جالون 19 لتر 40.00 40.00,Water,,19لتر,1,,,,عبوة,لتر
ويندوز سناكس بالجبن 93-98 جم,Chips & Crackers,ويندوز,93-98جم,1,,,,أكياس,جم
كاتشب 900 جم + عبوة 230 جم هدية,"Sauces, Dressings & Condiments",,230جم,1,,,,عبوة,جم
Al Rabie assorted sugar-free juice,Soft Drinks & Juices,Al Rabie,,1,,,,عبوة,
كاتشب حار من هيرمان - 340 جرام,"Sauces, Dressings & Condiments",هيرمان,340جم,1,,,,عبوة,جم
مياه شرب طبيعيه بركه,Water,بركه,,1,,,,زجاجة,
ريجينا مكرونه قواقع 400 جم,"Rice, Pasta & Pulses",ريجينا,400جم,1,,,,كيس,جم
سبينيس برجر بقرى بلدى,Beef & Processed Meat,سبينيس,,1,,,,عبوة,
Bisco Misr Petit Four 1 k,Bakery,Bisco Misr,1 k,1,,,,عبوة,k
juhayna half cre,Dairy & Eggs,juhayna,,1,,,,علبة,
شيدر مستورد وزن مجله,Dairy & Eggs,,,1,,,,عبوة,
كريستال زيت ذره 800جم,Cooking Ingredients,كريستال,800جم,1,,,,علبة,جم
بيبيسى كانز 330 مللى,Baby Care,بيبسي,330مللى,1,,,,كانز,مللى
حواء مكرونه مرمريه 1كجم,"Rice, Pasta & Pulses",حواء,1كجم,1,,,,كيس,كجم
Finish Classic Dishwasher Tablets 13 Tablets ,Cleaning Supplies,Finish,,13,,,,عبوة,
Orange juice,Soft Drinks & Juices,,,1,,,,زجاجة,
med pepsi,Soft Drinks & Juices,pepsi,,1,,,,زجاجة,
لحم بارزيلي بالوزن,Beef & Processed Meat,,,1,,,,عبوة,
رومى بطارخ قديم وزن,Dairy & Eggs,,,1,,,,عبوة,
lamar lemon mint,Soft Drinks & Juices,lamar,,1,,,,زجاجة,
Bahlsen Delice 100g,Biscuits & Cakes,Bahlsen,100gm,1,,,,عبوة,gm
LuLu Frozen Mixed Vegetables 400g,Vegetables & Fruits,LuLu,400gm,1,,,,كيس,gm
كيك براونيز تودو -1 قطعة * 8 قطع,Biscuits & Cakes,تودو,,8,,,,باكو,
الاصلى طحينه 450ج,"Sauces, Dressings & Condiments",الاصلى,450جم,1,,,,عبوة,جم
ابوعوف فلفل اسود حصى ,Cooking Ingredients,ابوعوف,,1,,,,عبوة,
كوكاكولا زيرو 330 مل زجاج ,Soft Drinks & Juices,كوكاكولا,330مل,1,,,,زجاج,مل
سلامى جاف حلوانى كيلو ,Beef & Processed Meat,حلوانى,,1,,,,عبوة,
فاتوره مياه ,Water,,,1,,,,زجاجة,
فرازه كبد وقوانص طازج,Poultry,فرازه,,1,,,,عبوة,
المراعى حليب رايب 450مل,Dairy & Eggs,المراعى,450مل,1,,,,عبوة,مل
كرات الجبن اورينتال - 60 جم,Chips & Crackers,اورينتال,60جم,1,,,,أكياس,جم
كلوركس الوان زهور 1 لتر,Cleaning Supplies,كلوركس,1لتر,1,,,,عبوة,لتر
هاينز مايونيز تشلى ٢٨٥ جم 22.75 1 22.75,"Sauces, Dressings & Condiments",هاينز,285جم,1,,22.75,22.75,عبوة,جم
Egy Garden Rose Water - 250ml,Cooking Ingredients,Egy Garden,250ML,1,,,,عبوة,ML
زيتون مصري دولتشي 250 جم,"Tins, Jars & Packets",دولتشي,250جم,1,,,,عبوة,جم
نسكافيه 198ج,"Tea, Coffee & Hot Drinks",نسكافيه,198جم,1,,,,علبة,جم
الملكه مكرونه اسباجتي 400جم,"Rice, Pasta & Pulses",الملكه,400جم,1,,,,كيس,جم
apple red imported el nou,Vegetables & Fruits,el nou,,1,,,,عبوة,
Cafe Najjar Colombian Medium Blend 250 gm Cans,"Tea, Coffee & Hot Drinks",Najjar,250gm,1,,,,عبوة,gm
Abu Ali Paprika - 100 gram,Cooking Ingredients,Abu Ali,100gram,1,,,,عبوة,gram
Chamomile Tea Powder - 75 GM,"Tea, Coffee & Hot Drinks",,75Gm,1,,,,عبوة,Gm
Aqua Delta Natural Drinking Water - 1.5Liter - 6 Pieces,Water,Aqua Delta,1.5Litre,6,,,,عبوة,Litre
فيروز مشروب شعير تفاح و بطيخ 330مل 1قطعه,Soft Drinks & Juices,فيروز,330مل,1,,,,زجاجة,مل
قهوة3*1 أصلية سريعة الذوبان بالكريمر والسكر من برافا، 18 جرام,"Tea, Coffee & Hot Drinks",برافا,18جرام,1,,,,علبة,جرام
شوربة كريمة العدس من فيجيتا - 62 جرام,"Tins, Jars & Packets",فيجيتا,62جرام,1,,,,علبة,جرام
كيس بيك رولز عائلى,Chips & Crackers,بيك رولز,,1,,,,كيس,
السنبله بطاطس كيرلى 1.50 كجم,Vegetables & Fruits,السنبله,1.5كجم,1,,,,عبوة,كجم
بيكاجريل خبز محمص بالثوم والبقدونس 75 جرام,Bakery,بيكاجريل,75جرام,1,,,,كيس,جرام
TUC Cheese Biscuit 24GM ,Biscuits & Cakes,TUC,,1,,,,باكو,
لانشون ميتلاند بهار  ,Beef & Processed Meat,ميتلاند,,1,,,,عبوة,
Ulker Biscuit Wafer Chocolate Bella 20 gm ,Biscuits & Cakes,Ulker,,1,,,,باكو,
بسكويت ويفر إيليت بالفانيليا - 1 قطعة - عبوة من 12,Biscuits & Cakes,إيليت,,12,,,,عبوة,
زجاجه مياه 600 ملل ,Water,,600مل,1,,,,زجاجة,مل
Deemah Dates Bar Biscuits - 75 Gram - 24 Count,Biscuits & Cakes,Deemah,75Gram,24,,,,باكو,Gram
STB grand w\Dasani,Water,w\Dasani,,1,,,,زجاجة,
45.00 Juice 45.00 X 1,Soft Drinks & Juices,,,1,,45,45,زجاجة,
فريدا مطهر ايدي 90مل,Cleaning Supplies,فريدا,90مل,1,,,,عبوة,مل
GOOD FRANCE ILOU KETCHUP 250 gm ,"Sauces, Dressings & Condiments",GOOD FRANCE,250gm,1,,,,عبوة,gm
مزارع دينا عصير برتقال زجاج 850 مللى,Soft Drinks & Juices,مزارع دينا,850مللى,1,,,,زجاج,مللى
احمد تى انجليش بريك فاست شاى,"Tea, Coffee & Hot Drinks",احمد تى,,1,,,,علبة,
حواء مكرونة 400ج,"Rice, Pasta & Pulses",حواء,400ج,1,,,,كيس,ج
برطمان المايونيز - 280 جم,"Tins, Jars & Packets",,280جم,1,,,,عبوة,جم
كاتشب جاردينو حار 320جرام,"Sauces, Dressings & Condiments",جاردينو,320جم,1,,,,عبوة,جم
رانى مانجو 235مل تتراباك 8 4.00 32,Soft Drinks & Juices,رانى,235مل,4,,8,32,عبوة,مل
ماجى خلطه الاكلات الصينيه 37 جم,Cooking Ingredients,ماجى,37جم,1,,,,عبوة,جم
نستله ايس كريم باراديس ميكس توت 95م,"Chocolates, Sweets & Desserts",باراديس,95م,1,,,,عبوة,م
"جل اتوماتيك برسيل لافندر ٢,٦٥ 0%",Cleaning Supplies,برسيل,2.65ج,1,,,,عبوة,ج
كنور مرقه دجاج 8 قطعه,Cooking Ingredients,كنور,,8,,,,عبوة,
مافا بطاطس علبه 1 كجم,Vegetables & Herbs,مافا,1كجم,1,,,,علبه,كجم
Garlic Egyptian 250g,Vegetables & Fruits,,250g,1,,,,كيس,g
شرائح مشروم فارمرز - 400 جم,"Tins, Jars & Packets",فارمرز,400جم,1,,,,عبوة,جم
قشطة خل ١لتر 1 4.50 4.50,"Sauces, Dressings & Condiments",قشطة,1لتر,1,,4.5,4.5,عبوة,لتر
نيدو فورتي جرو مسحوق حليب 25 جم,Dairy & Eggs,نيدو,25جم,1,,,,علبة,جم
صن بايتس طماطم متبله ٣٦ جم ٢.٠٠ ١.٠٠٠ ٢.٠٠,Chips & Crackers,صن بايتس,36جم,1,,2,2,,جم
ميرندا تفاح اخضر 350 مل,Soft Drinks & Juices,ميرندا,350مل,1,,,,عبوة,مل
كوكى صدور بانيه كرانشى 8PC,Poultry,كوكى,,8,,,,عبوة,
كانز,Soft Drinks & Juices,,,1,,,,كانز,
Dasani Natural Water 18.90 L ,Water,Dasani,18.9L,1,,,,زجاجة,L
اريل اوتوماتيك 7 ك لافندر ,Cleaning Supplies,اريل,7ك,1,,,,عبوة,ك
فيليه دجاج بانيه حار أطياب,Poultry,أطياب,,1,,,,عبوة,
بريزيدن جبنة كريمي مربعات 8 قطع,Dairy & Eggs,بريزيدن,,8,,,,عبوة,
كفته حاتى كوكى 400 جم,Beef & Processed Meat,كوكى,400جم,1,,,,عبوة,جم
Italiano Pasta Fusilli 400g,"Rice, Pasta & Pulses",Italiano,400g,1,,,,كيس,g
أجنحة دجاج حارة أطياب,Poultry,أطياب,,1,,,,عبوة,
حليب كامل الدسم طويل اجل جهينة,Dairy & Eggs,جهينة,,1,,,,زجاجة,
ديلى عصير جوافة 290 مل ,Soft Drinks & Juices,ديلى,290مل,1,,,,زجاجة,مل
امتنان كركديه 16فتله,"Tea, Coffee & Hot Drinks",امتنان,,16,,,,عبوة,
سائل تنظيف الأطباق بالليمون 600 جرام - 2 قطعة,Cleaning Supplies,,600جرام,2,,,,,قطعة
فيروز اناناس 250 مل كانز,Soft Drinks & Juices,فيروز,250مل,1,,,,كانز,مل
لاكتيل زبادى,Dairy & Eggs,لاكتيل,,1,,,,عبوة,
نستله 600مل مساه,Water,نستله,600مل,1,,,,زجاجة,مل
مزارع دينا عصير برتقال 250مل,Soft Drinks & Juices,مزارع دينا,250مل,1,,,,زجاجة,مل
Olivetta Dolci Olives - By Weight ,"Tins, Jars & Packets",Olivetta ,,1,,,,عبوة,
FARAGELLO CHICKEN PANE 1K,Poultry,FARAGELLO,1K,1,,,,عبوة,K
بسكويت شوفان اصلى,Biscuits & Cakes,,,1,,,,باكو,
بيض بلدى كرتونه ,Dairy & Eggs,,,1,,,,عبوة,
ويمزي ايس كريم فانيليا شيكولاته فرنسى900 مل,"Chocolates, Sweets & Desserts",ويمزي,900مل,1,,,,,مل
كاليفورنيا فول بالخلطه اللبنانيه س ف 400,"Tins, Jars & Packets",كاليفورنيا,400جم,1,,,,علبة,جم
مكرونة قواقع كبيره ايطاليانو250جم,"Rice, Pasta & Pulses",ايطاليانو250جم,250جم,1,,,,كيس,جم
شيبسي برينجلز باربكيو 130غم‎,Chips & Crackers,شيبسي,130جم,1,,,,أكياس,جم
Schweppes Pineapple Malt Drink - 250ml ,Soft Drinks & Juices,Schweppes,250مل,1,,,,زجاجة,مل
لوبيا توب فاليو - 500 جم,"Rice, Pasta & Pulses",توب فاليو,500جم,1,,,,كيس,جم
العروسة 25 فتلة ,"Tea, Coffee & Hot Drinks",العروسة,,25,,,,علبة,
"Beyti Tropicana Orange Juice, 1 Liter",Soft Drinks & Juices,Beyti,1L,1,,,,عبوة,L
برسيل جل 2ج,Cleaning Supplies,برسيل,2ج,1,,,,عبوة,ج
ماكسيل ماجيك منظف تواليت برائحه الليمون 700مل,Cleaning Supplies,ماكسيل,700مل,1,,,,عبوة,مل
باتون ساليه	,Bakery,,,1,,,,كيس,
مزارع دينا لبن ,Dairy & Eggs,مزارع دينا,,1,,,,عبوة,
Good day raspberry sauce 250gm,"Sauces, Dressings & Condiments",Good day,250gm,1,,,,عبوة,gm
لايون شيبس كاتشاب 42-52ر جم,Chips & Crackers,لايون,42-52جم,1,,,,كيس,جم
بيبسى 250ملل بلاستيك,Soft Drinks & Juices,بيبسى,250مل,1,,,,زجاجة,مل
ريجينا مكرونة مرمرية 1كجم,"Rice, Pasta & Pulses",ريجينا,1كجم,1,,,,كيس,كجم
Al Doha Black Pepper 20Gr ,Cooking Ingredients,Al Doha,20Gr,1,,,,عبوة,Gr
Balady Low Fat Minced Beef  - By Weight,Beef & Processed Meat,,,1,,,,عبوة,
Nestl Paradise Sandwich90ml ,"Chocolates, Sweets & Desserts",Nestl,90gm,1,,,,عبوة,gm
حلوانى ديط رومى حبش,Poultry,حلوانى,,1,,,,عبوة,
دجاجة كاملة وطنية - 900-950جم,Poultry,وطنية,900-950جم,1,,,,عبوة,جم
Yogurt Greek,Dairy & Eggs,,,1,,,,عبوة,
قهوة بالكريمر - 12 قطعة,"Tea, Coffee & Hot Drinks",,,12,,,,عبوة,
بريل شعير زجاج 275 ملى,Cleaning Supplies,بريل,275مل,1,,,,زجاج,مل
Lhemy Beef Luncheon With Black Pepper - 40 pieces,Beef & Processed Meat,Lhemy,,40,,,,عبوة,
Al-Hilal 3-piece bowl set + rainbow strainer ,Bakery,Al-Hilal,,4,,,,عبوة,
LOACKER WAFER CREM COCOA 90GR,Biscuits & Cakes,LOACKER,90GR,1,,,,باكو,GR
صوص العسل,"Sauces, Dressings & Condiments",,,1,,,,عبوة,
نستله نسكافيه جولد ايرجوس 200جم,"Tea, Coffee & Hot Drinks",نسكافيه,200جم,1,,,,عبوة,جم
LUDWIK POW1K+RINSEAID300ML+SALT1.5K,Cleaning Supplies,LUDWIK,1K+300ML+1.5K,3,,,,عبوة,KMLK
اولكر بسكويت البيلا 2ج,Biscuits & Cakes,اولكر,,1,,2,2,باكو,
Pepsi Med,Soft Drinks & Juices,Pepsi,,1,,,,عبوة,
American Garden Tomato Ketchup 680g,"Sauces, Dressings & Condiments",American Garden,680g,1,,,,عبوة,g
شيبسى بطاطس جيبنه 8 جنيه,Chips & Crackers,شيبسى,,1,,8,8,كيس,
مياه طبيعيه بيوفانا - 18.9 لتر,Water,بيوفانا,18.9لتر,1,,,,زجاجة,لتر
"Halwani Beef Burger Jumbo, 2 Kg",Beef & Processed Meat,Halwani,2Kg,1,,,,عبوة,Kg
Chicken Sausage 1kg Approx. Weight,Poultry,,1kg,1,,,,عبوة,kg
اريال باور جل بلمسة انتعاش داوني للغسالة الاوتوماتيك - 2.5 لتر,Cleaning Supplies,اريال,2.5لتر,1,,,,عبوة,لتر
شاى الهضم الصحى تى,"Tea, Coffee & Hot Drinks",,,1,,,,كيس,
Lindt Hello Salted Caramel Bar - 100 gram,"Chocolates, Sweets & Desserts",Lindt,100gm,1,,,,عبوة,gm
بسكويت شاي اولكر، 53 جم - 12 عبوة,Biscuits & Cakes,اولكر,53جم,12,,,,عبوة,جم
مايونيز هاينز 310جم +خل 1ل,"Sauces, Dressings & Condiments",هاينز,310جم,1,,,,عبوة,جم
الضحى ارز ياسمين 1ك,"Rice, Pasta & Pulses",الضحى,1ك,1,,,,كيس,ك
اصابع دجاج روستي - 350 جرام,Poultry,روستي,350جرام,1,,,,عبوة,جرام
TIC TAC MINT 10.2 GR,"Chocolates, Sweets & Desserts",TIC TAC,10.2,1,,,,عبوة,
شيبسي بالملح - 133 جرام,Chips & Crackers,شيبسي,133جرام,1,,,,أكياس,جرام
سويس سجق شرقى 900جرام,Beef & Processed Meat,,900جم,1,,,,عبوة,جم
Orange Juice Fresh,Soft Drinks & Juices,,,1,,,,زجاجة,
ايطاليانو مكرونه خواتم 1ك,"Rice, Pasta & Pulses",ايطاليانو,1ك,1,,,,كيس,ك
لانشون ساده لحيمى,Beef & Processed Meat,لحيمى,,1,,,,عبوة,
صويا صوص غامق هاينز - 500 جم,"Sauces, Dressings & Condiments",هاينز,500جم,1,,,,عبوة,جم
هوت صوص - اكسترا هوت  79جرام,"Sauces, Dressings & Condiments",اكسترا هوت,79جرام,1,,,,عبوة,جرام
سن توب عصير متنوع 1لتر 1ق ,Soft Drinks & Juices,سن توب,1لتر,1,,,,زجاجة,لتر
Healthy Foul Medammes 400g,"Tins, Jars & Packets",Healthy ,400gm,1,,,,عبوة,gm
Sidra Hot Tomato Ketchup - 340 Gram,"Sauces, Dressings & Condiments",Sidra,340gm,1,,,,عبوة,gm
يمامة ماء وهر 300 مل ,Cooking Ingredients,يمامة,300مل,1,,,,عبوة,مل
Sauce caesar 1,"Sauces, Dressings & Condiments",,,1,,,,عبوة,
ايطاليانو مكرونه صغيره انواع 400جرام,"Rice, Pasta & Pulses",ايطاليانو,400جرام,1,,,,كيس,جرام
EXTRA CHICKEN PANNE SPICY 1 KG,Poultry,EXTRA,1KG,1,,,,عبوة,KG
اطياب لانشون سادة وزن,Beef & Processed Meat,اطياب,,1,,,,,
Aquafina Natural Water 600 ml,Water,Aquafina,600ml,1,,,,زجاجة,ml
جيكار شيبسى بصل 110جم,Chips & Crackers,جيكار,110جم,1,,,,كيس,جم
كانز بيبسى,Soft Drinks & Juices,بيبسي,,1,,,,كانز,
 بهارات كزبرة مطحونة 40 جرام,Cooking Ingredients,,40جرام,1,,,,عبوة,جرام
بيور لايف مياه طبيعيه 600ملى ,Water,بيور لايف,600مل,1,,,,زجاجة,مل
صن شاين تونة قطع فاخرة سهلة الفتح 170جم ,"Tins, Jars & Packets",صن شاين,170جم,1,,,,علبة,جم
1 ltr bot,Water,,1لتر,1,,,,زجاجة,لتر
مشروب مانجو 1 ل جوسى,Soft Drinks & Juices,جوسي,1ل,1,,,,,ل
Alsuhagy White Beans - 500 Gram,"Rice, Pasta & Pulses",Alsuhagy,500Gram,1,,,,كيس,Gram
بيور لايف مياه فوره توت,Water,بيور لايف,,1,,,,زجاجة,
Amr Mushroom Slices - 2840gm,"Tins, Jars & Packets",Amr ,840gm,1,,,,علبة,gm
علبه فول اسكندرانى,"Tins, Jars & Packets",,,1,,,,علبه,
سجق شرقي بقري كوكي - 900جم,Beef & Processed Meat,كوكي,900جم,1,,,,عبوة,جم
Greek Kalamata Jumbo Olives 250g,"Tins, Jars & Packets",,250gm,1,,,,عبوة,gm
بيبسى كانز,Soft Drinks & Juices,بيبسي,,1,,,,كانز,
علبه صغيره,Furniture,,,1,صغيره,,,علبه,صغيره
صلصة طماطم كاتشي - 360جم,"Tins, Jars & Packets",كاتشي,360جم,1,,,,عبوة,جم
ارز من الباشا - 1 كجم,"Rice, Pasta & Pulses",الباشا,1كجم,1,,,,كيس,كجم
المناخلى فاصوليا بيضاء 500 جرام,"Rice, Pasta & Pulses",المناخلى,,1,,,,كيس,
هاربيك 700مل ثنائى باور بلس خصم 25,Cleaning Supplies,هاربيك,700مل,1,,,,عبوة,مل
زيتون اخضر جامبو اوليفيتا - بالوزن,"Tins, Jars & Packets",اوليفيتا,,1,,,,,
HALWANI CHICKEN BURGER *8 PCS,Poultry,HALWANI,,8,,,,عبوة,
باور جل منظف للغسالات الأوتوماتيك للملابس السوداء والداكنة -  1 لتر,Cleaning Supplies,باور جل,1لتر,1,,,,عبوة,لتر
تى سى بوى تونة للدايت 200جم,"Tins, Jars & Packets",تى سى بوى ,200جم,1,,,,عبوة,جم
وافل مقرمش بزيت زيتون والزعتر من هيلثي ميل - 150 جرام,Biscuits & Cakes,هيلثي ميل,150جم,1,,,,باكو,جم
حلواني لانشون حبشي مدخن 169.80 0.294 0.00 49.92 ,Beef & Processed Meat,حلواني,0.294,1,,49.92,169.8,عبوة,
Bahlsen pickup choco 28g,Biscuits & Cakes,Bahlsen pickup,28g,1,,,,باكو,g
حواوشى ايطالى,Beef & Processed Meat,,,1,,,,عبوة,
Royal Dansk Butter And Choco Chip Cookies - 45 gram,Biscuits & Cakes,Royal Dansk,45g,1,,,,باكو,g
Kikkoman Sriracha Hot Chili Sauce 300g,"Sauces, Dressings & Condiments",Kikkoman,300gm,1,,,,عبوة,gm
سينا بون جلاش ساده 400ج,Bakery,سينا بون,400ج,1,,,,كيس,ج
سلايت زيت عباد 750 مل,Cooking Ingredients,سلايت,750مل,1,,,,عبوة,مل
lamar full cream,Dairy & Eggs,lamar,,1,,,,علبة,
مشروب شعير فيروز اناناس كانز,Soft Drinks & Juices,فيروز,,1,,,,زجاجة,
كابرى خوخ انصاف 820 جم,"Tins, Jars & Packets",كابرى,820جم,1,,,,علبة,جم
American Garden U.S. Ketchup 567g,"Sauces, Dressings & Condiments",American Garden,567g,1,,,,عبوة,g
Tomato Ketchup - 350g,"Sauces, Dressings & Condiments",,350g,1,,,,عبوة,g
نسكافيه علبه 25 ظرف 18 جم,Tea and Coffee,نسكافيه,18جم,25,,,,علبه,جم
SUPREME CHICKEN LUNCHEON 250G,Beef & Processed Meat,,250gm,1,,,,عبوة,gm
مشروب غازى بيبسى 350 م زجاج,Soft Drinks & Juices,بيبسي,350م,1,,,,زجاج,م
جهينه كريمه 1ل,Dairy & Eggs,جهينه,1ل,1,,,,عبوة,ل
علبه سوبر جامبو,Biscuits & Cakes,,,1,جامبو,,,علبه,جامبو
Mr.Krisps Twists Crunchy Potato With Jalapeno - 80 gram,Chips & Crackers,Mr.Krisps,80gram,1,,,,كيس,gram
ابو عوف معمول قرفة بالعجوه باكو,Bakery,ابو عوف,,1,,,,كيس,
بيبسي كانز,Soft Drinks & Juices,بيبسي,,1,,,,كانز,
رانى مانجو كابر 6 3 18,Soft Drinks & Juices,رانى,,3,,6,18,عبوة,
Digestive Golden Oat Biscuits with Milk Chocolate - 37.6 gm,Biscuits & Cakes,Digestive,37.6gm,1,,,,باكو,gm
GRM شيبسي سوبر الملك ملح 52-56,Chips & Crackers,شيبسي,52-56grm,1,,,,كيس,grm
برطمان ورق لورو,"Tins, Jars & Packets",,,1,,,,علبة,
صنى زيت طبخ 800,Cooking Ingredients,صنى,800جم,1,,,,علبة,جم
جهينه كلاسك عصير برتقال 1لتر,Soft Drinks & Juices,جهينه,1لتر,1,,,,زجاجة,لتر
بربيكان شعير تفاح 330مل زجاج ,Soft Drinks & Juices,بربيكان,330مل,1,,,,زجاجة,مل
بار شوكولاته بالحليب بالسودانى,"Chocolates, Sweets & Desserts",,,1,,,,عبوة,
برتقال بسرة مصري 1 كجم,Vegetables & Fruits,,1كجم,1,,,,عبوة,كجم
تشكيله ثوم 210ج,Vegetables & Fruits,,210ج,1,,,,كيس,ج
نعناع فريش,Vegetables & Fruits,,,1,,,,كيس,
برسيل اتوماتيك 5كجم +جل لافغندر 990,Cleaning Supplies,برسيل,5كجم+990مل,2,,,,عبوة,كجممل
علبه كشرى  علبه 20,Tea and Coffee,,,20,,,,علبه,
مساحه بلاستيك الوان,Cleaning Supplies,,,1,,,,بلاستيك,
بسطرمة بلدى بدون ثوم وزن ,Beef & Processed Meat,,,1,,,,عبوة,
بوك قشطه 1670ج,Dairy & Eggs,بوك,1670ج,1,,,,عبوة,ج
خير زمان جبنه رومي بطارخ اكسترا 1 ك ,Dairy & Eggs,خير زمان,1ك,1,,,,عبوة,ك
اكلير شوكولاتة,"Chocolates, Sweets & Desserts",,,1,,,,عبوة,
دولفين تونة قطع - 185جم,"Tins, Jars & Packets",دولفين,185جم,1,,,,علبة,جم
" Nido Full Cream Milk Powder, 25 g",Dairy & Eggs,Nido,25جم,1,,,,عبوة,جم
Ahmad Tea Breakfast 100 Bags,"Tea, Coffee & Hot Drinks",Ahmad Tea,100جم,1,,,,علبة,جم
شيدر نيوزلاندى / ١ 200.00 0.244 48.80,Dairy & Eggs,,0.244,1,,48.8,200,عبوة,
بيبسي كانز ,Soft Drinks & Juices,بيبسي,,1,,,,كانز,
مشروم قطع حدائق كاليفورنيا - 400جم,"Tins, Jars & Packets",حدائق كاليفورنيا,400جم,1,,,,عبوة,جم
مياه طبيعيه بيوفانا - 18.9 لتر,Water,بيوفانا,18.9لتر,1,,,,,لتر
Seed Broccoli - 100 GM,Vegetables & Fruits,,100GM,1,,,,كيس,GM
روست رومى حلوانى,Poultry,حلواني,,1,,,,,
أشهى لانشون بقري رول سادة 250 جم,Beef & Processed Meat,أشهى,250جم,1,,,,عبوة,جم
عدس بجبه 500جم,"Rice, Pasta & Pulses",,500جم,1,,,,كيس,جم
Domty Plus Spicy Feta Cheese - 500gm,Dairy & Eggs,Domty,500gm,1,,,,عبوة,gm
علبه فول محوج عائلى,"Tins, Jars & Packets",,,1,,,,علبه,عائلى
Meatland Beef Luncheon With Olives - 400gm,Beef & Processed Meat,Meatland,400gm,1,,,,عبوة,gm
Nido Milk Powder 100 gm,Dairy & Eggs,Nido,100gm,1,,,,عبوة,gm
PopCorn - 500 gm,"Rice, Pasta & Pulses",,500 gm,1,,,,كيس,gm
بسكويت اولكر هالى بايتس 77جم,Biscuits & Cakes,اولكر هالى,77جم,1,,,,باكو,جم
المراعي عصير جوافة – 1 لتر,Soft Drinks & Juices,المراعي,1لتر,1,,,,عبوة,لتر
سبينيس كاتشب +باربيكيو 320ج ,"Sauces, Dressings & Condiments",سبينيس,320جم,1,,,,عبوة,جم
عصير بيتي تروبيكانا جوافة 27 عبوة، 235 مل,Soft Drinks & Juices,بيتي,235مل,27,,,,عبوة,مل
اوكسي عاد 170,Cleaning Supplies,اوكسي,170مل,1,,,,عبوة,مل
Farm Fresh Artichoke - 400gm,Vegetables & Fruits,Farm Fresh,400gm,1,,,,كيس,gm
عصير تفاح من كين - 1 لتر,Soft Drinks & Juices,كين,1لتر,1,,,,زجاجة,لتر
اسكالوب بقرى متبل ,Beef & Processed Meat,,,1,,,,عبوة,
Ahmed Green Tea Bags 100pcs,"Tea, Coffee & Hot Drinks",Ahmed,100جم,1,,,,علبة,جم
زنجر شيبسى كاتشب,Chips & Crackers,زنجر,,1,,,,كيس,
لمار عصير تفاح 200مل,Soft Drinks & Juices,لمار,200مل,1,,,,عبوة,مل
Grape Vinegar - 250 ML.,"Sauces, Dressings & Condiments",,250ml,1,,,,عبوة,ml
مكرونة اسباجتى ايطاليانو ١ كي 14%,"Rice, Pasta & Pulses",ايطاليانو,,1,,,,كيس,
جارينو خل ذلتر,"Sauces, Dressings & Condiments",جارينو,1لتر,1,,,,عبوة,لتر
جلاكسى شيكولاته 36ج 1+4 هديه,"Chocolates, Sweets & Desserts",جلاكسى,36جم,1,,,,عبوة,جم
جبنه موتزاريلا 1 ك 64.95 1.008 53.37,Dairy & Eggs,,1ك,1,,64.95,64.95,زجاجة,ك
دولفين تونه قطع سهله الفتح 185 جرام 3 علبه,"Tins, Jars & Packets",دولفين,185جرام ,3,,,,علبه,جرام 
فول مدمس لبناني حدائق كاليفورنيا، 400 جم - 2 عبوة,"Tins, Jars & Packets",حدائق كاليفورنيا,400جم,2,,,,عبوة,جم
البوادى طحينه 480جم+عسل350جم,"Sauces, Dressings & Condiments",البوادى,480+350جم,1,,,,عبوة,جم
فارمرز صلصة طماطم 320 جم,"Tins, Jars & Packets",فارمرز,320جم,1,,,,علبة,جم
زجاجه تانك 2 ق 0.65 لتر,Furniture,تانك,0.65لتر,2,,,,زجاجه,لتر
مشروب جوافة فروتس - 700مل ,Soft Drinks & Juices,فروتس,700مل,1,,,,عبوة,مل
ايطاليانو نكرونه 400,"Rice, Pasta & Pulses",ايطاليانو,400,1,,,,كيس,
Galaxy chocolate flutes 22.5Gm,"Chocolates, Sweets & Desserts",Galaxy,22.5جم,1,,,,عبوة,جم
عصير راني فراوله 240مل,Soft Drinks & Juices,راني,240مل,1,,,,زجاجة,مل
بسمه ملوخيه ٤٠٠ جرام 10.00 1 10.00,Vegetables & Fruits,بسمه,400جم,1,,10,10,عبوة,جم
اجزاء اوراك رومى العمار وزن,Poultry,,,1,,,,عبوة,
بن عبدالمعبود محوج غامض 100,"Tea, Coffee & Hot Drinks",عبدالمعبود,100ج,1,,,,علبة,ج
ديلى مشروب دوم 1 لتر,Soft Drinks & Juices,ديلى,1لتر,1,,,,زجاجة,لتر
كرواسون شيكولا,Bakery,,,1,,,,كيس,
Twinings Classics Earl Grey Tea Bags - 2 Gram x100 Count,"Tea, Coffee & Hot Drinks",Twinings ,2Gram,100,,,,,Gram
Paprika Powder – 75 Gm,Cooking Ingredients,,75gm,1,,,,عبوة,gm
Rialto Cheese Popped Snack 30g,Chips & Crackers,Rialto,30g,1,,,,كيس,g
نستله بيور لايف مياه معدنيه 1.500 لتر ,Water,نستله,1.5لتر,1,,,,زجاجة,لتر
بسكوت شوفان مكف ميني,Biscuits & Cakes,,,1,,,,باكو,
كورونا كاكو 90ج,"Chocolates, Sweets & Desserts",كورونا,90جم,1,,,,عبوة,جم
الضحى ارز مغلى 1ك,"Rice, Pasta & Pulses",الضحى,1ك,1,,,,كيس,ك
منقار جوجو كبير علبه فاكيوم ,Furniture,فاكيوم,,1,,,,علبه,
الرحاب خميرة 10جم ,"Tins, Jars & Packets",,10جم,1,,,,علبة,جم
شيبسي ليون بالكاتشب 42-52 جرام,Chips & Crackers,شيبسي,42-52جرام,1,,,,أكياس,جرام
عصير,Soft Drinks & Juices,,,1,,,,زجاجة,
Al Rabie juice 1 liter types,Soft Drinks & Juices,Al Rabie,1 Liter,1,,,,عبوة,Liter
مياه معدنية*1,Water,,,1,,,,زجاجة,
Lindt Swiss Classic Milk Chocolate With Hazelnut - 100gm,"Chocolates, Sweets & Desserts",Lindt,100gm,1,,,,عبوة,gm
كبده امريكي فاكيوم,Beef & Processed Meat,,,1,,,,عبوة,
Cheetos Cheddar Cheese Flavour Popcorn -68 gram,Chips & Crackers,Cheetos,68 gram,1,,,,كيس,gram
ريد بل مشروب الطاقه 250 مل كانز,Soft Drinks & Juices,ريد بل,250مل,1,,,,كانز,مل
Vimto Concentrate 710 ml,Soft Drinks & Juices,Vimto,710ml,1,,,,عبوة,ml
كادبوري اوريو شيكولاته بالحليب,"Chocolates, Sweets & Desserts",كادبوري,,1,,,,عبوة,
GREEN HOUSE PEAS 400 G,Vegetables & Fruits,GREEN HOUSE,400gm,1,,,,كيس,gm
Small Rings Pasta - 400g,"Rice, Pasta & Pulses",,400g,1,,,,كيس,g
سجق لحم بقري شرقي من فرجللو - 350 جرام,Beef & Processed Meat,فرجللو,350جرام,1,,,,عبوة,جرام
تورابيكا علبه بدون سكر 125 جم,Sugar & Home Baking,توربيكا,125جم,1,,,,علبه,جم
شهد بانيه دجاج حار، 1 كيلو,Poultry,شهد,1كيلو,1,,,,عبوة,كيلو
ماشا أند كيه حبوب حمص 500 جم,"Rice, Pasta & Pulses",ماشا أند كيه,500جم,1,,,,كيس,جم
فول من زمزم - 500 جم,"Rice, Pasta & Pulses",زمزم,500جم,1,,,,كيس,جم
ويندكس منظف زجاج 500 مل لافندر,Cleaning Supplies,ويندكس,500مل,1,,,,زجاج,مل
Lavida Mustard 420g &#43; Mayonnaise 400g &#43; Ketchup 430g,"Sauces, Dressings & Condiments",Lavida,400g,1,,,,عبوة,g
"Squeeze Pineapple Juice, 1 L",Soft Drinks & Juices,Squeeze,1L,1,,,,عبوة,L
لانشون حلوانى فلفل,Beef & Processed Meat,حلوانى,,1,,,,عبوة,
Fairy Dish Wash Liquid Green Lemon 500ml,Cleaning Supplies,Fairy,500ml,1,,,,عبوة,ml
احمد تى 100فتله انجليزى No1,"Tea, Coffee & Hot Drinks",احمد تى,,100,,,,علبة,
مولتو شيكولاته XXL,Bakery,مولتو,,1,XXL,,,كيس,
كوالتى اسريت 240جرام,"Chocolates, Sweets & Desserts",كوالتى اسريت,240جم,1,,,,عبوة,جم
ينسون ايزيس 20فتله,"Tea, Coffee & Hot Drinks",ايزيس,,1,,,,علبة,
فريش فارم قشطه رومى 1ك,Poultry,فريش فارم,1ك,1,,,,عبوة,ك
"Halls Menthol, 25 gm - Pack of 20","Chocolates, Sweets & Desserts",Halls,25gm,1,,,,عبوة,gm
مكفتيز بسكويت شوكو دارك بورشن باك 30.5جم ,Biscuits & Cakes,مكفتيز,30.5ج,1,,,,باكو,ج
33.95 20 600ml water Drnk. Nat. Elano,Water,Elano,600ml,20,,33.95,33.95,زجاجة,ml
مكفتيز بسكويت شوكو 30.5,Biscuits & Cakes,مكفتيز,30.5ج,1,,,,باكو,ج
روز جاردن تونه قطع 140جم 3ق شرنك,"Tins, Jars & Packets",روز جاردن,140جم,3,,,,علبة,جم
مافا بطاطس شنط 23كجم,Vegetables & Fruits,مافا,2كجم,1,,,,كيس,كجم
تايجر صويا صوص فاتح/غامق 320ملل,"Sauces, Dressings & Condiments",تايجر,320مل,1,,,,عبوة,مل
كلاس ايه ستروب وافل حليب وعسل 30 جم,Biscuits & Cakes,كلاس ايه,30جم,1,,,,باكو,جم
Tahwega Turkish Coffee Plain Light 200g,"Tea, Coffee & Hot Drinks",Tahwega,200gm,1,,,,عبوة,gm
شيتوس بالجبنة عائلى 5.00 10.00,Chips & Crackers,شيتوس,,2,,5,10,كيس,
White Sesame Seed 1kg,Bakery,,1kg,1,,,,كيس,kg
بربيكان مشروب شعير بالرمان 330مل,Soft Drinks & Juices,بربيكان,330مل,1,,,,زجاجة,مل
بسكاتو بسكويت بالشوكولاتة - 85 جم,Biscuits & Cakes,بسكاتو,85جم,1,,,,باكو,جم
زمزم عدس بجبة - 500جم,"Rice, Pasta & Pulses",زمزم,500جم,1,,,,كيس,جم
مكرونه فيتوشينى ايطاليانو,"Rice, Pasta & Pulses",ايطاليانو,,1,,,,,
فلفل ألوان فريش سايب,Vegetables & Fruits,,,1,,,,كيس,
Kohinoor White Extra Basmati Rice Gold - 1K,"Rice, Pasta & Pulses",Kohinoor,1K,1,,,,كيس,K
بسطرمه فاكيوم ,Beef & Processed Meat,,,1,,,,عبوة,
كيندر شوكولاته 4ق 50ج,"Chocolates, Sweets & Desserts",كيندر,50جم,4,,,,عبوة,جم
كالنورت مرقة دجاج 8 × 10 جم,Cooking Ingredients,كالنورت,10جم,1,,,,عبوة,جم
كاتشب هاينز 850حم,"Sauces, Dressings & Condiments",هاينز,850جم,1,,,,عبوة,جم
ايزيس مياه طبيعية - 600 مل,Water,ايزيس,600مل,1,,,,زجاجة,مل
Almarai Yo Go Mango Yogurt Drink - 220 ml,Dairy & Eggs,Almarai,220مل,1,,,,عبوة,مل
بريزيدون علبه 500 جرام فينتا,Dairy & Eggs,بريزيدن,500جرام,1,,,,علبه,جرام
سلامى جاف حلوانى ,Beef & Processed Meat,حلوانى,,1,,,,عبوة,
الربيع نعناع صافى 20 فتله,"Tea, Coffee & Hot Drinks",الربيع,,20,,,,عبوة,
البركه فلفل حريف,Vegetables & Fruits,البركه,,1,,,,عبوة,
فيفا عصير تفاح منكتار 200مل,Soft Drinks & Juices,فيفا,200مل,1,,,,عبوة,مل
شيكولاته نستله كرنفال فانيلا,"Chocolates, Sweets & Desserts",نستله كرنفال,,1,,,,عبوة,
فريك زمزم - 500 جم,"Rice, Pasta & Pulses",زمزم,500جم,1,,,,كيس,جم
Nestle COFFEE-MATE 170Gm ,"Tea, Coffee & Hot Drinks",COFFEE-MATE,170جرام,1,,,,علبة,جرام
ملح مائده 300 جم سفره,Cooking Ingredients,سفره,300جم,1,,,,عبوة,جم
12×اولكر 30ج,Biscuits & Cakes,اولكر,30ج,12,,,,باكو,ج
Olivetta Whole  Jumbo Green Olives - By Weight,"Tins, Jars & Packets",Olivetta ,,1,,,,عبوة,
Isis Mineral Water Gallon 11 L,Water,isis,11L,1,,,,gallon,L
مقشره  خضروات استانلس 18 سم علريضه بيد بلاستيك اسود,Furniture,,18سم,1,,,,بلاستيك,بيد
تيفانى سنكرز كوكيز بقطع الشيكولاته 40جم ,Biscuits & Cakes,تيفانى,,1,,,,باكو,
. بورينا فريسكيز كلاسيك باتيه دجاج وتونا عشاء - 156 جم * 10 قطع,Bakery,,156جم,10,,,,كيس,جم
Montana Peas &amp; Carrots 400g,Vegetables & Fruits,Montana,400gm,1,,,,كيس,gm
Superb Chicen Pane 1 kg,Poultry,,1 kg,1,,,,,kg
فول بزيت الزيتون من امريكانا - 400 جم,"Tins, Jars & Packets",امريكانا,400جم,1,,,,عبوة,جم
مكرونة لسان عصفور من مصرية - 1 كجم ,"Rice, Pasta & Pulses",مصرية,1كجم,1,,,,كيس,كجم
كوكس ملح طعام يودى ناعم 700ج,Cooking Ingredients,كوكس,700جم,1,,,,عبوة,جم
زيت القرع العسلى الخام - 30 مل,Cooking Ingredients,,30مل,1,,,,عبوة,مل
فانتا 950مل,Soft Drinks & Juices,فانتا,950مل,1,,,,زجاجة,مل
الشيف الذهبي لحم قطع 900 جم,Beef & Processed Meat,الشيف الذهبي,900جم,1,,,,عبوة,جم
فريسكا فينجرز ويفر بالكاكاو و كريمة البندق - 38جم - عبوة من 8,Biscuits & Cakes,فريسكا,38جم,8,,,,باكو,جم
Chefy Mix Mexican Rice Mix 150g,Cooking Ingredients,Chefy Mix,150g,1,,,,عبوة,g
تشكلتس لبان فراوله علبه 10 ق,Sweets & Desserts,تشكلتس,,10,,,,علبه,
بيبسى كانز,Soft Drinks & Juices,بيبسي,,1,,,,كانز,
امريكانا بيفى بلوبيف 340جم,"Tins, Jars & Packets",امريكانا,340جم,1,,,,علبة,جم
Ashha Beef Luncheon Roll Plain 250g,Beef & Processed Meat,Ashha,250g,1,,,,عبوة,g
كورال زيت خليط 1 لتر,Cooking Ingredients,كورال,1لتر,1,,,,عبوة,لتر
Rich Bake Lebanese bread 200g ,Bakery,Rich Bake,200g,1,,,,كيس,g
شيش دجاج الوطنية - 1ك,Poultry,الوطنية,1ك,1,,,,عبوة,ك
كورونا 60 جم,"Chocolates, Sweets & Desserts",كورونا,60جم,1,,,,عبوة,جم
دجاج مقلي حار مع بطاطس أطياب,Poultry,أطياب,,1,,,,عبوة,
زاري أرز ذهبي فاخر طويل الحبة 1 كجم,"Rice, Pasta & Pulses",زاري,1كجم,1,,,,كيس,كجم
سمسم ابيض الخطيب  ,Cooking Ingredients,الخطيب,,1,,,,عبوة,
رقائق بطاطس تايجر شطة وليمون عائلي 40 - 44 جم,Chips & Crackers,تايجر,40-44جم,1,,,,كيس,جم
شيفى كاتشب 340 ج,"Sauces, Dressings & Condiments",شيفي,340ج,1,,,,,ج
21.00 x6 3.50 دانون زبادي لايت1,Dairy & Eggs,دانون,,6,,3.5,21,عبوة,
مسحوق غسيل باللافندر مُركز- 8 كجم + 2 كجم,Cleaning Supplies,,2كجم+8كجم,1,,,,عبوة,كجمكجم
13.16 Water Dasani 1,Water,Dasani,,1,,13.16,13.16,زجاجة,
classic pretzels BBQ fl35/40g ,Chips & Crackers,classic,40g,1,,,,كيس,g
Packet  Bread Sticks With Black Seed - Small Sized,Bakery,,,1,small,,,كيس,
MAGICAL JELLY BEARS 25G*12,"Chocolates, Sweets & Desserts",MAGICAL,25g,12,,,,عبوة,g
تيفاني ايفري داى بسكويت بالحليب 50ج,Biscuits & Cakes,تيفاني ايفري داى,50ج,1,,,,عبوة,ج
"هاينز كاتشب ,850 جرام","Sauces, Dressings & Condiments",هاينز,850جم,1,,,,عبوة,جم
باب الشام بودره ثوم 45جم,Cooking Ingredients,باب الشام,45جم,1,,,,عبوة,جم
مياة شرب طبيعية من نستله - 600 مل - 20 عبوة,Water,نستله,600مل,20,,,,عبوة,مل
علبه كينج,"Rice, Pasta & Pulses",,,1,,,,علبه,كينج
تودو بروانزيز كيك,Biscuits & Cakes,تودو,,1,,,,باكو,
Heinz Mayonnaise Light 310g ,"Sauces, Dressings & Condiments",Heinz,310g,1,,,,عبوة,g
علبه مكرونه وسط,"Rice, Pasta & Pulses",,,1,وسط,,,علبه,وسط
الدرة كاتشب بارد ,"Sauces, Dressings & Condiments",الدرة,,1,,,,عبوة,
جهينه زبادو فواكه 220جرام توت,Dairy & Eggs,جهينه,220جم,1,,,,عبوة,جم
Olivetta Minced Lemon With Safflower - By Weight,"Tins, Jars & Packets",Olivetta ,,1,,,,عبوة,
ثرى ماك جبنه فيتا 500 جم بلاستيك,Dairy & Eggs,ثري ماك,500جم,1,,,,بلاستيك,جم
"Pepsy 11 oz - Blanzes, 24 Count",Soft Drinks & Juices,Pepsy,,24,,,,عبوة,
نستله مياه بيور لايف 1.5لتر,Water,نستله,1.5لتر,1,,,,زجاجة,لتر
كوكاكولا حجم عادي,Soft Drinks & Juices,كوكاكولا,,1,,,,زجاجة,
بسكويت ماري تيفاني - 100جم,Biscuits & Cakes,ماري تيفاني,100جم,1,,,,عبوة,جم
عصير مانجو بيتى 235مل,Soft Drinks & Juices,بيتى,235مل,1,,,,عبوة,مل
California Garden Ready To Eat Whole Mushroom Can - 800 Gram,"Tins, Jars & Packets",California Garden,800g,1,,,,عبوة,g
اوريو بسكويت 3 قطع كريمه علبه,Biscuits & Cakes,اوريو,,3,,,,باكو,
Chipsy Tomato 135g ,Chips & Crackers,Chipsy,135g,1,,,,كيس,g
بيور لايف مياة طبيعية 600م ,Water,بيور لايف,600مل,1,,,,زجاجة,مل
هول ويت خبز بيتى بان ٤ق 14.00 1 14.00,Bakery,هول ويت,,4,,14,14,كيس,
شيتوس كرانشى بالجبنه ,Chips & Crackers,شيتوس,,1,,,,كيس,
ايطاليانو مكرونة فرن 400 جم,"Rice, Pasta & Pulses",ايطاليانو,400جم,1,,,,كيس,جم
Mandolin Twin Choloate bar - 4+1 – 250 gm,"Chocolates, Sweets & Desserts",Mandolin,250gm,1,,,,عبوة,gm
المطبخ ارز امرصرى 5كجم,"Rice, Pasta & Pulses",المطبخ,5كجم,1,,,,كيس,كجم
اكوافينا مياه طبيعيه 600 مل,Water,اكوافينا,600مل,1,,,,زجاجة,مل
اوراك دجاج متبل بالوزن ,Poultry,,,1,,,,عبوة,
مراعي كريمه الخفق 500,Dairy & Eggs,مراعي,500مل,1,,,,عبوة,مل
هاينز صوص 290ج,"Sauces, Dressings & Condiments",هاينز,290جم,1,,,,عبوة,جم
MOLLY S CHOCOLATE PIE 360G,Bakery,MOLLY S,360G,1,,,,كيس,G
Atyab Minced Meat 900 gm ,Beef & Processed Meat,Atyab,900gm,1,,,,عبوة,gm
ميموريز ويفر بكريمة الكاكاو 40 جم,Biscuits & Cakes,ميموريز,40جم,1,,,,باكو,جم
المراعى سجق  بقرى ,Beef & Processed Meat,المراعى,,1,,,,عبوة,
شاى ليبتون 100فتله+مج,"Tea, Coffee & Hot Drinks",ليبتون,,100,,,,كيس,
علبه فول بالصلصه,"Tins, Jars & Packets",,,1,,,,علبه,
الشمعدان انواع جديد علبه 12,Biscuits & Cakes,الشمعدان,,12,,,,باكو,
علبه الفرحه متنوعه,Furniture,,,1,,,,علبه,
مرقة دجاج كنور ٢٤ مكعب  عرض,Cooking Ingredients,كنور,,24,,,,عبوة,
لينو حلقات شوفان بالفلفل الحلو 60 جم,Chips & Crackers,لينو,60جم,1,,,,أكياس,جم
صلصة طماطم بالزيتون - 370 جم,"Tins, Jars & Packets",,370جم,1,,,,عبوة,جم
تشيكن سبايسي سائد-قاموس ستار ساندوتش بالجبن-2 بطاطا عادي متوسط-2 بيبسي كانز,Bakery,بيبسي,,6,متوسط,,,كانز,متوسط
بانيه دجاج متبل وزن 131.95 0.68 89.73,Poultry,,0.68,1,,89.73,131.95,عبوة,
ايزابيلا خل,"Sauces, Dressings & Condiments",ايزابيلا,,1,,,,عبوة,
جبنه فيتا زيتون 500 جم تتراباك ,Dairy & Eggs,تتراباك,500جم,1,,,,تتراباك,جم
شويبس كانز,Soft Drinks & Juices,شويبس,,1,,,,كانز,
بطاطس جاكر بالملح - 75جم,Chips & Crackers,جاكر,75جم,1,,,,كيس,جم
مانجو كيت 1ك,Vegetables & Fruits,,1ك,1,,,,كيس,ك
Lino Light Oat Biscuits with Coconut 180g,Biscuits & Cakes,Lino,180g,1,,,,باكو,g
فن داي ماربل كعك 1 قطعة,Bakery,فن داي,,1,,,,كيس,
جرين لايف روزمارى 100جم,Vegetables & Fruits,جرين لايف,100جم,1,,,,كيس,جم
دبلوماسيون سردين مدخن بصلصة الطماطم 250 جم,"Tins, Jars & Packets",دبلوماسيون,250جم,1,,,,عبوة,جم
Baladi Beef Tenderloin 500g,Beef & Processed Meat,,500gm,1,,,,عبوة,gm
شيفس سيكريت خل 1لتر ,"Sauces, Dressings & Condiments",شيفس سيكريت,1لتر,1,,,,عبوة,لتر
منظف زجاج - رشاش الأصلى - 500مل,Cleaning Supplies,,500مل,1,,,,عبوة,مل
Tiger Potato Tomato Chips - 40 gram,Chips & Crackers,Tiger,40 gram,1,,,,كيس,gram
Dasani Water 8 Liter ,Water,Dasani,8 Liter,1,,,,زجاجة,Liter
فريماز سناكس بالطعم الاصلى 30 جرام,Chips & Crackers,فريماز,30جم,1,,,,أكياس,جم
بيبسى كانز,Soft Drinks & Juices,بيبسي,,1,,,,كانز,
حلواني كوردن بيتزا، 400 جرام,Poultry,حلواني,400جرام,1,,,,عبوة,جرام
American Garden Thousand Island 473ml,"Sauces, Dressings & Condiments",American Garden,473ml,1,,,,عبوة,ml
SAFI WATER 330M,Water,SAFI,330M,1,,,,زجاجة,M
كوكاكولا زجاج 330 م,Soft Drinks & Juices,كوكاكولا,330م,1,,,,زجاج,م
ليبتون روفان بابونج كيس,"Tea, Coffee & Hot Drinks",ليبتون,,1,,,,كيس,
Regina Pasta Fusilli - 400g ,"Rice, Pasta & Pulses",Regina,400g,1,,,,كيس,g
قهوة فرنسي كلاسيك - 200 جم,"Tea, Coffee & Hot Drinks",,200جم,1,,,,عبوة,جم
مسطردة قابلة للضغط - 230 جم,"Sauces, Dressings & Condiments",,230جم,1,,,,عبوة,جم
أصيل مكرونة قلم 3 4.00 2 8.00,"Rice, Pasta & Pulses",أصيل,,2,,4,8,كيس,
اوكسى جيل اوتوماتيك,Cleaning Supplies,اوكسى,,1,,,,عبوة,
علبه خيار سواريه,Vegetables & Herbs,,,1,,,,علبه,
310 شاى ناعم 40 جم,"Tea, Coffee & Hot Drinks",,310جم,1,,40,40,علبة,جم
شيكولاته ايون 90ج,"Chocolates, Sweets & Desserts",ايون,90جم,1,,,,عبوة,جم
مشروب مانجو بالحليب دانون داناو - 235 مل,Soft Drinks & Juices,دانون داناو,235مل,1,,,,عبوة,مل
فيينا وسط 18سم ابيض,Bakery,فيينا,,1,,,,كيس,
فتنس توستسر جبنه 36جم,Chips & Crackers,فتنس,36جم,1,,,,كيس,جم
OREO 3 BISC. CHOCO 11+1,Biscuits & Cakes,OREO,,12,,,,عبوة,
ارز بسمتي ابيض اكسترا ذهب - 1 كيلو,"Rice, Pasta & Pulses",,1كيلو,1,,,,كيس,كيلو
Rani Peach Float Drink 240ml ,Soft Drinks & Juices,Rani,240ml,1,,,,عبوة,ml
وادى النخيل صويا صوص 250مل,"Sauces, Dressings & Condiments",وادى النخيل,250مل,1,,,,عبوة,مل
دجاج كرانشي حلواني اخوان - 12 قطعة,Poultry,حلواني اخوان,,12,,,,عبوة,
علبه توب,"Rice, Pasta & Pulses",,,1,,,,علبه,
السنبلة رقائق سمبوسك ٥٠٠جم 42.95 1 42.95,Bakery,السنبلة,500جم,1,,,,كيس,جم
Halwani Tahina White 475 G ,"Sauces, Dressings & Condiments",Halwani,475G,1,,,,عبوة,G
هوهوز كيك محشو كريمة الشيكولاتة,Biscuits & Cakes,هوهوز,,1,,,,,
خل التفاح - 500 مل,"Sauces, Dressings & Condiments",,500مل,1,,,,عبوة,مل
علبه بطاطس ,Vegetables & Herbs,,,1,,,,علبه,
مياة طبيعية للشرب من مايا، 600 مل,Water,مايا،,600مل,1,,,,زجاجة,مل
زبادو مشروب ,Dairy & Eggs,,,1,,,,عبوة,
مافا خيار 1 كجم,Vegetables & Fruits,مافا,1كجم,1,,,,كيس,كجم
Alzahar Konafa 500gm,Bakery,Alzahar,500gm,1,,,,عبوة,gm
Cherry Tomato Premium 1pkt 250g,Vegetables & Fruits,,250g,1,,,,كيس,g
ميرندا برتقال 1.25 لتر ,Soft Drinks & Juices,ميرندا,1.25لتر,1,,,,زجاجة,لتر
شيبسي بالطماطم 135جم,Chips & Crackers,شيبسي,135جم,1,,,,كيس,جم
شويبس ليمون ونعناع 250 مل زجاج,Soft Drinks & Juices,شويبس,250مل,1,,,,زجاج,مل
"Wadi Food Tomato Paste, 360 g","Tins, Jars & Packets",Wadi Food,360g,1,,,,عبوة,g
نستله نيدو زبادي فراولة مدعم 105 جم,Dairy & Eggs,نستله,105gm,1,,,,عبوة,gm
English Breakfast - 100 Tagged,"Tea, Coffee & Hot Drinks",,100جم,1,,,,علبة,جم
عصير خوخ سباركلينج من ماي جولد، 750 مل,Soft Drinks & Juices,ماي جولد,750مل,1,,,,زجاجة,مل
بيبتو جيلى 60ج,"Chocolates, Sweets & Desserts",بيبتو,60جم,1,,,,باكو,جم
شويبس جولد خوخ بلاستيك ,Soft Drinks & Juices,شويبس,,1,,,,بلاستيك,
pizza mixed vegetables 480g ,Bakery,,480g,1,,,,كيس,g
تورك باسكويت دارك محشو بكريمه الكاكاو 61 جم,Biscuits & Cakes,تورك,61جم,1,,,,باكو,جم
عصير تفاح بي ايه تي سعة 1.0 لتر من المراعي,Soft Drinks & Juices,المراعي,1لتر,1,,,,زجاجة,لتر
كاليفورنيا ذره حلوه 400ج,"Tins, Jars & Packets",كاليفورنيا,400جم,1,,,,علبة,جم
زجاجه مياه 1.5لتر,Water,,1.5لتر,1,,,,زجاجة,لتر
مكرونة خواتم الملكة 400جم ,"Rice, Pasta & Pulses",الملكة,400جم,1,,,,كيس,جم
ELLEHEIMY CHICKEN CAJUN-1KG,Poultry,ELLEHEIMY,1KG,1,,,,عبوة,KG
مياة كبيرة ,Water,,,1,,,,زجاجة,
34.25 جرين لاند 900 جم (M),Dairy & Eggs,جرين لاند,900جم,1,,34.25,34.25,عبوة,جم
مدل بلاستيك,Furniture,,,1,,,,بلاستيك,
دومتى سندوتش جبنه كريمه جامبو,Bakery,دومتى,,1,,,,كيس,
Mineral water-Large,Water,,,1,,,,زجاجة,
فلفل مكسيكي مخلل دوبيلا - 370جم,"Tins, Jars & Packets",دوبيلا,370جم,1,,,,عبوة,جم
المراعى حليب كامل الدسم 1.4لتر,Dairy & Eggs,المراعى,1.4لتر,1,,,,علبة,لتر
Hot Sauce-Chili & Lime79gm,"Sauces, Dressings & Condiments",,79Gm,1,,,,عبوة,Gm
اعشاب ايزيس صغيره,"Tea, Coffee & Hot Drinks",ايزيس,,1,,,,علبة,
بطاطس ايس فارم,Vegetables & Fruits,ايس فارم,,1,,,,كيس,
"Danone Danao Mango Drink with Milk, 1 Liter",Soft Drinks & Juices,Danone,1L,1,,,,عبوة,L
Hot Ketchup Squeeze – 320g,"Sauces, Dressings & Condiments",,320g,1,,,,عبوة,g
جهينة ميكس فراولة ,Dairy & Eggs,جهينة,,1,,,,عبوة,
كرسى بلاستيك بامبو سفير رجل بلاستيك,Furniture,,,1,,,,بلاستيك,
كانز,Soft Drinks & Juices,,,1,,,,كانز,
ماكسيل منظف توليت ,Cleaning Supplies,ماكسيل,,1,,,,عبوة,
هارفست فول مدمس 400 جم,"Tins, Jars & Packets",هارفست,400جم,1,,,,عبوة,جم
Mustard Squeeze Bottle - 300ml,"Sauces, Dressings & Condiments",,300ml,1,,,,عبوة,ml
Tai Hua Oyster Sauce - 430ml,"Sauces, Dressings & Condiments",Tai Hua,430ml,1,,,,عبوة,ml
Nestle Pure Life Triple Berry Sparkling Water  - 360 ml - 12,Water,Nestle,360ml,12,,,,كرتونة,ml
منعم داوني مركز اجساس الرفاهيه,Cleaning Supplies,داوني,,1,,,,عبوة,
بيبسى كانز 355 مم,Soft Drinks & Juices,بيبسي,355مم,1,,,,كانز,مم
AQUAFINA WATER 600ML,Water,AQUAFINA,,1,,,,زجاجة,
ريتش فصوص رومى وزن,Poultry,ريتش,,1,,,,عبوة,
فريش فارم لانشون بالبسطرمة - 250 جم,Beef & Processed Meat,فريش فارم,250جم,1,,,,عبوة,جم
Zein Dust Black Tea - 40 Grams ,"Tea, Coffee & Hot Drinks",Zein,,40,,,,علبة,
كتش اب طماطم هاينز 340غرام,"Tins, Jars & Packets",هاينز,340جرام,1,,,,علبة,جرام
NESTLE CONDENSED MILK SQUEEZY 450G,Dairy & Eggs,NESTLE,450g,1,,,,عبوة,g
ويندكس منظف زجاج غيار,Cleaning Supplies,ويندكس,,1,,,,زجاج,
Atyab Fried Chicken Parts Spicy 12pcs,Poultry,Atyab,,12,,,,عبوة,
رانى عصير حبيبات جوافه,Soft Drinks & Juices,رانى,,1,,,,زجاجة,
مفروم جاهز,Beef & Processed Meat,,,1,,,,عبوة,
دجاج بانيه كرانشي كوكي، حار - 8 قطع,Poultry,كوكي,,8,,,,عبوة,
صوص ,"Sauces, Dressings & Condiments",,,1,,,,عبوة,
علبه فول اسكندرانى 11,"Tins, Jars & Packets",,,1,,11,11,علبه,
ترايدنت لبان بالفراولة خالى من السكر، 5 قطع,"Chocolates, Sweets & Desserts",ترايدنت,,5,,,,باكو,
"Trident Gum Spearmint, 5 Pieces","Chocolates, Sweets & Desserts",Trident,,5,,,,عبوة,
كوكاكولا كانز 300مللى,Soft Drinks & Juices,كوكاكولا,300مل,1,,,,زجاجة,مل
مياة شرب طبيعية من نستله - 600 مل - 20 عبوة,Water,نستله,600مل,20,,,,عبوة,مل
Aquafina Water 600 ml ,Water,Aquafina,600ml,1,,,,,ml
صوص طماطم بالبصل هايز البيتى,"Sauces, Dressings & Condiments",هايز البيتى,,1,,,,عبوة,
مافا بطاطس علبه 1 كجم,Vegetables & Herbs,مافا,1كجم,1,,,,علبه,كجم
كانز,Soft Drinks & Juices,,,1,,,,عبوة,
Cappuccino Gold  Unsweetened - 12 Pcs x 12.5 gm,"Tea, Coffee & Hot Drinks",,12.5gm,12,,,,عبوة,gm
Tiger Tomato Potato Chips 35-40g,Chips & Crackers,Tiger,35-40g,1,,,,كيس,g
رومى سويس مدخن حبش,Poultry,سويس,,1,,,,عبوة,
رانى مانجو 1لتر,Soft Drinks & Juices,رانى,1لتر,1,,,,زجاجة,لتر
Corona biscuts bimbo,Biscuits & Cakes,Corona,,1,,,,باكو,
علبه فول محوج ك,"Tins, Jars & Packets",,1ك,1,,,,علبه,ك
ريتش بيك خبز لبناني كبير كيس,Bakery,ريتش بيك,,1,,,,كيس,
كبده وقلب وكلاوي,Beef & Processed Meat,,,1,,,,عبوة,
Rs Olive Oil 175ml,Cooking Ingredients,Rs,75gm,1,,,,عبوة,gm
الضحى أرز مصري 5 ك,"Rice, Pasta & Pulses",الضحى,5ك,1,,,,كيس,ك
كيروكس سبراي مبيد الحشرات الزاحفة - 500مل,Cleaning Supplies,كيروكس,500مل,1,,,,عبوة,مل
شويبس جولد زجاج 250 مل,Soft Drinks & Juices,شويبس,250مل,1,,,,زجاج,مل
Bashayer Orange Juice - 1 Liter,Soft Drinks & Juices,Bashayer,1 Liter,1,,,,عبوة,Liter
طحينه 500جم,"Sauces, Dressings & Condiments",,500جم,1,,,,عبوة,جم
Lime Flavored Candys - 20 Packs,"Chocolates, Sweets & Desserts",,,20,,,,عبوة,
علبه بسبوسه ساده صغير وزن,Sweets & Desserts,,,1,صغير,,,علبه,صغير
دساني مياة معدنية 1.5 لتر,Water,دساني,1.5لتر,1,,,,زجاجة,لتر
جهينه بيور غير محلى جوافة 235 مل,Soft Drinks & Juices,جهينه,235مل,1,,,,عبوة,مل
شويبس اناناس 1لتر ,Soft Drinks & Juices,شويبس,1لتر,1,,,,زجاجة,لتر
تايجر بطاطس,Chips & Crackers,تايجر,,1,,,,كيس,
قهوة سريعة التحضير قليلة السكر من هانز، 20 جرام، 6 قطع,"Tea, Coffee & Hot Drinks",هانز,,20,,,,علبة,
زبادى طبيعى المراعى 400جم,Dairy & Eggs,المراعى,400جم,1,,,,عبوة,جم
زاهر ايس كريم 12ج-بوله,"Chocolates, Sweets & Desserts",زاهر,12ج,1,,,,عبوة,ج
الملكه مكرونه 1ك شعريه ,"Rice, Pasta & Pulses",الملكه,1ك,1,,,,كيس,ك
ريجينا مكرونة فرن ,"Rice, Pasta & Pulses",ريجينا,,1,,,,كيس,
5.00 EGP مياه حياه600مل 1,Water,حياه600مل,600مل,1,,5,5,زجاجة,مل
Hibiscus Leaves - 50g,Vegetables & Fruits,,50g,1,,,,كيس,g
بربيكان كانز 250 مل 3 *1,Soft Drinks & Juices,بربيكان,250مل,1,,,,,
Frozen Duck 2.3kg - 2.5kg Approx. Weight,Poultry,,2.3-2.5kg,1,,,,عبوة,kg
بيور لايف نستله,Water,نستله,,1,,,,زجاجة,
شيبسي برينجلز بابريكا 130 جم,Chips & Crackers,شيبسي,130جم,1,,,,أكياس,جم
كاتشب حار 285جم خاينز,"Sauces, Dressings & Condiments",خاينز,285جم,1,,,,عبوة,جم
Maceroni Rice Pasta 350g,"Rice, Pasta & Pulses",Maceroni,350g,1,,,,كيس,g
فشار بطعم الكراميل,Chips & Crackers,,,1,,,,كيس,
رومي الهواري كافيار ,Poultry,,,1,,,,عبوة,
تمرى كبده 500ج,Poultry,تمرى,500جم,1,,,,عبوة,جم
تلت كفته بلدى,Beef & Processed Meat,,,1,,,,,
توليدو ذرة حلوة 400ج,"Tins, Jars & Packets",توليدو,400جم,1,,,,علبة,جم
توداى خل 1لتر ,"Sauces, Dressings & Condiments",توداى,1لتر,1,,,,عبوة,لتر
Galaxy Flutes Chocolate Twin Fingers 12 x 22.5g,"Chocolates, Sweets & Desserts",Galaxy,22.5g,12,,,,عبوة,g
كانز,Soft Drinks & Juices,,,1,,,,كانز,
"Fresh Farm Oriental Sausages, 350 Gm",Beef & Processed Meat,Fresh Farm,350Gm,1,,,,عبوة,Gm
شرائح رومي مدخن بالبابريكا من تاست,Poultry,تاست,,1,,,,عبوة,
مونتانا خضار مشكل، 400 جرام,Vegetables & Fruits,مونتانا,400جم,1,,,,عبوة,جم
ماجى خلطه كفته 40جنم,Cooking Ingredients,ماجى,40جم,1,,,,عبوة,جم
Hawaa Spaghetti Pasta 1 k,"Rice, Pasta & Pulses",Hawaa,1 k,1,,,,كيس,k
"Al Halawani Flour for Sweets, Cakes and Biscuits 1 kg",Bakery,Al Halawani,1kg,1,,,,عبوة,kg
مشروب جوافة من لمار، 200 مل - 27 قطعة,Soft Drinks & Juices,لمار,200مل,27,,,,عبوة,مل
بيتى بان عرض 10ق,Bakery,بيتى,,10,,,,كيس,
أحمد تي شاي أخضر بالنعناع - 25 فتلة,"Tea, Coffee & Hot Drinks",أحمد تي,,25,,,,عبوة,
سمبوسك جبنة المراعي بالتوابل اللبنانية - 350جم,Bakery,المراعي,350جم,1,,,,كيس,جم
جيل اوتوماتيك لافندر 2.5;[l owl 20,Cleaning Supplies,,2.5لتر,1,,,,عبوة,لتر
بسكويت اولكر شاى,Biscuits & Cakes,اولكر,,1,,,,باكو,
رانى عصير حبيبات خوخ 240مل,Soft Drinks & Juices,رانى,240مل,1,,,,زجاجة,مل
اولكر هالى بسكويت بالشوكولاته 26 جم علبه 12,Biscuits & Cakes,اولكر,26جم,12,,,,علبه,جم
خل التفاح 500 مل (زجاجه مربعه),"Sauces, Dressings & Condiments",,500مل,1,,,,عبوة,مل
Elano Natural Drinking Water 600ml,Water,Elano,600ml,1,,,,زجاجة,ml
ريحانع لوبيا بلدى 500جم,"Rice, Pasta & Pulses",ريحانع,500جم,1,,,,كيس,جم
كادبوري شوكولاتة بالبندق - 24 جم,"Chocolates, Sweets & Desserts",كادبوري,24جم,24,,,,عبوة,جم
هاينز صلصه 360جرام برطمان,"Tins, Jars & Packets",هاينز,360ج,1,,,,علبة,ج
هوهوز كريمه 2جنيه,Biscuits & Cakes,هوهوز,,1,,2,2,باكو,
مشروم قطع مونارك - 400جم,Vegetables & Fruits,مونارك,400جم,1,,,,عبوة,جم
مج زجاج بالشاليموه برطمان 500 ملى بغطاء معدن,Furniture,,500ملى,1,,,,زجاج,ملى
تريتو كيك دونات 50جم,Biscuits & Cakes,تريتو,50جم,1,,,,عبوة,جم
كيك جزر ,Biscuits & Cakes,,,1,,,,باكو,
اولكر بسكويت فانيليا 12 علبه,Biscuits & Cakes,اولكر,,12,,,,علبه,
سو بوى تونه قطع بالفلفل,"Tins, Jars & Packets",سو بوى,,1,,,,علبة,
الاصدقاء جبن موتزريلا ,Dairy & Eggs,الاصدقاء,,1,,,,عبوة,
Remia Salad Dressing Garlic Sauce - 260 gram,"Sauces, Dressings & Condiments",Remia,260gm,1,,,,عبوة,gm
CHICKETITA SPICY CHICKEN PANE 400G,Poultry,CHICKETITA,400G,1,,,,عبوة,G
Guava Egypt 500g,Vegetables & Fruits,,500g,1,,,,كيس,g
هولز حلوى جافه بالنعناع,"Chocolates, Sweets & Desserts",هولز,,1,,,,عبوة,
زيت زيتون بومس اسبانى - 2 لتر,Cooking Ingredients,بومس,2لتر,1,,,,عبوة,لتر
Mcvities Digestive Milk Chocolate Biscuit 12 x 33.3g,Biscuits & Cakes,Mcvities Digestive,33.3g,12,,,,باكو,g
Bella biscuits box 12 pieces,Biscuits & Cakes,Bella,,12,,,,,pieces
زجاجه مياه بلاستيك 600 مل ,Furniture,,600مل,1,,,,بلاستيك,مل
نستلة مياه 1.5ل ,Water,نستلة,1.5لتر,1,,,,زجاجة,لتر
HERMAN KETCHUP 567 G,"Sauces, Dressings & Condiments",HERMAN,567G,1,,,,عبوة,G
HARIBO FİZZ MİX 70 GR ,"Chocolates, Sweets & Desserts",HARIBO,70gr,1,,,,عبوة,gr
بيتى تروبيكانا جوافه 235مل,Soft Drinks & Juices,بيتى,235مل,1,,,,عبوة,مل
ريتش بيك هامبرجر 240جم,Bakery,ريتش بيك,240جم,1,,,,كيس,جم
Ahmad Tea Mint Mystique Green Tea Bags - 20 Pieces,"Tea, Coffee & Hot Drinks",Ahmad Tea,,20,,,,علبة,
قليه زيت خليط 1ليتر,Cooking Ingredients,قليه,1لتر,1,,,,عبوة,لتر
نستلة - مشروب زبادي خوخ 200 جرام,Dairy & Eggs,نستلة,200جم,1,,,,عبوة,جم
Barilla Spaghetti N.7 500g,"Rice, Pasta & Pulses",Barilla,500g,1,,,,كيس,g
فن داى كيك ريد فلفيت بالحليب 64 جرام ,Biscuits & Cakes,فن داي,64جرام,1,,,,,جرام
جراندى هوم طقم علبه كلاسيك,Furniture,جراندي هوم,,1,,,,علبه,
Lion Ketchup Chips 74-84g,Chips & Crackers,Lion,74-84g,1,,,,كيس,g
Mamas Choice Boom Frit 1kg ,Vegetables & Fruits,Mamas Choice,1kg,1,,,,كيس,kg
جهينه 9 زبادى طبيعى +3قطع,Dairy & Eggs,جهينه,,12,,,,عبوة,
العطار شاي اخضر ليمون - 20 فتلة,"Tea, Coffee & Hot Drinks",العطار,,20,,,,عبوة,
بقسماط مطحون ريتش بيك - 250 جم,Bakery,ريتش بيك,250جم,1,,,,كيس,جم
بيبسى بلاستيك 250 مل,Soft Drinks & Juices,بيبسي,250مل,1,,,,بلاستيك,مل
ابوعوف سمان وزن,Cooking Ingredients,ابوعوف,,1,,,,عبوة,
هلا زيت عباد الشمس 750مل,Cooking Ingredients,هلا,750مل,1,,,,عبوة,مل
خلطه الثوم 150ج شيفى,Cooking Ingredients,شيفى,150جم,1,,,,عبوة,جم
لمار لبن كامل الدسم لتر 1,Dairy & Eggs,لمار,لتر,1,,,,علبة,لتر
ZamZam Popcorn - 500 Gram,"Rice, Pasta & Pulses",ZamZam,500 Gram,1,,,,كيس,Gram
نسكافيه 3*1جولد 21,"Tea, Coffee & Hot Drinks",نسكافيه,21جم,1,,,,علبة,جم
Twinings Pure Green Tea 25 Bags,"Tea, Coffee & Hot Drinks",Twinings,,25,,,,عبوة,
مياه معدنيه سغيره,Water,,,1,,,,زجاجة,
حلوى جيلى توت ميرتلو 130ج(24ق),"Chocolates, Sweets & Desserts",ميرتلو,130ج,1,,,,عبوة,ج
RICH-CUISINE-CH-PANEE M 20PCS,Poultry,RICH,,20,,,,عبوة,
Ahmad Tea English Breakfast Loose Tea - 100 gram,"Tea, Coffee & Hot Drinks",Ahmad Tea,100جم,1,,,,علبة,جم
مونتانا فاصوليا خضراء 400جم,Vegetables & Fruits,مونتانا,400جم,1,,,,عبوة,جم
فينيش سائل مزيل بقع 900مل 2ق خصم,Cleaning Supplies,فينيش,900مل,2,,,,عبوة,مل
بركه مياه معدنيه,Water,بركه,,1,,,,زجاجة,
Tashkila Pickled Lemon - 700 Gram,"Tins, Jars & Packets",Tashkila ,700Gram,1,,,,عبوة,Gram
زجاجة كاتشب قابلة للضغط من تشويس تشويس - 340 جم,"Sauces, Dressings & Condiments",تشويس,340جم,1,,,,عبوة,جم
رقائق شيبسي فلفل حلو تايجر,Chips & Crackers,تايجر,,1,,,,كيس,
سلطه تركى مدخن,Poultry,,,1,,,,عبوة,
Food Rose Water - 250 Ml - 3 Pcs,Water,Food,250Ml,3,,,,زجاجة,Ml
Italiano Large Shells Pasta - 250g,"Rice, Pasta & Pulses",Italiano,250g,1,,,,كيس,g
جيفركس ملوخيه  مخروطه 400جم,Vegetables & Fruits,جيفركس,400جم,1,,,,كيس,جم
لمار مشروب كوكتيل 200مل,Soft Drinks & Juices,لمار,200مل,1,,,,عبوة,مل
العروسه شاى 250جرام,"Tea, Coffee & Hot Drinks",العروسه,250جم,1,,,,عبوة,جم
علبه زبادي جهينه 105 ساده,Dairy & Eggs,جهينه,105جم,1,,,,علبه,
فطر كامل معلب الطاهية,"Tins, Jars & Packets",الطاهية,,1,,,,علب,
نستلة مياة طبيعية 600 مللي 2.95 1 2.95,Water,نستلة,600مللي,1,,2.95,2.95,زجاجة,مللي
نستله زبادى تفاح وقرفه 105جم,Dairy & Eggs,نستله,105gm,1,,,,عبوة,gm
تشكلتس لبان توتى فروتى,"Chocolates, Sweets & Desserts",تشكلتس,,1,,,,عبوة,
هارفست فول ساده 400جم,"Tins, Jars & Packets",هارفست,400جم,1,,,,علبة,جم
Halwani Luncheon Roll 250g,Beef & Processed Meat,Halwani,250gm,1,,,,عبوة,gm
شيبسى عائلى انواع جديد كباب,Chips & Crackers,شيبسى,,1,,,,كيس,
Kean Grape Juice 1L,Soft Drinks & Juices,Kean,1L,1,,,,عبوة,L
برسيل الوان 2.5خصم 35%,Cleaning Supplies,برسيل,2.5ك,1,,,,عبوة,ك
ريتش بيك خبز مالتى جرين 500جم ,Bakery,ريتش بيك,500جم,1,,,,كيس,جم
مخلل مشكل تيارا - 660جم,"Tins, Jars & Packets",تيارا,660جم,1,,,,عبوة,جم
بيور لايف مياه طبيعية 600 مل,Water,بيور لايف,600مل,1,,,,زجاجة,مل
جزر 1.160 8 9.28,Vegetables & Fruits,,1.160جم,1,,9.28,,علبة,جم
ينسون ايزيس 20فت,"Tea, Coffee & Hot Drinks",ايزيس,,1,,,,علبة,
بيض احمر سايب ويك,Dairy & Eggs,,,1,,,,عبوة,
كوكي لافرز ويفر بندق كريمه,Biscuits & Cakes,كوكي لافرز,,1,,,,باكو,
HALWANI CHICKEN BURGER 16P,Poultry,HALWANI,,16,,,,عبوة,
FINISH POWDER 1 KG LEMON 2+1 FREE,Cleaning Supplies,FINISH,1KG,3,,,,عبوة,KG
Frooti Cocktail Juice - 1 Liter,Soft Drinks & Juices,Frooti,1L,1,,,,عبوة,L
Shahy Brown Lentils 500 Gm ,"Rice, Pasta & Pulses",Shahy,500 Gm,1,,,,كيس,Gm
ويندكس منظف زجاج لافندر,Cleaning Supplies,ويندكس,,1,,,,زجاج,
Mora Milk Powder Can 300g,Dairy & Eggs,Mora,300g,1,,,,عبوة,g
صوص باربيكيو,"Sauces, Dressings & Condiments",,,1,,,,عبوة,
شيبسى عائلى شطه وليمون 80,Chips & Crackers,شيبسى,80جم,1,,,,كيس,جم
جلاكسى,"Chocolates, Sweets & Desserts",جلاكسى,,1,,,,عبوة,
علبه توب,"Rice, Pasta & Pulses",,,1,,,,علبه,
Nestle Pure Fizz Triple Berry Sparkling Water 360ml,Water,Nestle,360ml,1,,,,زجاجة,ml
كلوريل 2 كجم الوان احمر,Cleaning Supplies,كلوريل,2كجم,1,,,,عبوة,كجم
هاينز صلصه 360ج برطمان خ س 10,"Tins, Jars & Packets",هاينز,360ج,1,,,,علبة,ج
Domty burger 4 pieces,Beef & Processed Meat,Domty,,4,,,,عبوة,
Bravo Chips With Chili+Lemon ,Chips & Crackers,Bravo,,1,,,,كيس,
برسيل جل ٢ 2.00 3.000 6.00,Cleaning Supplies,برسيل,,2,,3,6,عبوة,
كاتشب هاينز 342جم,"Sauces, Dressings & Condiments",هاينز,342جم,1,,,,عبوة,جم
"Domty Fino Bread, 5 Pieces",Bakery,Domty,,5,,,,عبوة,
نستله مياه فواره 240مللى ,Water,نستله,240مللي,1,,,,زجاجة,مللي
55.00 110.0 لانشون حلواني زيتون 0.500,Beef & Processed Meat,لانشون,,5,,11,55,عبوة,
Lindt Lindor Steak Milk 38g ,"Chocolates, Sweets & Desserts",Lindt,38g,1,,,,عبوة,g
Atyab Beef Luncheon - 230 gm,Beef & Processed Meat,Atyab,230gm,1,,,,عبوة,gm
بريك سناكس بالطماطم وريحان,Chips & Crackers,بريك,,1,,,,كيس,
نستله ايس كريم اكستريم هابي كوكى110 مل,"Chocolates, Sweets & Desserts",نستله,110مل,1,,,,عبوة,مل
ايزيس نعناع 20فلتر,"Tea, Coffee & Hot Drinks",ايزيس,,20,,,,علبة,
ايزيس 20فتله /25 فتله انواع,"Tea, Coffee & Hot Drinks",ايزيس,,20-25,,,,علبة,
برنجلز بالفلفل الحلو 130 جم,Chips & Crackers,برنجلز,130جم,1,,,,كيس,جم
Tiger Chili &amp; Lemon Chips 51-55g,Chips & Crackers,Tiger,51-55g,1,,,,كيس,g
ارز المطبخ 1ك,"Rice, Pasta & Pulses",المطبخ,1ك,1,,,,كيس,ك
Sunbolah Puff Pastry Sque.400g ,Bakery,Sunbolah,400g,1,,,,كيس,g
Basma Okra EXTRA 400 g ,Vegetables & Fruits,Basma,400gm,1,,,,كيس,gm
2 mineral water s,Water,,,1,,,,زجاجة,
Yamama Grape Vinegar - 750 ml,"Sauces, Dressings & Condiments",Yamama,750ml,1,,,,عبوة,ml
لبان ترايدنت 14.5جم,"Chocolates, Sweets & Desserts",ترايدنت,14.5جم,1,,,,عبوة,جم
مكرونه انواع,"Rice, Pasta & Pulses",,,1,,,,كيس,
جران سابور خل العنب الأبيض 500 مل,"Sauces, Dressings & Condiments",جران سابور,500مل,1,,,,عبوة,مل
برجر كلاسيك عرض,Beef & Processed Meat,,,1,,,,عبوة,
توت ميكس 330مل,Soft Drinks & Juices,,330مل,1,,,,زجاجة,مل
زبادي طبيعي لاكتيل - 3 كجم,Dairy & Eggs,لاكتيل,3كجم,1,,,,عبوة,كجم
طحينة الرشيدى الميزان 250 جم,"Sauces, Dressings & Condiments",الرشيدى الميزان,250جم,1,,,,عبوة,جم
mineral water-small,Water,,,1,,,,زجاجة,
4.38 1 Sauce. Buffalo,"Sauces, Dressings & Condiments",,,1,,4.38,4.38,عبوة,
40 Spices Mashawi Chicken Maggi,Cooking Ingredients,Maggi,40جم,1,,,,عبوة,جم
مقرمشات كرات جبنه كلاس اية60جم,Chips & Crackers,كلاس اية60جم,60جم,1,,,,أكياس,جم
Temry Fresh Chicken Liver &amp; Gizzard 1kg Approx. Weight,Poultry,Temry,1kg,1,,,,عبوة,kg
العبد لوزيه قرص ,Bakery,العبد,,1,,,,كيس,
Remia Hot   Spicy Mexican Salsa Sauce - 250ml,"Sauces, Dressings & Condiments",Remia,250ml,1,,,,عبوة,ml
را شطه خضراء 88مل,Vegetables & Fruits,,88مل,1,,,,كيس,مل
جو ميكس ملح وخل 80-90جم,Chips & Crackers,جو ميكس,80-90جم,1,,,,كيس,جم
ميرناد برتقال زجاج 350 مل,Fruits,ميرندا,350مل,1,,,,زجاج,مل
ليبتون شاى 100ج,"Tea, Coffee & Hot Drinks",ليبتون,100جم,1,,,,عبوة,جم
راوخ عصير عنب ابيض 355 مل,Soft Drinks & Juices,راوخ,355مل,1,,,,زجاجة,مل
عاصم ارز فاخر 1 ك 2 12.75,"Rice, Pasta & Pulses",عاصم,1ك,1,,12.75,12.75,كيس,ك
لمار حليب كامل الديسم 1 لتر,Dairy & Eggs,لمار,1لتر,1,,,,علبة,لتر
Three Chefs Chunks In Vegetable Oil - 140 gram,"Tins, Jars & Packets",Three Chefs,140Gram,1,,,,عبوة,Gram
كوكى هوت دوج 30ق,Beef & Processed Meat,كوكى,,30,,,,عبوة,
كلوروكس الوان برائحه  الزهور 950مل ,Cleaning Supplies,كلوروكس,950مل,1,,,,عبوة,مل
كنور خلطه كفته 35جم عرض,Cooking Ingredients,كنور,35جم,1,,,,عبوة,جم
Massafi Apple Juice 1 Liter ,Soft Drinks & Juices,Massafi,1Liter,1,,,,عبوة,Liter
وينديكس منظف وملمع الزجاج لمعان لايترك أي أثر باللافندر ٧٥٠ مل,Cleaning Supplies,وينديكس,750مل,1,,,,زجاجة,مل
Tiffany Break Rizzo Wafer - 20 grams - 24 Pieces,Biscuits & Cakes,Tiffany Break,20grams,24,,,,علبة,grams
FREYMAS SNACKS SHASHLIK 75 GM ,Chips & Crackers,FREYMAS,75G,1,,,,كيس,G
وصله بلاستيك  كوع 1 2 ×1 /2,Furniture,,,1,,,,بلاستيك,كوع
ايطاليانو مكرونه اسباجتى 1كجم,"Rice, Pasta & Pulses",ايطاليانو,1كجم,1,,,,كيس,كجم
حواء مكرونه 400جرام اسباجتى,"Rice, Pasta & Pulses",حواء,400جرام,1,,,,كيس,جرام
Beyti Tropicana Apple Juice 235ml,Soft Drinks & Juices,Beyti,235مل,1,,,,عبوة,مل
مسحوق يدوي 350 جم,Cleaning Supplies,,350جم,1,,,,عبوة,جم
الوطنيه ناجتس 1ك ,Poultry,,1ك,1,,,,عبوة,ك
Bashayer Guava Juice - 200 ml,Soft Drinks & Juices,Bashayer,200ml,1,,,,عبوة,ml
الزهار جلاش الى 400 جم,Bakery,الزهار,400جم,1,,,,كيس,جم
برافو شيبس شطة وليمون 80جم,Chips & Crackers,برافو,80جم,1,,,,كيس,جم
نسله نسكويك بةودينج 100جم,"Tea, Coffee & Hot Drinks",نسكويك,100جم,1,,,,عبوة,جم
كيندر شيكولاته الي ,"Chocolates, Sweets & Desserts",كيندر,,1,,,,عبوة,
10.00 5.00 2 Bread Baladi 5,Bakery,,,1,,5,10,كيس,
بيتى عصير تروبيكانا تفاح 235مل,Soft Drinks & Juices,بيتى,235مل,1,,,,عبوة,مل
KOPIKO CAPPUCINO CANDY 15G,"Chocolates, Sweets & Desserts",KOPIKO,15g,1,,,,عبوة,g
كاتشب من درة - 750جم,"Sauces, Dressings & Condiments",درة,750جم,1,,,,عبوة,جم
بريد واي توست رده 24.00 1 24,Bakery,بريد واى,,1,,24,24,كيس,
بسكويت سى كمارا شوكولاته,Biscuits & Cakes,سى كمارا,,1,,,,باكو,
علبه ابو طارق وعيش,"Nuts, Dates & Dried Fruits",ابو طارق,,1,,,,علبه,
هاما معالق بلاستيك الوان للشاى,Furniture,هاما,,1,,,,بلاستيك,
تيست بيور ديك رومي مدخن 250 جرام,Poultry,تيست بيور,250جرام,1,,,,عبوة,جرام
جاريدنو صلصه طنماطم 360جم ,"Tins, Jars & Packets",جاريدنو,360جم,1,,,,علبة,جم
Roasty Spicy Chicken Pane - 500 gram,Poultry,Roasty,500gram,1,,,,عبوة,gram
عصير ليمون,Soft Drinks & Juices,,,1,,,,زجاجة,
المراعي عصير مانجو – 1 لتر,Soft Drinks & Juices,المراعي,1لتر,1,,,,عبوة,لتر
دولفين تونه مفتته,"Tins, Jars & Packets",دولفين,,1,,,,,
امريكانا حبوب ذره حلوه كامله 400جم,"Tins, Jars & Packets",امريكانا,400جم,1,,,,علبة,جم
كاتشب بريميوم ميرو 340 جرام,"Sauces, Dressings & Condiments",ميرو,340جم,1,,,,عبوة,جم
ميلكا وول نت بندق 90 جم,"Chocolates, Sweets & Desserts",ميلكا,90gm,1,,,,عبوة,gm
قهوه ابوعوف بالكراميل 250جم,"Tea, Coffee & Hot Drinks",ابوعوف,250جم,1,,,,عبوة,جم
Choice Mayonnaise - 250ml,"Sauces, Dressings & Condiments",Choice,250ml,1,,,,عبوة,ml
بسكويت ويفر بالشوكولاتة اولكر,Biscuits & Cakes,اولكر,,1,,,,عبوة,
5.00 5.00 1 Puffs Cheetos,Chips & Crackers,Cheetos,,1,,5,5,كيس,
Clorets mid mint gum 10pcs,"Chocolates, Sweets & Desserts",Clorets,,10,,,,عبوة,
water 11,Water,,,1,,,,زجاجة,
2 Fingers Cookie Chocolate Bars - 18 Pcs,"Chocolates, Sweets & Desserts",,,18,,,,عبوة,
Rich Bake Lebanese bread 200g ,Bakery,Rich Bake,200g,1,,,,كيس,g
بتشى طقم كاس زجاج تركى 18 قطعه,Furniture,باشا بوتشي,,18,,,,زجاج,قطعه
سبينيس مايونيز سكويز,"Sauces, Dressings & Condiments",سبينيس,,1,,,,عبوة,
زي جو شيبس بالفل الحار 55-65 جم,Chips & Crackers,زي جو,55-65جم,1,,,,كيس,جم
ثرى شيفس بانيه فراخ عائلى 1 ك,Poultry,ثرى شيفس,1ك,1,,,,عبوة,ك
عصير توت ازرق من اوستربيرج - 1 لتر,Soft Drinks & Juices,اوستربيرج,1لتر,1,,,,زجاجة,لتر
بريل كانز,Cleaning Supplies,بريل,,1,,,,كانز,
Harvest Fava Beans 400 gm,"Tins, Jars & Packets",Harvest ,400gm,1,,,,عبوة,gm
"Fresh Farm Beef Hot Dog, 1 Kg",Beef & Processed Meat,Fresh Farm,1kg,1,,,,عبوة,kg
حياه مياه معدنيه 1.5L,Water,حياه,1.5لتر,1,,2,2,زجاجة,لتر
الضحى ارز مصرى ١ كجم,"Rice, Pasta & Pulses",الضحى,1كجم,1,,,,كيس,كجم
برافو بطاطس شيبس ٦٢ - ٧٢ جم كاتشب,Chips & Crackers,برافو,62-72جم,1,,,,كيس,جم
فول تدميس  الخطيب   ,"Rice, Pasta & Pulses",الخطيب,,1,,,,كيس,
شويبس جولد خوخ بلاستيك 1لتر,Soft Drinks & Juices,شويبس,1لتر,1,,,,زجاجة,لتر
ايزيس عصير خروب 1 لتر,Soft Drinks & Juices,ايزيس,1لتر,1,,,,عبوة,لتر
Americana Okra - 400 grams,Vegetables & Fruits,Americana,400grams,1,,,,,grams
دوريتوس جبنه ناتشو 138جم,Chips & Crackers,دوريتوس,138جم,1,,,,كيس,جم
خل طبيعي 1 لتر,"Sauces, Dressings & Condiments",,1لتر,1,,,,عبوة,لتر
خبز أبيض كبير 1 ق,Bakery,,,1,كبير,,,,كبير
ليون شيبسي بالملح 42-52 جم,Chips & Crackers,ليون,42-52جم,1,,,,أكياس,جم
حلوى جيلى دبه هاريبو 80جم,"Chocolates, Sweets & Desserts",هاريبو,80جم,1,,,,كيس,جم
DOMTY NATURAL FETA CHEESE 500 G,Dairy & Eggs,domty,500G,1,,,,,G
الريف المصري بيض سمان 12 قطعة,Dairy & Eggs,الريف المصري,,12,,,,طبق,
برسيل 550ج لافندر ,Cleaning Supplies,برسيل,550ج,1,,,,عبوة,ج
Kiri Cream Cheese Squares - 16 Pieces,Dairy & Eggs,Kiri,,16,,,,علبة,
مكرونة لسان عصفور الملكة,"Rice, Pasta & Pulses",الملكة,,1,,,,كيس,
لمار عصير خوخ 230مل,Soft Drinks & Juices,لمار,230مل,1,,,,زجاجة,مل
زيتون اخضر شرائح 650 جم,"Tins, Jars & Packets",,650جم,1,,,,عبوة,جم
Loacker Vanilla 90G ,Biscuits & Cakes,Loacker,90g,1,,,,عبوة,g
فود هاوس جبنه ماعز زعتر ,Dairy & Eggs,فود هاوس,,1,,,,عبوة,
شيبسي  باربيكيو,Chips & Crackers,شيبسي,,1,,,,كيس,
Chipsy Cheese&amp;Onion 86-96g ,Chips & Crackers,Chipsy,86-96g,1,,,,كيس,g
مشروب غازى كوكاكولا 300 مل كانز,Soft Drinks & Juices,كوكاكولا,300مل,1,,,,كانز,مل
راني حبيبات كانز انواع,Soft Drinks & Juices,راني,,1,,,,زجاجة,
MR.KRISPS CHIPSY TOMATO80G,Chips & Crackers,MR.KRISPS,80G,1,,,,كيس,G
Fusilli Pasta - 400 g,"Rice, Pasta & Pulses",,400 g,1,,,,,g
ثوم صينى الجزار  وزن,Vegetables & Fruits,الجزار,,1,,,,كيس,
هوهوز شوكلاته,Biscuits & Cakes,هوهوز,,1,,,,,
المراعي لانشون,Beef & Processed Meat,المراعي,,1,,,,عبوة,
فريسكا بلوك بندق,Biscuits & Cakes,فريسكا,,1,,,,باكو,
Nestle Fitness Apple Flavour Biscuits - 30 grams,Biscuits & Cakes,Nestle Fitness,30g,1,,,,باكو,g
عجينة سمبوسك الكرامة - 500جم,Bakery,الكرامة,500جم,1,,,,كيس,جم
شويبس انانس 1ل,Soft Drinks & Juices,شويبس,1ل,1,,,,زجاجة,ل
معمول حلواني بالتمر 2 قطعة,Bakery,حلواني,,2,,,,كيس,
Loacker Tortina white Bisc	,Biscuits & Cakes,Loacker,,1,,,,باكو,
Lion Shrimp Flavour Oat Rings - 60 gram,Chips & Crackers,Lion,60 gram,1,,,,كيس,gram
بسطرمه المدينه بالثوم وزن 150.00 0.15 22.50,Beef & Processed Meat,المدينة,0.15,1,,22.5,150,,
بيبسى كانز 330 مل,Soft Drinks & Juices,بيبسي,330مل,1,,,,كانز,مل
شنطه بلاستيك فينوس وسط,Furniture,فينوس,,1,وسط,,,بلاستيك,وسط
كاليفورنيا حبوب ذرة حلوه 400 جم,"Tins, Jars & Packets",كاليفورنيا ,400جم,1,,,,علبة,جم
Abu Auf Maamoul masters of Ajwa Baku ,Bakery,Abu Auf,,1,,,,عبوة,
سوبيا بنكهة الشوكولاتة من حاج عرفة - 300 جرام,Soft Drinks & Juices,حاج عرفة,300مل,1,,,,زجاجة,مل
Meatland Beef Kofta - 350 gm,Beef & Processed Meat,Meatland,350gm,1,,,,عبوة,gm
علبه نسكافيه 3*1 كراميل,"Tea, Coffee & Hot Drinks",نسكافيه,,1,,,,كيس,
Aptamil Advance Stage (3) - 400 Gram,Dairy & Eggs,Aptamil,400gm,3,,,,عبوة,gm
LE45.00 TURKEY SMOKED 16654,Poultry,,,1,,45,45,عبوة,
شعريه مصريه 350جم,"Rice, Pasta & Pulses",مصريه,350جم,1,,,,كيس,جم
قتيلو جبن ملح خفيف وزن,Dairy & Eggs,قتيلو,,1,,,,علبة,
شنطه بلاستيك كبيره ,Furniture,,,1,كبيره,,,بلاستيك,كبيره
كلوركس مبيض ملابس 750مل,Cleaning Supplies,كلوركس,750مل,1,,,,عبوة,مل
قهوة تركية محمصة وسط - سادة - 200 جم,"Tea, Coffee & Hot Drinks",,200جم,1,,,,عبوة,جم
AHLAWY WAFER CHOCOLATE,Biscuits & Cakes,AHLAWY,,1,,,,باكو,
المروة زيتون أخضر مخلل مصري 1 كجم,"Tins, Jars & Packets",المروة ,1كجم,1,,,,عبوة,كجم
جلاكسى جواهر 900جم,"Chocolates, Sweets & Desserts",جلاكسى,90gm,1,,,,عبوة,gm
شيكولاتة جالكسي بالحليب - 90جم - عبوة من 12,"Chocolates, Sweets & Desserts",جالكسي,90جم,12,,,,عبوة,جم
مكرونه الملكه 1/2ك,"Rice, Pasta & Pulses",الملكه,,1,,,,كيس,
علبة كشري صغير,"Rice, Pasta & Pulses",,,1,صغير,,,علبة,صغير
حليب بودرة ميرو ميكس بالموز، 30 جم - 12 عبوة,Dairy & Eggs,ميرو,30جم,12,,,,عبوة,جم
توابل الشرق,Cooking Ingredients,,,1,,,,عبوة,
Heinz Mayonnaise 285g,"Sauces, Dressings & Condiments",Heinz,285g,1,,,,عبوة,g
Toffifee Chocolate With Nougat   Caramel - 125gm,"Chocolates, Sweets & Desserts",Toffifee,125g,1,,,,عبوة,g
سييد فلاش 900 جم منظف ارضيات وحمامات,Cleaning Supplies,سييد فلاش,900جم,1,,,,عبوة,جم
لاكتيل مشروب الزبادى دويتو فراوله 400مل,Dairy & Eggs,لاكتيل,400مل,1,,,,علبة,مل
El Rashidi Mizan Tahina 780g,"Sauces, Dressings & Condiments",El Rashidi Mizan,780g,1,,,,عبوة,g
لحم بقرى ي سلامى تيست بيور ,Beef & Processed Meat,تيست بيور,,1,,,,عبوة,
Americana Beef Burger Luxury 20S,Beef & Processed Meat,Americana,,20,,,,عبوة,
مقرمشات ف حار 93ج,Chips & Crackers,,93جم,1,,,,كيس,جم
شيفى مرقة فراخ 3 ق 5.50 1 5.50,Cooking Ingredients,شيفي,,1,,,,,ق
Haribo Berry Jelly 80g ,"Chocolates, Sweets & Desserts",Haribo,80g,1,,,,كيس,g
كلورتس لبان ليمون كبير 10ق,"Chocolates, Sweets & Desserts",كلورتس,,10,,,,عبوة,
Sparking water,Water,,,1,,,,زجاجة,
اعشاب ايزيس قرفه بالجنزبيل 50,"Tea, Coffee & Hot Drinks",ايزيس,,50,,,,علبة,
بسكوت بالقهوة من كوفي جوي، 45 جرام,Biscuits & Cakes,كوفي جوي,45جرام,1,,,,باكو,جرام
CALNORT MARAVILLA SOUP 66 gm ,"Tins, Jars & Packets",CALNORT,66 gm,1,,,,,gm
كوفى بريك 2*1 12جم,"Tea, Coffee & Hot Drinks",كوفى بريك,12جم,1,,,,عبوة,جم
دومتى  1لتر,Dairy & Eggs,دومتى,1لتر,1,,,,عبوة,لتر
روتانا زبده نيوز,Cooking Ingredients,روتانا,,1,,,,عبوة,
Biscato Carnival Biscuit Chocolate - 45 Gram,Biscuits & Cakes,Biscato,45gm,1,,,,باكو,gm
مياه دسامى 600ملل,Water,دسامى,600مل,1,,,,زجاجة,مل
Sliced Beef Liver - By Weight,Beef & Processed Meat,,,1,,,,عبوة,
مبيض كلوروكس للألوان - 475مل,Cleaning Supplies,كلوروكس,475مل,1,,,,عبوة,مل
3 in 1 Hazelnut Instant Coffee - 12 Sticks,"Tea, Coffee & Hot Drinks",,,12,,,,عبوة,
لواكر ويفر مقرمش محشو بكريمة الحليب 45جم,Biscuits & Cakes,لواكر,45جم,1,,,,باكو,جم
ريف صابح بقسماط مطحون 250جم,Bakery,ريف صابح,250جم,1,,,,كيس,جم
Nestle Maggi Beef Cubes Bouillon - 20 gram - 24 Cubes,Cooking Ingredients,Nestle Maggi,20جم,24,,,,عبوة,جم
هاينز مسطرده بلاس,"Sauces, Dressings & Condiments",هاينز,,1,,,,عبوة,
JUHAYNA MIX CARAMEL MILK 200M*3R,Dairy & Eggs,JUHAYNA,200ml,1,,,,عبوة,ml
لانشون فراخ,Beef & Processed Meat,,,1,,,,عبوة,
Halwani Steak Burger 4p 600 G ,Beef & Processed Meat,Halwani,600G,4,,,,عبوة,G
برتقال أبو صرة - بالوزن ,Vegetables & Fruits,,,1,,,,عبوة,
ASTONISH LW ANTIBAC BERRY650ML,Cleaning Supplies,ASTONISH,650ML,1,,,,عبوة,ML
White Quinoa Seeds – 400 gm,"Rice, Pasta & Pulses",,400gm,1,,,,كيس,gm
- بريد واي بقسماط مطحون كبير 1 12.00,Bakery,بريد واي,,1,,12,12,كيس,
جهينه كلاسيك بريميم عصير عنب أحمر 1 لتر,Soft Drinks & Juices,جهينه,1لتر,1,,,,زجاجة,لتر
برنجلز كبلير,Chips & Crackers,برنجلز,,1,,,,كيس,
بيبسى كانز,Soft Drinks & Juices,بيبسي,,1,,,,كانز,
داونى منعم ملابس ,Cleaning Supplies,داونى,,1,,,,عبوة,
كوكو لافرز كوكيز كريمه,Biscuits & Cakes,كوكو لافرز,,1,,,,باكو,
pepsi,Soft Drinks & Juices,pepsi,,1,,,,زجاجة,
لمار مشروب تفاح 200مل ,Soft Drinks & Juices,لمار,200مل,1,,,,عبوة,مل
Givrex Okra Green Mudim 400Gr ,Vegetables & Fruits,Givrex,400gm,1,,,,كيس,gm
Pasta Snails - 400g,"Rice, Pasta & Pulses",,400g,1,,,,كيس,g
كركديه سودانى ,"Tea, Coffee & Hot Drinks",,,1,,,,عبوة,
نبته عدس اصفر 500جم,"Rice, Pasta & Pulses",نبته,500جم,1,,,,كيس,جم
هاينز كاتشب دويباك ٢٨٥ جم 13.45 1 13.45,"Sauces, Dressings & Condiments",هاينز,285جم,1,,13.45,13.45,عبوة,جم
السنبلة عجينة سبرنج رول 160 جم,Bakery,السنبلة,160جم,1,,,,كيس,جم
كوكى بيف سجق شرقي، 900 جرام,Beef & Processed Meat,كوكى,900جرام,1,,,,عبوة,جرام
خل ابيض هاينز 1 لتر خصم 15* ع خ ,"Sauces, Dressings & Condiments",هاينز,1لتر,1,,,,عبوة,لتر
GUAVA WITH MILK JUICE,Soft Drinks & Juices,,,1,,,,زجاجة,
بيبسي كولا400م ,Soft Drinks & Juices,بيبسي,400مل,1,,,,زجاجة,مل
Elano Natural Drinking Water 12 x 1.5Litre,Water,Elano,1.5Litre,12,,,,عبوة,Litre
شراب شعير بنكهة الخوخ من أكس أكس، 330 مل,Soft Drinks & Juices,أكس أكس,330مل,1,,,,زجاجة,مل
ويفر الشمعدان بحشو الشوكولاتة - 45 جرام,Biscuits & Cakes,الشمعدان,45جم,1,,,,باكو,جم
" El Doha Brown Lentils, 500 gm","Rice, Pasta & Pulses",El Doha,500gm,1,,,,كيس,gm
5.75 14% خوخ مل240 رانى,Soft Drinks & Juices,رانى,240مل,1,,5.75,5.75,زجاجة,مل
Baraka Pure Water 1.5Litre,Water,Baraka,1.5Litre,1,,,,زجاجة,Litre
فريش فارم سجق شرقي، 350 جرام,Beef & Processed Meat,فريش فارم,350جرام,1,,,,عبوة,جرام
فلفل اسود حصا,Cooking Ingredients,,,1,,,,عبوة,
زيت زيتون بكر ممتاز 6 - 500 مل,Cooking Ingredients,,500مل,6,,,,عبوة,مل
Blendy Juice Mix Pina Colada 250 Ml,Soft Drinks & Juices,Blendy,250مل,1,,,,زجاجة,مل
بايجون مبيد للحشرات الزاحفه 300مل,Cleaning Supplies,بايجون,300مل,1,,,,عبوة,مل
Bab ElSham Curry Powder Jar - 45 gm,Cooking Ingredients,Bab ElSham,45gm,1,,,,عبوة,gm
Hayat Natural Drink Water 6Litre,Water,Hayat,6Litre,1,,,,زجاجة,Litre
نستله مياه طبيعيه1.5لتر,Water,نستله,1.5لتر,1,,,,زجاجة,لتر
مشروب شعير بافاريا بالفراولة - 330 مل,Soft Drinks & Juices,بافاريا,330مل,1,,,,عبوة,مل
اورجانيك طماطم  شيرى ,Vegetables & Fruits,,,1,,,,كيس,
كابورى شيكولاته ساده 37جم 4+1,"Chocolates, Sweets & Desserts",كابورى,37جم,1,,,,عبوة,جم
  قشطه بالمربى اطلب,Dairy & Eggs,,,1,,,,عبوة,
Ozmo Hoppo Biscuits With Chocolate Cream Filling - 40 Gram,Biscuits & Cakes,Ozmo,40g,1,,,,باكو,g
اوراك رومي 3.5 كجم,Poultry,,3.5كجم,1,,,,عبوة,كجم
سن توب عصير اناناس,Soft Drinks & Juices,سن توب,,1,,,,زجاجة,
Luglio Sunflower Oil 1 L,Cooking Ingredients,Luglio,1 L,1,,,,,L
اوزمو بسكويت بكريمه شوكولاته,Biscuits & Cakes,اوزمو,,1,,,,,
Atyab Grilled Chicken Shish - 400 Gram,Poultry,Atyab,400Gram,1,,,,عبوة,Gram
فايز السوهاجي فاصوليا بيضاء، ٥٠٠ جم,"Rice, Pasta & Pulses",فايز السوهاجي,500جم,1,,,,كيس,جم
regina Pasta Pipe 400g ,"Rice, Pasta & Pulses",regina,400g,1,,,,كيس,g
جنرال مطهر برائحة اللافندر 3 لتر,Cleaning Supplies,جنرال,3لتر,1,,,,,لتر
لبان إكسترا بالنعناع - 14جم,"Chocolates, Sweets & Desserts",إكسترا,14جم,1,,,,عبوة,جم
علبه 12 قلم رصاص ملون,Stationary,,,12,,,,علبه,قلم
فنتس بسكويت ساده 30 جم علب ,Biscuits & Cakes,فتنس,30جم,1,,,,علب,جم
جبن فلمنك مستورد وزن ,Dairy & Eggs,,,1,,,,عبوة,
موكا جولد 1 ق,"Tea, Coffee & Hot Drinks",,,1,,,,عبوة,
دولفين تونة قطع سهلة الفتح - 140جم,"Tins, Jars & Packets",دولفين,140جم,1,,,,عبوة,جم
رلوى ارثر شيكولاته 250جرام,"Chocolates, Sweets & Desserts",رلوى ارثر,250جم,1,,,,عبوة,جم
Small Rings Pasta 1kg Single ,"Rice, Pasta & Pulses",,1kg,1,,,,كيس,kg
شيبسي ب 5 ,Chips & Crackers,شيبسي,,1,,5,5,كيس,
ريتش بيك توست عادى 500جم,Bakery,ريتش بيك,500جم,1,,,,كيس,جم
10.00 x5 2.00 ملح بونو,Cooking Ingredients,بونو,,2,,5,10,عبوة,
سبايسي توابل حارة للدجاج 90 جم,Cooking Ingredients,سبايسي,90جم,1,,,,عبوة,جم
قواعد بيتزا الكرامة، صغيرة - 12 قطعة,Bakery,الكرامة,,12,,,,كيس,
كاتشب هيرمان,"Sauces, Dressings & Condiments",هيرمان,,1,,,,عبوة,
زيت زيتون زجاجه بقمبس 500 م,Cooking Ingredients,,500م,1,,,,زجاجه,م
اعشاب نعناع رويال - 100 فتلة ,"Tea, Coffee & Hot Drinks",رويال,100جم,1,,,,علبة,جم
ريتش بيك خبز توست عادي,Bakery,ريتش بيك,,1,,,,كيس,
دسانى مياه 600م*20,Water,دسانى,600مل,20,,,,كرتونة,مل
الزهار جلاش 700جم,Bakery,الزهار ,700جم,1,,,,كيس,جم
برسيل جل 2.6ك روز,Cleaning Supplies,برسيل,2.6ك,1,,,,عبوة,ك
قهوة برافا 3 في 1 الأصلية 3 في 1 12 × 18 جم,"Tea, Coffee & Hot Drinks",برافا,18جم,12,,,,عبوة,جم
هارفست خل ابيض لتر,"Sauces, Dressings & Condiments",هارفست,1لتر,1,,,,عبوة,لتر
سلايت زيت 70 مل ,Cooking Ingredients,سلايت,70مل,1,,,,عبوة,مل
كتاكيتو شيكولاته بسكويت,Biscuits & Cakes,كتاكيتو,,1,,,,باكو,
سائل ديتول متعدد الأغراض بالياسمين - 1.3 لتر,Cleaning Supplies,ديتول,1.3لتر,1,,,,عبوة,لتر
خلطه الحواوشى 40جم,Cooking Ingredients,,40جم,1,,,,عبوة,جم
تويننجز نعناع نقي - 25 فتلة,"Tea, Coffee & Hot Drinks",تويننجز,,25,,,,عبوة,
AbuAuf Yellow lentils 1kg ,"Rice, Pasta & Pulses",AbuAuf,1kg,1,,,,كيس,kg
Al Doha Black Seeds 20Gr ,"Rice, Pasta & Pulses",Al Doha,20Gr,1,,,,كيس,Gr
العروسة شاى اخضر ,"Tea, Coffee & Hot Drinks",العروسة,,1,,,,,
تيفانى كوكيز 40 ج,Biscuits & Cakes,تيفاني,40ج,1,,,,,ج
Chipsy cheese family,Chips & Crackers,Chipsy,,1,,,,كيس,
لبن جهينة ميكس بالشيكولاتة - 200 مل,Dairy & Eggs,جهينة,200مل,1,,,,عبوة,مل
كباب هندي,Beef & Processed Meat,,,1,,,,عبوة,
صن شاين تونة قطع سهلة الفتح دايت 185جم,"Tins, Jars & Packets",صن شاين,185جم,1,,,,علبة,جم
Mutaheda Fresh Pin 900gm,Poultry,Mutaheda,900gm,1,,,,عبوة,gm
اوراك رومي 3.5 كجم,Poultry,,3.5كجم,1,,,,عبوة,كجم
لوبيا بلدى - 500 جم,"Rice, Pasta & Pulses",,500جم,1,,,,كيس,جم
ليبتون اعشاب الكاموميل 20TB,"Tea, Coffee & Hot Drinks",ليبتون,20جم,1,,,,علبة,جم
طحينه بيضاء 285جم,"Sauces, Dressings & Condiments",,285جم,1,,,,عبوة,جم
علبه فول اسكندراني,"Tins, Jars & Packets",,,1,,,,علبه,
جبنة براميلى,Dairy & Eggs,,,1,,,,عبوة,
كيو دبابيس دجاج مبرد 750 جم,Poultry,كيو,750جم,1,,,,عبوة,جم
فانتا برتقال كانز 250 مل,Soft Drinks & Juices,فانتا,250مل,1,,,,زجاجة,مل
سبانخ كبيرة كبير  1 4 4,Vegetables & Fruits,,,1,,4,4,عبوة,
ملمع ومنظف للزجاج ٥٠٠ مللي,Cleaning Supplies,,500مللي,1,,,,عبوة,مللي
فريسكا ويفر مغطى شيكولاته,Biscuits & Cakes,فريسكا,,1,,,,باكو,
السنبله باميه اكسترا 400 جم,Vegetables & Fruits,السنبله,400جم,1,,,,عبوة,جم
هاينز باربكيو صوص 200جم,"Sauces, Dressings & Condiments",هاينز,200جم,1,,,,عبوة,جم
بريدواى توست حليب 500ج,Bakery,بريدواى,500ج,1,,,,كيس,ج
تشويس ماء ورد 250 مل,Cooking Ingredients,تشويس,250مل,1,,,,عبوة,مل
ماجي شوربه  ماشروم 66جم,"Tins, Jars & Packets",ماجي,66جم,1,,,,علبة,جم
بخيره 1لتر  حليب كيس ,Dairy & Eggs,بخيره,1لتر,1,,,,عبوة,لتر
Zam Zam Red Split Lentil 500g,"Rice, Pasta & Pulses",Zam Zam,500g,1,,,,كيس,g
دسانى مياه 300م,Water,دسانى,300م,1,,,,زجاجة,م
لافاش غمس زقرمش علبه 4 ق,Dairy & Eggs,لافاش كيري,,4,,,,علبه,ق
السوهاجى لوبيا بلدي، 500 جم,"Rice, Pasta & Pulses",السوهاجى,500جم,1,,,,كيس,جم
Chipsy Super Potato Chips Cheese Flavour - 48 gram,Chips & Crackers,Chipsy,48gram,1,,,,كيس,gram
لبن رايب المراعي 220 جم,Dairy & Eggs,المراعي,220جم,1,,,,عبوة,جم
توب سويت مينى توست ,Bakery,توب سويت,,1,,,,كيس,
تونة امريكانا دايت ١٧٠ جرام 2 25.00 50.00,"Tins, Jars & Packets",امريكانا,170جرام,2,,25,50,علبة,جرام
المراعي هوت دوج بقري، 1كجم,Beef & Processed Meat,المراعي,1كجم,1,,,,عبوة,كجم
تايجر كرانشى رقائق بطاطس بالفلفل,Chips & Crackers,تايجر,,1,,,,كيس,
Pretzel bun ,Bakery,Pretzel,,1,,,,كيس,
كانز برتقال ,Fruits,,,1,,,,كانز,
علبه الكمامه لانا ماسك برو,"Personal care, skin & body care",لانا ,,1,,,,علبه,
Nestle Kitkat 2 Finger Caramel Chocolate Wafer 19.5g,"Chocolates, Sweets & Desserts",Kitkat,19.5gm,1,,,,عبوة,gm
سن توب عصير توت مشكل 250م,Soft Drinks & Juices,سن توب,250مل,1,,,,زجاجة,مل
كابتشينو جولد كلاسيك سريع التحضير من موكاتو، 10 قطع,"Tea, Coffee & Hot Drinks",موكاتو,,10,,,,عبوة,
تايجر سوبر بطاطس شيبسي ,Chips & Crackers,تايجر,,1,,,,كيس,
ايطاليانو شعريه 1كجم,"Rice, Pasta & Pulses",ايطاليانو,1كجم,1,,,,كيس,كجم
Powder Coriander – 75g,Cooking Ingredients,,75gm,1,,,,عبوة,gm
الفتح بوليف وزن ٢٠.٠٠ ٠.٣١٠ ٦.٢٠,"Tins, Jars & Packets",الفتح,0.31,1,,6.2,20,علبة,
هاينز مايونيز 285جم ديوباك,"Sauces, Dressings & Condiments",هاينز,285جم,1,,,,عبوة,جم
علبه مشكل مكسرات,"Nuts, Dates & Dried Fruits",,,1,,,,علبه,
لونا معجون طماطم 400 جم,"Tins, Jars & Packets",لونا,400جم,1,,,,عبوة,جم
كانز بيبسي,Soft Drinks & Juices,بيبسي,,1,,,,كانز,
ابو مسلم بط مجمد,Poultry,ابو مسلم,,1,,,,عبوة,
شهد زيت عباد شمس نقى 2.700لتر,Cooking Ingredients,شهد,2.70لتر,1,,,,عبوة,لتر
Top Value Milk Powder - 800g,Dairy & Eggs,Top Value,800gm,1,,,,عبوة,gm
بطاطس برنجلز باربيكيو,Chips & Crackers,برنجلز,,1,,,,كيس,
فيبا مسحوق +ملح الغسالات الاطبا,Cleaning Supplies,فيبا,,1,,,,عبوة,
Banana Gum - Pack Of 24 Pcs,"Chocolates, Sweets & Desserts",,,1,,,,عبوة,
أرز مصري كارفور - 1كجم,"Rice, Pasta & Pulses",كارفور,1كجم,1,,,,كيس,كجم
ماي تونة قطع تونة زعنفة صفراء بزيت دوار الشمس 185 جم,"Tins, Jars & Packets",ماي تونة,185جم,1,,,,علبة,جم
صوص المكرونة بالريحان 200 جم من بنزاني,"Sauces, Dressings & Condiments",بنزاني,200جم,1,,,,عبوة,جم
العبد فوليه 500جم,Bakery,العبد,500جم,1,,,,كيس,جم
بيبسي كانز 330 مل,Soft Drinks & Juices,بيبسي,330مل,1,,,,كانز,مل
20.00 Sauce,"Sauces, Dressings & Condiments",,,1,,20,20,عبوة,
Afia Sunflower Oil 1.6 Liter ,Cooking Ingredients,Afia,1.6L,1,,,,عبوة,L
صلصة طماطم - 360 جم,"Tins, Jars & Packets",,360جم,1,,,,عبوة,جم
برفكتلى مشروب بطعم الفراوله 500 مل,Soft Drinks & Juices,برفكتلى,500مل,1,,,,زجاجة,مل
مسلع اسطح عجينه ,Bakery,,,1,,,,كيس,
شيبسى حار نار - 77 جرام,Chips & Crackers,شيبسى,77جرام,1,,,,أكياس,جرام
لانشون دجاج الوطنيه,Beef & Processed Meat,الوطنيه,,1,,,,عبوة,
فل رومى 0.865 8 6.92,Poultry,,0.865,1,,6.92,6.92,عبوة,
تونه مفتته س.ف140جم,"Tins, Jars & Packets",,140جم,1,,,,علبة,جم
سفن اب 2لتر,Soft Drinks & Juices,سفن اب,2لتر,1,,,,زجاجة,لتر
"Fresh Farm Beef Burger, 1.5 Kg",Beef & Processed Meat,Fresh Farm,1.5kg,1,,,,عبوة,kg
Kitkat 4 Fingers Chocolate – 41.5gm ,"Chocolates, Sweets & Desserts",Kitkat,41.5جم,1,,,,عبوة,جم
جبنه شيدر تصفر وزن,Dairy & Eggs,,,1,,,,عبوة,
سجق بقرى قليلق الدسم,Beef & Processed Meat,,,1,,,,عبوة,
يوسفى 300 مل علب 24,Soft Drinks & Juices,,300مل,24,,,,علب,مل
مشروم كامل الطاهيه - 800 جم ,"Tins, Jars & Packets",الطاهيه,800جم,1,,,,عبوة,جم
صوص بيج تيستى,"Sauces, Dressings & Condiments",,,1,,,,عبوة,
شويبس جولد ٢٥٠ مل 7.00 2.000 14.00,Soft Drinks & Juices,شويبس,,2,,7,14,عبوة,
ليبتون شاى ١٠٠ فتله خصم 2 32.00 64.00,"Tea, Coffee & Hot Drinks",ليبتون,,100,,32,64,علبة,
Americana Bean With Tahina 400 gm,"Tins, Jars & Packets",Americana ,400gm,1,,,,علبة,gm
أكوافينا مياه معدنية 600 مل,Water,أكوافينا,600مل,1,,,,زجاجة,مل
بربيكان رمان زجاج,Fruits,بربيكان,,1,,,,كان,
عصير مزارع دينا فريش 1 لتر اناناس,Soft Drinks & Juices,مزارع دينا,1لتر,1,,,,,لتر
Coca Cola Zero B,Soft Drinks & Juices,Coca Cola,,1,,,,زجاجة,
مياه فواره مستورد ,Water,,,1,,,,زجاجة,
لبن نيدو بودرة 200 جم,Dairy & Eggs,نيدو,200جم,1,,,,عبوة,جم
اوسكار عصير برتقال ,Soft Drinks & Juices,اوسكار,,1,,,,زجاجة,
بيبسى كانز ,Soft Drinks & Juices,بيبسى,,1,,,,زجاجة,
مالتيزرز شوكولاته 37جم ,"Chocolates, Sweets & Desserts",مالتيزرز,37جم,1,,,,عبوة,جم
برسيل مسحوق اتوماتيك كلر 2.5 كجم ,Cleaning Supplies,برسيل,2.5كجم,1,,,,عبوة,كجم
براغ خل التفاح العضوي 473 مل,"Sauces, Dressings & Condiments",براغ,473مل,1,,,,عبوة,مل
بونجورنو كابتشينو,"Tea, Coffee & Hot Drinks",بونجورنو,,1,,,,علبة,
بيبسى دايت 970 مل بلاستيك ,Soft Drinks & Juices,بيبسي,970مل,1,,,,بلاستيك,مل
Al Doha Pasta big rings 400g ,"Rice, Pasta & Pulses",Al Doha,400g,1,,,,كيس,g
قهوة اسبريسو - 1 كجم,"Tea, Coffee & Hot Drinks",,1كجم,1,,,,عبوة,كجم
Break Zesty With Seasoned Cheese - 39 gram,Biscuits & Cakes,Break,39gram,1,,,,باكو,gram
حلواني بيف سلامي مدخن 250 جم,Beef & Processed Meat,حلواني,250جم,1,,,,عبوة,جم
علبه 2 قطعه كراميل بيكان بون,Sweets & Desserts,,,2,,,,كان,قطعه
Hyperone Special Black Forest Torte,"Chocolates, Sweets & Desserts",Hyperone,,1,,,,عبوة,
سبرايت بلاستيك 95 م,Soft Drinks & Juices,سبرايت,95م,1,,,,بلاستيك,م
هوهوز جامبو شيكولاته علبه ,Biscuits & Cakes,هوهوز,,1,,,,علبه,جامبو
حلوانى كانز بيج 1 كجم,Furniture,حلواني,1كجم,1,,,,كانز,كجم
هوهوز جامبو 2جنيه,Biscuits & Cakes,هوهوز,,1,,2,2,باكو,
اللحيمي لانشون لحم بفلفل الأسود 250 جم,Beef & Processed Meat,اللحيمي,250جم,1,,,,عبوة,جم
كورونا بيمبو جامبو بسكويت بالشيكولاته 1ق,Biscuits & Cakes,كورونا,,1,,,,باكو,
دجاجة كاملة مجمدة شهد - 850-900 جم,Poultry,شهد,850-900جم,1,,,,عبوة,جم
شويبس كانز,Soft Drinks & Juices,شويبس,,1,,,,كانز,
استريا زيت زيتون 250 مل,Cooking Ingredients,استريا,250مل,1,,,,عبوة,مل
كلوركس الوان 1.89 لتر انواع,Cleaning Supplies,كلوركس,1.89لتر,1,,,,عبوة,لتر
جود فرنس صوص الشيدر,"Sauces, Dressings & Condiments",جود فرنس,,1,,,,عبوة,
برجر بقري ميتلاند - 8 قطع,Beef & Processed Meat,ميتلاند,,8,,,,عبوة,
30*بيك رولز شطة وليمون 38ج,Chips & Crackers,بيك رولز,38ج,1,,,,كيس,ج
Egyptian Growers White Eggs - 6 Pieces,Dairy & Eggs,Egyptian Growers,,6,,,,علبة,
ريتش بيك عيش لبنانى 30سم,Bakery,ريتش بيك,,1,,,,كيس,
الضحى فاصوليا بيضاء، 500 جرام,"Rice, Pasta & Pulses",الضحى,500جرام,1,,,,كيس,جرام
Worms Fizz Gummy Candy - 160g,"Chocolates, Sweets & Desserts",,160g,1,,,,علبة,g
Tiffany Break Delight Wafer - 16.5 grams - 24 Pieces,Biscuits & Cakes,Tiffany Break,16.5grams,24,,,,علبة,grams
بيبسى دايت,Soft Drinks & Juices,بيبسى,,1,,,,زجاجة,
نسله نسكويك شيكولاته 154ج,"Chocolates, Sweets & Desserts",نسله نسكويك,154ج,1,,,,عبوة,ج
اطياب قشطه دجاج,Poultry,اطياب,,1,,,,,
شنطه بلاستيك وسط ,Furniture,,,1,وسط,,,بلاستيك,وسط
" Crystal Vegetable Yellow Ghee, 700 g",Cooking Ingredients,Crystal,700g,1,,,,عبوة,g
فلتو بقرى صافى بلدي kg,Beef & Processed Meat,,KG,1,,,,عبوة,KG
برسيل 750ج لافندر,Cleaning Supplies,برسيل,750ج,1,,,,عبوة,ج
عدس اصفر العجمي - 1ك ,"Rice, Pasta & Pulses",العجمي,1ك,1,,,,كيس,ك
كوكو لافرز كوكيز كريمة 4.50 1 4.5,Biscuits & Cakes,كوكو لافرز,,1,,4.5,4.5,باكو,
9.99 Toast Add 9.99 1.00,Bakery,,,1,,9.99,9.99,كيس,
DANONE Yogrt deink 400 gm	,Dairy & Eggs,DANONE,400جم,1,,,,عبوة,جم
نسكافيه 3 1 فانليا ظرف 18,"Tea, Coffee & Hot Drinks",نسكافيه,18جرام,1,,,,علبة,جرام
" El Doha Lupine, 500 g ","Rice, Pasta & Pulses",El Doha,500g,1,,,,كيس,g
هوت دوج بقري المراعي - 900 جرام,Beef & Processed Meat,المراعي,900جرام,1,,,,عبوة,جرام
خبز برجر بني 6 قطع,Bakery,,,6,,,,كيس,
كانز,Soft Drinks & Juices,,,1,,,,كانز,
علبه 4 قطع كراميل بيكان بون,Sweets & Desserts,,,4,,,,كان,قطع
سجق بلدى,Beef & Processed Meat,,,1,,,,عبوة,
نسكافيه 3*1,"Tea, Coffee & Hot Drinks",نسكافيه,,1,,,,علبة,
سجق شرقي المراعي - 300 جم,Beef & Processed Meat,المراعي,300جم,1,,,,,جم
مايونيز - 380 جم,"Sauces, Dressings & Condiments",,380جم,1,,,,عبوة,جم
بيبرونى لافر بان وسط,Bakery,,,1,,,,كيس,
Almarai beef hot dog - 720 g - 2 + 1 free,Beef & Processed Meat,Almarai,720g,3,,,,عبوة,g
Almarmar Premium Egyptian Rice 5kg,"Rice, Pasta & Pulses",Almarmar,5kg,1,,,,كيس,kg
Cheetos Cheddar Cheese Flavour Popcorn -68 gram,Chips & Crackers,Cheetos,68 gram,1,,,,كيس,gram
Mentos strawberry gum 8.5 g ,"Chocolates, Sweets & Desserts",Mentos,8.5g,1,,,,عبوة,g
خبز اسمر 450جم,Bakery,,450جم,1,,,,كيس,جم
جبنة موتزاريلا مبروشة 500 جم,Dairy & Eggs,,500جم,1,,,,عبوة,جم
Sparkling water s,Water,,,1,,,,زجاجة,
فراوله امريكانا400جم,Vegetables & Fruits,امريكانا400جم,400جم,1,,,,عبوة,جم
 شوكولاتة كيندر ماكسى - 21جم ,"Chocolates, Sweets & Desserts",كيندر,21جم,1,,,,عبوة,جم
كيس كابتشينو جولد غير محلى - 1 ظرف,"Tea, Coffee & Hot Drinks",,,1,,,,كيس,
Villars Milk Chocolate With Hazelnut 100g,"Chocolates, Sweets & Desserts",Villars,100gm,1,,,,عبوة,gm
برجر بقري ميتلاند - 10 قطع,Beef & Processed Meat,ميتلاند,,10,,,,عبوة,
Halwani Bros Spicy Chicken Pane - 400 gram,Poultry,Halwani Bros,400gram,1,,,,عبوة,gram
تورته فورسيزون,"Chocolates, Sweets & Desserts",,,1,,,,عبوة,
تيست بيور ديك رومي مدخن 250 جرام,Poultry,تيست بيور,250جرام,1,,,,عبوة,جرام
Loacker Wafer W/D.Choco.150gr ,Biscuits & Cakes,Loacker,150g,1,,,,عبوة,g
عيدان بريتزو ميني بالملح - 180 جم,Chips & Crackers,بريتزو,180جم,1,,,,أكياس,جم
مشروم فطر كامل فارمرز,"Tins, Jars & Packets",فارمرز,,1,,,,علبة,
عبور تفاح سكرى مستورد وزن ,Vegetables & Fruits,عبور,,1,,,,,
فريش كبد فراخ 48 1.11 53.52,Poultry,,1.11,1,,48,53.52,عبوة,
بيبسى كانز,Soft Drinks & Juices,بيبسي,,1,,,,كانز,
لواكر كوكونت 100جم,Biscuits & Cakes,لواكر,100جم,1,,,,عبوة,جم
OBOUR LAND OLD CHEESE 250G,Dairy & Eggs,OBOUR LAND,250gm,1,,,,عبوة,gm
ايطاليانو ,"Rice, Pasta & Pulses",ايطاليانو,,1,,,,كيس,
ابوعوف بن فاتح محوج 200ج,"Tea, Coffee & Hot Drinks",ابوعوف,200جم,1,,,,عبوة,جم
Harvest Peeled Fava Beans With Tomato Sauce 400g,"Tins, Jars & Packets",Harvest ,400gm,1,,,,عبوة,gm
شيبسي عائلى 68-78,Chips & Crackers,شيبسي,78-68جم,1,,,,كيس,جم
26.22  23.00  1.14 عنب كريمسون مستورد,Vegetables & Fruits,,1.14,1,,23,26.22,كيس,
خبز هاواي شرائح القمح والعسل من كينج هاوايان، خبز الشرائح، 382.7 جم (382.7 جم (عبوة - 3),Bakery,كينج هاوايان,382.7جم,3,,,,كيس,جم
علبه صغيره,Furniture,,,1,صغيره,,,علبه,صغيره
Tiffany Delight Bourborn Cream ,Biscuits & Cakes,Tiffany,,1,,,,باكو,
حلوى بالبندق,"Chocolates, Sweets & Desserts",,,1,,,,عبوة,
57.15 فيبا منظف 4ل (M),Cleaning Supplies,فيبا,4ل,1,,57.15,57.15,عبوة,ل
شيبسي كباب ع الفحم 3ج,Chips & Crackers,شيبسي,,1,,3,3,كيس,
Adio purple punch Drink 35,Soft Drinks & Juices,Adio,,1,,,,زجاجة,
اللحيمى  لحم رومى ,Poultry,اللحيمى,,1,,,,عبوة,
لمار عصير اناناس طبيعى 1لتر ,Soft Drinks & Juices,لمار,1لتر,1,,,,زجاجة,لتر
المراعي تتراباك حايب خالي الدسم 1 لتر,Dairy & Eggs,المراعي,1لتر,1,,,,تتراباك,لتر
زجاجه مياه صغيره,Water,,,1,صغيره,,,زجاجه,صغيره
منتوس لبان بطيخ 8.5 جم,"Chocolates, Sweets & Desserts",منتوس,8.5جم,1,,,,عبوة,جم
Cafe Najjar Light Plain 250 gm Cans,"Tea, Coffee & Hot Drinks",Najjar,250gm,1,,,,عبوة,gm
اعشاب لييمون رويال بالجنزبيل 5,"Tea, Coffee & Hot Drinks",رويال,,5,,,,علبة,
كاليفورنيا تونه قطعه عباد 185ج,"Tins, Jars & Packets",كاليفورنيا,185جم,1,,,,علبة,جم
Nestle Pure Life Lemon Sparkling Water - 360ml,Water,Nestle,360ml,1,,,,زجاجة,ml
علبه كنوز ايتوال,Sweets & Desserts,ايتوال,,1,,,,علبه,
توليدو خل 1ل,"Sauces, Dressings & Condiments",توليدو,1لتر,1,,,,عبوة,لتر
كوكاكولاكانز جيب 250 مللي,Soft Drinks & Juices,كوكاكولا,250مللي,1,,,,كانز,مللي
FREYMAS ASSORTED SNACKS 75GR ,Chips & Crackers,FREYMAS,75gr,1,,,,كيس,gr
جهينه بيور 235 مل تفاح,Soft Drinks & Juices,جهينه,235مل,1,,,,عبوة,مل
"Adio Carbonated Drink With Mad Cola, 350Ml",Soft Drinks & Juices,Adio,350ml,1,,,,عبوة,ml
Abu Zaid Green Coffee can- 200 grams,"Tea, Coffee & Hot Drinks",Abu Zaid,200 grams,1,,,,عبوة,grams
 ريجينا مكرونه قلم 400 جم,"Rice, Pasta & Pulses",ريجينا,400جم,1,,,,كيس,جم
راني شراب حبيبات فراولة وموز 240 مل,Soft Drinks & Juices,راني,240مل,1,,,,زجاجة,مل
لبان بطعم الموز -العلبه 24 قطعه,"Chocolates, Sweets & Desserts",,,24,,,,عبوة,
California Garden Whole Kernel Sweet Corn - 400 Gram,"Tins, Jars & Packets",California Garden,400gm,1,,,,عبوة,gm
Apple Red Italy 1kg,Vegetables & Fruits,,1kg,1,,,,كيس,kg
Heinz Tomato Ketchup - 850 Gram,"Sauces, Dressings & Condiments",Heinz,850جم,1,,,,عبوة,جم
Rauch Apple Cider Vinegar - 750ml,"Sauces, Dressings & Condiments",Rauch,750ml,1,,,,عبوة,ml
Givrex Okra Green Small 400Gr ,Vegetables & Fruits,Givrex,400gm,1,,,,كيس,gm
نستله مياه فواره بالليمون 360م,Water,نستله,360مل,1,,,,زجاجة,مل
صوص ابيض,"Sauces, Dressings & Condiments",,,1,,,,عبوة,
فشار كونو بالجبنة - 22جم,Chips & Crackers,كونو,22جم,1,,,,أكياس,جم
صلصة درة 375 جرام,"Tins, Jars & Packets",درة,375جم,1,,,,عبوة,جم
Rich Luncheon Beef Olives Kg,Beef & Processed Meat,Rich,Kg,1,,,,عبوة,Kg
لانشون حلواني ,Beef & Processed Meat,حلواني,,1,,,,عبوة,
بسكو مصر بسكويت لوكس سوبر شيكولاتة,Biscuits & Cakes,بسكو مصر,,1,,,,باكو,
فانتا برتقال 330 مل زجاج,Soft Drinks & Juices,فانتا,330مل,1,,,,زجاج,مل
برنسيب ديل جوستو حمص 400 جم,"Tins, Jars & Packets",,400جم,1,,,,عبوة,جم
Al Haloub Pure Butter Oil Ghee - 700 gram,Cooking Ingredients,Al Haloub,700gram,1,,,,عبوة,gram
جهينه ميكس  حليب بالشيكولاته,Dairy & Eggs,جهينه,,1,,,,عبوة,
مونتانا بامية اكسترا 400جم,Vegetables & Fruits,مونتانا,400جم,1,,,,عبوة,جم
زجاجة مياه 1لتر,Water,,1لتر,1,,,,زجاجة,لتر
كانز بيبسي 330 مل,Soft Drinks & Juices,بيبسي,330مل,1,,,,كانز,مل
عالميه فلفل اسود هندى 70جم برطمان,Cooking Ingredients,عالميه,,1,,,,عبوة,
زمزم عدس بجبة - 500جم,"Rice, Pasta & Pulses",زمزم,500جم,1,,,,كيس,جم
ميلكانا صوص شيدر كيس 1كيلو,"Sauces, Dressings & Condiments",ميلكانا,1كيلو,1,,,,عبوة,كيلو
بسطرمة ممتازة وزن,Beef & Processed Meat,,,1,,,,عبوة,
كرانشي بطاطس 76ج,Chips & Crackers,كرانشي,76ج,1,,,,كيس,ج
البوادى حلاوه علب,"Jams, Spreads & Syrups",البوادي,,1,,,,علب,
غندور بسكوت,Biscuits & Cakes,غندور,,1,,,,باكو,
Sunbites Snacks With Tomatoes And Herbs - 53 gram,Chips & Crackers,Sunbites,53 gram,1,,,,كيس,gram
ريتش فصوص رومى زعتر وزن 239.9 0.27 65.75,Poultry,ريتش,0.27جرام,1,,65.75,239.9,,
ديلي صن ثن آند كريسبي بيتزا بيس - 320 جرام - 4 قواعد بيتزا,Bakery,ديلي صن,320جرام,4,,,,كيس,جرام
بيبتو مارشميللو باربكيو 275جم,"Chocolates, Sweets & Desserts",بيبتو,275جم,1,,,,كيس,جم
طبق دجاج بالروزماري,Poultry,,,1,,,,طبق,
مورو شوكولاتة نوجا بالحليب والكراميل 5 × 40 جم,"Chocolates, Sweets & Desserts",مورو,40جم,5,,,,عبوة,جم
دانون زبادى لايت 105جم 5+1,Dairy & Eggs,دانون,105gm,6,,,,عبوة,gm
ايللو صوص 500جم,"Sauces, Dressings & Condiments",ايللو,500جم,1,,,,عبوة,جم
برافو شيبس فلفل حلو 80جم,Chips & Crackers,برافو,80جم,1,,,,كيس,جم
هاينز كاتشب مايون,"Sauces, Dressings & Condiments",هاينز,,1,,,,عبوة,
فيروز 1 لتر تفاح,Soft Drinks & Juices,فيروز,1لتر,1,,,,زجاجة,لتر
الضحي عدس بجبه 500 جم,"Rice, Pasta & Pulses",الضحي,500جم,1,,,,كيس,جم
تانج مانجو 25جم ,Soft Drinks & Juices,تانج,25جم,1,,,,زجاجة,جم
Turkish Coffee Mahouj Dark Ground 200 Gm,"Tea, Coffee & Hot Drinks",,200gm,1,,,,عبوة,gm
Fresh Premium Pineapple Juice - 1l,Soft Drinks & Juices,,1L,1,,,,عبوة,L
California Garden Whole Green Olives 335g,"Tins, Jars & Packets",California Garden,335g,1,,,,عبوة,g
حافظه بلاستيك ,Furniture,,,1,,,,بلاستيك,
فليفور فورس فينت كرات لبان بطيخ 6 علكة - 24 قطعة,"Chocolates, Sweets & Desserts",فليفور فورس,,24,,,,عبوة,
درة كاتشب بارد 900جم,"Sauces, Dressings & Condiments",درة,900جم,1,,,,عبوة,جم
مزارع دينا لبن كامل الدسم، طازج، 850 ملل,Dairy & Eggs,مزارع دينا,850مل,1,,,,عبوة,مل
كاليفورنيا فول سا 7.9000 1 7.90,"Tins, Jars & Packets",كاليفورنيا,,1,,7.9,7.9,علبة,
بسكويت والكرز ميني بالزبدة و رقائق الشيكولاتة - 125جم,Biscuits & Cakes,والكرز,125جم,1,,,,عبوة,جم
حلونى قشطة دجاج 0.1387 175 24.27,Poultry,حلواني,0.1387,1,,24.27,175,,
Bebeto Marshmallow Watermelon 60g,"Chocolates, Sweets & Desserts",Bebeto,60gm,1,,,,عبوة,gm
تايجر- شيبس سوبر فلفل حلو 1 $5.00 $5.00,Chips & Crackers,تايجر,,1,,5,5,كيس,
فرق عيش  بلدى,Bakery,,,1,,,,كيس,
سكويز ليمون بالفراولة 1 لتر,Soft Drinks & Juices,سكويز,1لتر,1,,,,زجاجة,لتر
سكيم زيت سمسم 250جم,Cooking Ingredients,سكيم,250جم,1,,,,عبوة,جم
كنور شوربه كريمه,"Tins, Jars & Packets",كنور,,1,,,,علبة,
صن شاين تونة قطع 185 جم فاتح ,"Tins, Jars & Packets",صن شاين,185جم,1,,,,علبة,جم
"Nestlé Pure Fizz Sparkling Water Lemon Flavor, 360ml",Water,Nestlé,360ml,1,,,,زجاجة,ml
dasani 500 ml,Water,dasani,500ML,1,,,,زجاجة,ML
Classic Collection Butter Cookies 620g,Biscuits & Cakes,Classic,620g,1,,,,باكو,g
حدائق كاليفورنيا تونة لايت فى محلول ملحي 185 جم,"Tins, Jars & Packets",حدائق كاليفورنيا,185جم,1,,,,علبة,جم
Jacker Salt Potato Chips - 75gm,Chips & Crackers,Jacker,75gm,1,,,,كيس,gm
ماكفيتيز بسكويت شوفان بشوكولاتة الحليب 300 جم,Biscuits & Cakes,ماكفيتيز,300جم,1,,,,باكو,جم
بيبسى كانز 330 م,Soft Drinks & Juices,بيبسي,330م,1,,,,كانز,م
فرسكا ويفر مغطى بالشيكولاته ,Biscuits & Cakes,فرسكا,,1,,,,,
 مينى باجيت 10 ق,Bakery,,,10,,,,كيس,
بسكو مصر كعك بعين الجمل 1ك,Bakery,بسكو مصر,1ك,1,,,,كيس,ك
Fairy Ultra Dishwashing Liquid With Lemon Fragrance - 450ml,Cleaning Supplies,Fairy,450ml,1,,,,عبوة,ml
بيبسى كانز,Soft Drinks & Juices,بيبسي,,1,,,,كانز,
كيس مكرونه 400 جم,"Rice, Pasta & Pulses",,400جم,1,,,,كيس,جم
اطياب قشطه دجاج بالكيلو,Poultry,اطياب,,1,,,,عبوة,
ماكسيل منظف استانلس رشاش 500 +200 مل,Cleaning Supplies,ماكسيل,500+200مل,1,,,,عبوة,مل
Almarai Beef Frankfurter - 25 Count,Beef & Processed Meat,Almarai,,25,,,,عبوة,
4.38 1 Sauce Malbec,"Sauces, Dressings & Condiments",,,1,,4.38,4.38,عبوة,
برينجلز رقائق بطاطس بالملح 130ج,Chips & Crackers,برينجلز,130جم,1,,,,كيس,جم
كينج ام توست ارز سادة 27 قطعة,Bakery,كينج ام,,27,,,,كيس,
مياه معدنه 500مل دسانى,Water,دسانى,500مل,1,,,,زجاجة,مل
دريا أرز بسمتي ذهبي فاخر طويل جدًا 1 كجم,"Rice, Pasta & Pulses",دريا,1كجم,1,,,,كيس,كجم
مافا بصل أحمر كيس 3 كيلو,Vegetables & Fruits,مافا,3كيلو,1,,,,عبوة,كيلو
Halwani Shish Tawook 400g,Poultry,Halwani,400g,1,,,,عبوة,g
ايزيس قرفه 12 فتله علبه,"Tea, Coffee & Hot Drinks",ايزيس,,12,,,,عبوة,
Sauce Napoletana  - 370gm,"Sauces, Dressings & Condiments",,370gm,1,,,,عبوة,gm
chtaura filo pastery 350gm ,Bakery,chtaura,350gm,1,,,,عبوة,gm
بسمة بروكلى 400 جم,Vegetables & Fruits,بسمة,400جم,1,,,,عبوة,جم
كرست كبير عشاق الجبنة,Bakery,,,1,,,,كيس,
ويفر بكريمة البندق لواكر - 45جم,Biscuits & Cakes,لواكر,45جم,1,,,,باكو,جم
فريسكا ويفر محشو شوكولاته,Biscuits & Cakes,فريسكا,,1,,,,باكو,
تونه دولفن مفتته حار140 جم,"Tins, Jars & Packets",دولفن,140جم,1,,,,علبة,جم
Halwani Bros Chicken Strips - 1kg,Poultry,Halwani Bros,1kg,1,,,,عبوة,kg
كادبورى ديرى ميلك ساده وبندق بالشيكولاته 110جم,"Chocolates, Sweets & Desserts",كادبورى,110جم,1,,,,عبوة,جم
King M Rice Toast Plain 27pcs,Bakery,King,,27,,,,عبوة,
حياة مياه شرب طبيعية 6 لتر,Water,حياة,6لتر,1,,,,زجاجة,لتر
مافن فانيليا 6 سبينيس,"Chocolates, Sweets & Desserts",سبينيس,,6,,,,عبوة,
صن شاين تونه ق واحده سهله 185ج,"Tins, Jars & Packets",صن شاين,185جم,1,,,,علبة,جم
شهد افخاد دجاج مجمدة 1 ك,Poultry,شهد,1كيلو,1,,,,عبوة,كيلو
باندا جبنة فيتا بالزيتون 500جم,Dairy & Eggs,باندا,500جم,1,,,,عبوة,جم
كينج ام شيبسى مقلى توستادو ملح وجبنه وبصل وباربكيو,Chips & Crackers,كينج ام,,1,,,,كيس,
36.00 36.00 1 Lays Saveur Natu,Chips & Crackers,Lays,,1,,36,36,كيس,
Remia Barbeque Sauce - 250ml,"Sauces, Dressings & Condiments",Remia,250ml,1,,,,عبوة,ml
رومى داير بالوزن,Poultry,,,1,,,,عبوة,
اريال مسحوق اتوماتيك 4 ك + 2 ك مجانا,Cleaning Supplies,اريال,4ك+2ك,1,,,,عبوة,كك
Vimto Fruit Concentrate 710gm,Soft Drinks & Juices,Vimto,710gm,1,,,,عبوة,gm
المراعى حليب نصف الدسم 1لتر,Dairy & Eggs,المراعى,1لتر,1,,,,عبوة,لتر
زاهر حلويات كريم كراميل وسط 190 ج,"Chocolates, Sweets & Desserts",زاهر,190ج,1,,,,عبوة,ج
HELAL Bread Basket Palm Small ,Bakery,HELAL,,1,small,,,باكو,
قطعه ميلفيه لوكس شيكولاته وحده,"Chocolates, Sweets & Desserts",,,1,,,,عبوة,
كيت كات شيكولاتة,"Chocolates, Sweets & Desserts",كيت كات ,,1,,,,عبوة,
ANCHOR NEWZEALAND BUTTER 10G*10PCS,Cooking Ingredients,ANCHOR,10,1,,,,عبوة,
دندراوي فول مدمس - 400 جم,"Tins, Jars & Packets",,400جم,1,,,,عبوة,جم
سبينيس صدور رومى,Poultry,سبينيس,,1,,,,عبوة,
بريدواي خبز سوبر رول، 270 جرام,Bakery,بريدواي,270جرام,1,,,,كيس,جرام
بطاطس جاكر بالباربيكيو - 75 جم,Chips & Crackers,جاكر,75جم,1,,,,كيس,جم
دمياط فارم قشطة 500جم,Dairy & Eggs,دمياط فارم,500جم,1,,,,عبوة,جم
فريماز سناكس بالطعم الاصلى 75 جم,Chips & Crackers,فريماز,75جم,1,,,,أكياس,جم
Farm Fresh Peas - 400 Gram,Vegetables & Fruits,Farm Fresh,400gm,1,,,,كيس,gm
اولكر بسكريم كاكاو,Biscuits & Cakes,اولكر بسكريم,,1,,,,باكو,
Faragello Chicken Roast - 150 gram,Poultry,Faragello,150gram,1,,,,عبوة,gram
Tolido Chocolate Cream With Hazelnut 1kg,"Chocolates, Sweets & Desserts",Tolido,1kg,1,,,,علبة,kg
لمار عصير مانجو طبيعى 1لتر,Soft Drinks & Juices,لمار,1لتر,1,,,,زجاجة,لتر
هوهوز حجم اكبر 2 ج علبه ,Biscuits & Cakes,هوهوز,,1,,2,2,علبه,ج
Domty juice types 1 liter mango and peach,Soft Drinks & Juices,Domty,1L,1,,,,عبوة,L
ثرى شفس بانيه دجاج 800جم حار,Poultry,ثرى شفس,800جم,1,,,,عبوة,جم
دساني جالون مياه19لتر,Water,دساني,19لتر,1,,,,عبوة,لتر
Hyperone Fruit Salad ,Bakery,Hyperone,,1,,,,باكو,
بتلو كتف بالعظم مجمد وزن,Beef & Processed Meat,,,1,,,,عبوة,
Oreo Chocolate Filled Biscuits - 57 Gram - 12 Pieces,Biscuits & Cakes,Oreo,57gm,12,,,,باكو,gm
قمح مبشور,"Rice, Pasta & Pulses",,,1,,,,كيس,
Halwani Hot Chicken Pane 1kg,Poultry,Halwani,1kg,1,,,,عبوة,kg
فيروز اناناس كانز,Soft Drinks & Juices,فيروز,,1,,,,كانز,
ك بانيه,Poultry,,,1,,,,عبوة,
35.00 كلوروكس مزيل 900مل,Cleaning Supplies,كلوروكس,900مل,1,,35,35,عبوة,مل
نولا ويفر بكريمة الشيكولاتة ٨ 5.50 1 5.50,Biscuits & Cakes,نولا,,1,,5.5,5.5,باكو,
حلواني بيف سلامي مدخن 250 جم,Beef & Processed Meat,حلواني,250جم,1,,,,عبوة,جم
فيروز اناناس 330مل كانز,Soft Drinks & Juices,فيروز,330مل,1,,,,زجاجة,مل
Americana Tuna Slices In Sunflower Oil - 120 Gram,"Tins, Jars & Packets",Americana ,120Gm,1,,,,علبة,Gm
باتيه جبنه *5,Bakery,,,1,,,,كيس,
" Rani Float Strawberry Banana, 240 ml",Soft Drinks & Juices,Rani,240ml,1,,,,عبوة,ml
Freshfarm Plain Beef - 1 kg,Beef & Processed Meat,Freshfarm,1kg,1,,,,عبوة,kg
طحينه حلوانى  عرض,"Sauces, Dressings & Condiments",حلوانى,,1,,,,عبوة,
تيت بيور بيف بيكون مطهى مدخن ,Beef & Processed Meat,تيت بيور,,1,,,,عبوة,
Coffee Planet Lungo 10pcs,"Tea, Coffee & Hot Drinks",Coffee Planet,,10,,,,عبوة,
بلاستيك 10 لسان Digital باكو فواصل ملونه,"Personal care, skin & body care",Digital,,1,,,,بلاستيك,باكو
Elano Natural Drinking Water 12 x 1.5Litre,Water,Elano,1.5Litre,12,,,,عبوة,Litre
طحينه سمسم ايزيس وزن,"Sauces, Dressings & Condiments",ايزيس,,1,,,,عبوة,
بطاطس بالجبنة المتبلة من تايجر - 78جم	,Chips & Crackers,تايجر,78جم,1,,,,كيس,جم
دوريتوس ساور كريم,Chips & Crackers,دوريتوس,,1,,,,كيس,
California Garden White Solid Tuna In Sunflower Oil,"Tins, Jars & Packets",California Garden,,1,,,,عبوة,
Dobella Pasta Rigate Oat Light 400g,"Rice, Pasta & Pulses",Dobella,400g,1,,,,كيس,g
رو شيبسى فلفل جلا,Chips & Crackers,رو,,1,,,,كيس,
8.000 Water x 1,Water,,,1,,8,8,زجاجة,
صوص ليمون حار من كيكومان، 250 مل,"Sauces, Dressings & Condiments",كيكومان,250مل,1,,,,عبوة,مل
نسكافيه جولد,"Tea, Coffee & Hot Drinks",نسكافيه,,1,,,,علبة,
بيبسى 2لتر انواع,Soft Drinks & Juices,بيبسى,2لتر,1,,,,زجاجة,لتر
ALMARAI T. YOGHURT MANGO 100G*3E1,Dairy & Eggs,ALMARAI,100gm,3,,,,عبوة,gm
جلاكسي جويلز 400جم,"Chocolates, Sweets & Desserts",جلاكسي,400جم,1,,,,عبوة,جم
Class A Couscous Medium 1kg,"Rice, Pasta & Pulses",Class A,1kg,1,,,,كيس,kg
Carolina Gardens Egyptian Mix 400 gm ,"Tins, Jars & Packets",Carolina Garden,400gm,1,,,,عبوة,gm
ملح الخير مكرر ناعم 500 جم,Cooking Ingredients,الخير,500جم,1,,,,عبوة,جم
كفتة بقري ميتلاند حجم عائلي - 900جم,Beef & Processed Meat,ميتلاند,900جم,1,,,,عبوة,جم
منعم الأقمشة نسيم الوادي - 1 لتر,Cleaning Supplies,,1لتر,1,,,,زجاجة,لتر
لمار مشروب اناناس,Soft Drinks & Juices,لمار,,1,,,,زجاجة,
Hohos Strawberry and Cream Rolled Cake - 12 Pieces,Biscuits & Cakes,Hohos,,12,,,,باكو,
حلوي كاراميل كافنديش أند هارفي محشوة بالشيكولاتة - 130جم,"Chocolates, Sweets & Desserts",كافنديش أند هارفي,130ج,1,,,,عبوة,ج
Fanta Apple 1 L,Soft Drinks & Juices,Fanta,1L,1,,,,عبوة,L
مكرونه لهلوبه 1ك,"Rice, Pasta & Pulses",لهلوبه,,1,,,,كيس,
يوبو ليس زبادى يونانى الفراولة 150جم,Dairy & Eggs,يوبو ليس,150جم,1,,,,عبوة,جم
لينو بسكويت كاكاو 180جم,Biscuits & Cakes,لينو,180جم,1,,,,باكو,جم
بركة مياة طبيعية 600 مللي,Water,بركة,600مل,1,,,,زجاجة,مل
Hot GRispy Allumete Frites2.5k ,Vegetables & Fruits,Hot GRispy,2.5kg,1,,,,كيس,kg
بربيكان شراب شعير بالاناناس زجاج 330 مل,Soft Drinks & Juices,بربيكان,330مل,1,,,,كان,مل
Lido Pasta Snails 400 g,"Rice, Pasta & Pulses",Lido,400 g,1,,,,,g
Red Pumpkin 1kg,Vegetables & Fruits,,1kg,1,,,,كيس,kg
فانتا برتقال - 250 مل,Soft Drinks & Juices,فانتا,250مل,1,,,,زجاجة,مل
شيف سيكريت صلصه طماطم 300جم,"Tins, Jars & Packets",شيف سيكريت,300جم,1,,,,علبة,جم
HANS INSTANT COFFEE GOLD 20 G*6,"Tea, Coffee & Hot Drinks",HANS,6G,20,,,,,
 ريجينا مكرونة فرن، 1 كيلو,"Rice, Pasta & Pulses",ريجينا,1كيلو,1,,,,كيس,كيلو
كوكاكولا كانز 330 مل,Soft Drinks & Juices,كوكاكولا,330مل,1,,,,كانز,مل
هاربيك ليمون ٧٠٠مل 44.95 1 44.95,Cleaning Supplies,هاربيك,700مل,1,,44.95,44.95,عبوة,مل
حلوانى تركى مدخن وزن 198.00 0.285 56.43,Poultry,حلوانى,0.285,1,,198,56.43,عبوة,
تايجر كبير جبنه متبله ,Chips & Crackers,تايجر,,1,,,,كيس,
شيبسى جبنة متبلة86-96جم,Chips & Crackers,شيبسى,86-96جم,1,,,,أكياس,جم
بالزن بسكويت شكولاته 220,Biscuits & Cakes,بالزن,220ج,1,,,,باكو,ج
شيتوس فشار عائلى,Chips & Crackers,شيتوس,,1,,,,كيس,
خل تفاح توب فاليو - 500 جم,"Sauces, Dressings & Condiments",توب فاليو,500جم,1,,,,,جم
Deli Sun Wheat Mini Tortilla - 250g ,Bakery,Deli Sun,250g,1,,,,عبوة,g
CocaCola Medium 1,Soft Drinks & Juices,CocaCola,,1,,,,عبوة,
"Moussy Non Alcoholic Beer Strawberry, 330 Ml",Soft Drinks & Juices,Moussy,330Ml,1,,,,عبوة,Ml
نسكويك مشروب شيكولاتة 77جم,"Tea, Coffee & Hot Drinks",نسكويك,77جم,1,,,,علبة,جم
9.35 فلفل احمر,Vegetables & Fruits,,35جم,1,,9.35,9.35,عبوة,جم
تونه صن شاين قطع,"Tins, Jars & Packets",صن شاين,,1,,,,علبة,
المراعي زبادي بلاك بيري 100 جم,Dairy & Eggs,المراعي,100جم,1,,,,علبة,جم
عصير جهينه بريميم تفاح 235مل,Soft Drinks & Juices,جهينه,235مل,1,,,,عبوة,مل
Moringa Tea Powder - 75 GM,"Tea, Coffee & Hot Drinks",,75gm,1,,,,عبوة,gm
هاينز خل أبيض 1 لتر,"Sauces, Dressings & Condiments",هاينز,1لتر,1,,,,عبوة,لتر
نسكافيه كلاسيك كيس 18جم,"Tea, Coffee & Hot Drinks",نسكافيه,18جم,1,,,,كيس,جم
بريل عرص,Cleaning Supplies,بريل,,1,,,,عبوة,
زبادي لايت  جهينة - 105جم - 8 قطع + 4 هدية,Dairy & Eggs,جهينة,105gm,12,,,,عبوة,gm
اوشن مج زجاج نوفو كبير,Furniture,,,1,كبير,,,زجاج,كبير
دسانى مياة طبيعيه 600مل,Water,دسانى,600مل,1,,,,زجاجة,مل
السلام جلاش 300 جم علب,Bakery,السلام,300جم,1,,,,علب,جم
دومتي جبنة بيضاء بالخيار 500 جم,Dairy & Eggs,دومتي,500جم,1,,,,عبوة,جم
Sunbulah Egg Spring Roll Pastry 345g,Bakery,Sunbulah,345g,1,,,,كيس,g
ليندت ليندت سويس كلاسيك شوكولاتة بالحليب بالبندق - 100 جم,"Chocolates, Sweets & Desserts",ليندت,100جم,1,,,,عبوة,جم
امريكانا كفتة حاتى فاخر 400جم,Beef & Processed Meat,امريكانا,400جم,1,,,,عبوة,جم
صن شاين تونة ق و س ٢٠٠ 25.95 3 77.85,"Tins, Jars & Packets",صن شاين,,3,,25.95,77.85,علبة,
Pasta Big Rings - 400g,"Rice, Pasta & Pulses",,400g,1,,,,كيس,g
بسكويت مكفتيز شوفان ذهبى,Biscuits & Cakes,مكفتيز,,1,,,,باكو,
بطاطس كرانشي بالشطة والليمون - 76 جم,Chips & Crackers,كرانشي,76جم,1,,,,كيس,جم
الطاهيه فول ساده 400جرام,"Tins, Jars & Packets",الطاهيه,400جم,1,,,,علبة,جم
Fresh Naboulsi Cheese 250g Approx. Weight,Dairy & Eggs,,250gm,1,,,,عبوة,gm
جهينه زبادي لايت 105جم ,Dairy & Eggs,جهينه,105gm,1,,,,عبوة,gm
روستو بقري مدخن,Beef & Processed Meat,,,1,,,,عبوة,
كلوريل 4 كجم+ كلوريل ألوان روز 2كجم,Cleaning Supplies,كلوريل,2كجم,1,,,,عبوة,كجم
Biscuit With Chocolate - 15g - Pack Of 48,Biscuits & Cakes,,15g,48,,,,باكو,g
علبه2 *1,"Personal care, skin & body care",,,2,,,,علبه,
لواكر بسكويت جاردينيا بندق 38,Biscuits & Cakes,لواكر,38جم,1,,,,باكو,جم
خوخ انصاف فر شراب خفيف 820جم,Soft Drinks & Juices,,820جم,1,,,,عبوة,جم
بوني حليب مكثف محلى، 397 جرام,Dairy & Eggs,بوني,397جرام,1,,,,عبوة,جرام
Turnip Pickles 250g,"Tins, Jars & Packets",,250gm,1,,,,عبوة,gm
Hi FOOD .B.WAFER 8,Biscuits & Cakes,Hi FOOD,,8,,,,باكو,
زجاجة مياه طبيعية حياة - 1.5لتر* 6 قطع,Water,حياة,1.5لتر,6,,,,عبوة,لتر
Far Eastern Seasoning - 800 Gm,Cooking Ingredients, Eastern Seasoning,800 Gm,1,,,,,Gm
مكفيتيز بسكويت 33ج,Biscuits & Cakes,مكفيتيز,33ج,1,,,,باكو,ج
ELLEHEIMY CHICKEN MARINATED 1KG,Poultry,ELLEHEIMY,1KG,1,,,,عبوة,KG
لمار بيور مانجو 200 مل عصير,Soft Drinks & Juices,لمار,200مل,1,,,,عبوة,مل
اطياب دجاج مقلى 12 ق بطاطس,Poultry,اطياب,,12,,,,عبوة,
لمتنا مكرونة اسباجتى 400 جم,"Rice, Pasta & Pulses",لمتنا,400جم,1,,,,كيس,جم
تمرى فريش دجاجه 950-1000,Poultry,تمرى,950-1000جم,1,,,,عبوة,جم
Cream filled Konafa - By Weight ,"Chocolates, Sweets & Desserts",,,1,,,,عبوة,
 فايز السوهاجى فول مجروش ، 500 جم,"Rice, Pasta & Pulses",فايز السوهاجى,500جم,1,,,,كيس,جم
فريش فارم بسطرمة بثوم 250 جم,Beef & Processed Meat,فريش فارم,250جم,1,,,,عبوة,جم
Baraka Natural Water - 1.5 Liters - 12 Bottles,Water,Baraka,1.5Litre,12,,,,عبوة,Litre
بيببس كانز ,Soft Drinks & Juices,بيبسي,,1,,,,كانز,
امريكان جاردن صوص مكرونة 397ج,"Sauces, Dressings & Condiments",امريكان جاردن,379ج,1,,,,عبوة,ج
الفا تفاح احمر اوروبى 1كجم,Vegetables & Fruits,الفا,1كجم,1,,,,عبوة,كجم
نسكافيه 3*1  18 جم بنكهه الشوكلاته,"Tea, Coffee & Hot Drinks",نسكافيه,18جم,1,,,,علبة,جم
حافظه بلاستيك ب,Furniture,,,1,,,,بلاستيك,
Corona Bimbo Coco Biscuit Coated With Chocolate - 1 Piece,Biscuits & Cakes,Corona Bimbo,,1,,,,باكو,
Bostany Tuna Chunks - 185 Gram,"Tins, Jars & Packets",Bostany ,185جم,1,,,,علبة,جم
مستر ماسل منظف متعدد الاغراض لافندر,Cleaning Supplies,مستر ماسل,,1,,,,عبوة,
Break Chips Hot Chilli 93-98g,Chips & Crackers,Break,93-98g,1,,,,كيس,g
Dilmah Flavoured Ceylon Black Tea Peach 20 Teabags,"Tea, Coffee & Hot Drinks",Dilmah,,20,,,,علبة,
تيكا مصاصه دينجر جمجمه 1ق,"Chocolates, Sweets & Desserts",تيكا,,1,,,,عبوة,
جاتوه سواريه علبه وسط,Sweets & Desserts,,,1,وسط,,,علبه,
Dilmah Earl Grey Tea 125g,"Tea, Coffee & Hot Drinks",Dilmah,125g,1,,,,عبوة,g
علبة المون 10 م,"Personal care, skin & body care",,10م,1,,,,علبة,م
ELLEHEIMY SAMBOUSEK BASTURMA 10 PCS,Bakery,ELLEHEIMY,,10,,,,باكو,
Koki Frying Chicken Hot&Potatos 12 Pcs,Poultry,Koki,,12,,,,عبوة,
جهينه بيور عصير برتقال235م,Soft Drinks & Juices,جهينه,235مل,1,,,,عبوة,مل
اريكان جاردن مايونيز  لايت 473ملى,"Sauces, Dressings & Condiments",اريكان جاردن,473ملي,1,,,,عبوة,ملي
domty sheese spr,Dairy & Eggs,domty,,1,,,,علبة,
بطة مجمدة 2.3 كجم - 2.5 كجم,Poultry,,2.5-2.3كجم,1,,,,عبوة,كجم
ميكس جبن رول *1 ,Dairy & Eggs,,,1,,,,عبوة,
بسلة شهرزاد - 400 جم,Vegetables & Fruits,شهرزاد,400جم,1,,,,عبوة,جم
بريد واي توست مالتي جرين -500 جم,Bakery,بريد واي,500جم,1,,,,كيس,جم
هاينز مايونيز برطمان 310ج,"Sauces, Dressings & Condiments",هاينز,310جم,1,,,,عبوة,جم
علبه فول ساده ,"Tins, Jars & Packets",,,1,,,,علبه,
بيض احمر مغلف 1.000 51.00 51.00,Dairy & Eggs,,,1,,51,51,عبوة,
Kenz Milk Whole Hazelnut Chocolate Bar - 90 Gm,"Chocolates, Sweets & Desserts",Kenz,90gm,1,,,,عبوة,gm
Wadi Food Pepper Sliced 1KG ,"Tins, Jars & Packets",Wadi Food,1kg,1,,,,عبوة,kg
بسكويت ويفر بالوكو بكريمة الكاكاو - 45جم,Biscuits & Cakes,,45جم,1,,,,باكو,جم
برتقال بلدي عصير,Soft Drinks & Juices,,,1,,,,عبوة,
طحينة حلواني ,"Sauces, Dressings & Condiments",حلواني,,1,,,,عبوة,
فانتا تفاح اخضر 250مل,Soft Drinks & Juices,فانتا,250مل,1,,,,زجاجة,مل
زيتون اسود من اوليفيا - 720 جم,"Tins, Jars & Packets",اوليفيا ,720جم,1,,,,عبوة,جم
هاينز مسترده عادى بلاستيكيه 235جرام,"Sauces, Dressings & Condiments",هاينز,235جم,1,,,,عبوة,جم
Jacker Barbecue Potato Chips - 75 gm,Chips & Crackers,Jacker,75gm,1,,,,كيس,gm
خلطة الدجاج المقلي الحارة سبايسي - 45 جم,Cooking Ingredients,سبايسي,45جم,1,,,,عبوة,جم
Cleaning Poop Pickup + Hand,Cleaning Supplies,,,2,,,,عبوة,
علبه زبادى زجاج غطاء الوان 410 مل,Furniture,,410مل,1,,,,علبه,مل
امريكانا تونة شرائح فى ليمون، 120 جرام,"Tins, Jars & Packets",امريكانا ,120جرام,1,,,,عبوة,جرام
دينا حليب بالفراوله,Dairy & Eggs,دينا,,1,,,,عبوة,
Chipsy Super ElMalek/Chil52 -56  ,Chips & Crackers,chipsy,56,1,,,,,
بريل عرص,Cleaning Supplies,بريل,,1,,,,,
بسكويت اوريو 6قطع 57جم,Biscuits & Cakes,اوريو,57ج,6,,,,باكو,ج
حلوانى سلامى جاف 1ك,Beef & Processed Meat,حلوانى,1ك,1,,,,عبوة,ك
Bavaria Flavoured Malt Drink Strawberries 500 ml,Soft Drinks & Juices,Bavaria,500ml,1,,,,زجاجة,ml
ماكسيل للزجاج روز 700 مل,Cleaning Supplies,روز جاردن,700مل,1,,,,زجاج,مل
علبة حوادق اسبيشيال مشكل 500 جرام ,Bakery,,500جرام,1,,,,علبة,جرام
هيرمان كاتشب بارد340جم,"Sauces, Dressings & Condiments",هيرمان,340جم,1,,,,عبوة,جم
ياهو عصير مانجو نكتار - 12 عبوة - 250 مل,Soft Drinks & Juices,ياهو,250مل,12,,,,زجاجة,مل
تونة مفتته في زيت صويا عافيع ,"Tins, Jars & Packets",,,1,,,,علبة,
Nestle fitness biscuits original 12x30gm,Biscuits & Cakes,Nestle fitness,30gm,12,,,,باكو,gm
 تفاح سكرى,Vegetables & Fruits,,,1,,,,عبوة,
Kharaz Tea - 100gm,"Tea, Coffee & Hot Drinks",,100جم,1,,,,علبة,جم
اولكر بسكويت محشو بالتمر نباتى 4ق,Biscuits & Cakes,اولكر,,4,,,,باكو,
دجاج مقلي الوطنية - 12 قطعة,Poultry,الوطنية,,12,,,,عبوة,
تيك تاك 16جم جميع  النكهات ,"Chocolates, Sweets & Desserts",تيك تاك,16جم,1,,,,عبوة,جم
Hyperone Croissant With Thyme - 4 pieces,Bakery,Hyperone,,4,,,,باكو,
رقائق سبرنج رول الكرامة، كبيرة - 250 جم,Bakery,الكرامة,250جم,1,,,,كيس,جم
Katilo Baramely Cheese Alexandrian kg,Dairy & Eggs,Katilo,kg,1,,,,عبوة,kg
California Garden Red Kidney Beans - 400 Gram,"Tins, Jars & Packets",California Garden,400Gram,1,,,,عبوة,Gram
شتوره جاردن ماء أزهار البرتقال 500 مل,Cooking Ingredients,شتوره,500مل,1,,,,عبوة,مل
لواكر بسكوت كاكاو 45جم,Biscuits & Cakes,لواكر,45جم,1,,,,باكو,جم
CALNORT DEHYDRATED ASPARAGUS CREAM SOUP 66 gm ,"Tins, Jars & Packets",CALNORT ,66gm,1,,,,عبوة,gm
تونا تونه مفتته حار سهله الفتح,"Tins, Jars & Packets",,,1,,,,علبة,
شيبسى كباب عائلى 25% اكتر,Chips & Crackers,شيبسى,,1,,,,كيس,
باراديس نكتار ريمكس خوخ بالمانجو,Soft Drinks & Juices,باراديس,,1,,,,زجاجة,
شويبس نونيك مياه 250 مل Quantity,Water,شويبس,250مل,1,,,,زجاجة,مل
ماجيكال جيلي فواكه، 25 جم - 12 عبوة,"Chocolates, Sweets & Desserts",ماجيكال,25جم,12,,,,عبوة,جم
FRESH FARM MINCED MEAT 600 G,Beef & Processed Meat,FRESH FARM,600Gm,1,,,,عبوة,Gm
تايجر عائلى فلفل حلو ٤٩جم 2.95 1 2.95,Chips & Crackers,تايجر,49جم,1,,2.95,2.95,كيس,جم
علبه مناديل ,Disposables & Napkins,,,1,,,,علبه,
شيبسي جبنه ب 3 جنيه 2 0 6.00,Chips & Crackers,شيبسي,,2,,3,6,كيس,
شاى العروسه 250,"Tea, Coffee & Hot Drinks",العروسه,250جم,1,,,,عبوة,جم
لمار عصير اناناس بيور 200مل,Soft Drinks & Juices,لمار,200مل,1,,,,عبوة,مل
ورق لوري راند بالوزن ورق,Vegetables & Fruits,راند,,1,,,,كيس,
اوسكار سلطة تونة kg,"Tins, Jars & Packets",اوسكار,KG,1,,,,علبة,KG
  كرتونة بيض ابيض اورجانيك جومارت - 30 بيضة,Dairy & Eggs,جومارت,,1,,,,عبوة,
وادى- فود دجاج مجمد ١٠٠٠ 50.25 5 251.25,Poultry,وادى- فود,1000g,5,,50.25,251.25,عبوة,g
تست بيور سوسيس امريكى 400 جم,Beef & Processed Meat,تست,400جم,1,,,,عبوة,جم
Carrefour Kernel Sweet Corn - 340 Gram - 3 Pieces,"Tins, Jars & Packets",Carrefour ,340Gram,3,,,,عبوة,Gram
هاينز صلصه طماطم 360جرام,"Tins, Jars & Packets",هاينز,360جم,1,,,,علبة,جم
الأصيل زيت ذره 750 مل,Cooking Ingredients,الأصيل,750مل,1,,,,عبوة,مل
كرتونه 0.600 لتر 20 زجاجه,Cooking Ingredients,,0.600لتر,20,,,,زجاجه,لتر
إمتنان شاي كركديه بالورد 60 جم 85% عضوي,"Tea, Coffee & Hot Drinks",إمتنان,60جم,1,,,,عبوة,جم
Heinz Hot Ketchup 300g ,"Sauces, Dressings & Condiments",Heinz,300gm,1,,,,عبوة,gm
شتوره ماء الزهر 250مل,Cooking Ingredients,شتوره,250مل,1,,,,عبوة,مل
غرام 370 معجون طماطم من هاينز,"Tins, Jars & Packets",هاينز,370غ,1,,,,علبة,غ
CRAMEL SAUCE,"Sauces, Dressings & Condiments",,,1,,,,عبوة,
اطياب بيف برجر 20ق فاخر بالوزن ساندوتش,Beef & Processed Meat,اطياب,,20,,,,عبوة,
ILOU B.B.Q Sauce 500 g ,"Sauces, Dressings & Condiments",ILOU,500g,1,,,,عبوة,g
بيبسى كانز,Soft Drinks & Juices,بيبسي,,1,,,,كانز,
حواوشى شاده ,Beef & Processed Meat,,,1,,,,عبوة,
Yellow Lentils 500g Approx. Weight,"Rice, Pasta & Pulses",,500g,1,,,,كيس,g
شيكولاته كيندر جوى ولد20جم,"Chocolates, Sweets & Desserts",كيندر,20جم,1,,,,عبوة,جم
Pepsi Pet Bottle 970ml,Soft Drinks & Juices,Pepsi,970ml,1,,,,عبوة,ml
حلوه زيت خليط 4.5 لتر,Cooking Ingredients,حلوه,4.5لتر,1,,,,عبوة,لتر
نور ملح يودى ناعم 700 جم علبه,"Condiments, Dressings & Marinades",نور,700جم,1,,,,علبه,جم
جرين خل طبيعى1لتر,"Sauces, Dressings & Condiments",جرين,1لتر,1,,,,عبوة,لتر
كاكا فروتس وزن,Vegetables & Fruits,,,1,,,,كيس,
تانج مشروب مانجو بودر(25جرام),Soft Drinks & Juices,تانج,25جم,1,,,,زجاجة,جم
دومتى تتراباك بلس,Dairy & Eggs,دومتي,,1,,,,تتراباك,
Orouba Cafe Medium Ground Coffee Plain 200 gm,"Tea, Coffee & Hot Drinks",Orouba,200gm,1,,,,عبوة,gm
رايزن توفى شوكولاته، 150 جرام,"Chocolates, Sweets & Desserts",رايزن,150جم,1,,,,عبوة,جم
بوردون لانشون لحم الدجاج 190 جم,Beef & Processed Meat,بوردون,190جم,1,,,,عبوة,جم
Squeeze Strw. Lemonade Drink - 250ml,Soft Drinks & Juices,Squeeze,250مل,1,,,,زجاجة,مل
وادى فود زيت زيتون ممتاز,Cooking Ingredients,وادى فود,,1,,,,عبوة,
بسكوت نسكويك ,Biscuits & Cakes,,,1,,,,باكو,
حدائق كاليفورنيا تونه قطع فاتحه 0 1 0 25.00,"Tins, Jars & Packets",حدائق كاليفورنيا,,1,,25,25,علبة,
شويبس ليمون ونعناع 300 \330 مل كانز,Soft Drinks & Juices,شويبس,300/330مل,1,,,,كانز,مل
Mom&#39;s Food Dip Homos Olive - 300 Gram,"Tins, Jars & Packets",Mom,300 gm,1,,,,عبوة,gm
هاينز هوت صوص برميم165جم,"Sauces, Dressings & Condiments",هاينز,165جم,1,,,,عبوة,جم
قلي,Cooking Ingredients,,,1,,,,عبوة,
Oreo Gateaux,"Chocolates, Sweets & Desserts",Oreo,,1,,,,عبوة,
كاليقورنيا فاصوليا حمرا 40,"Rice, Pasta & Pulses",كاليقورنيا,40ج,1,,,,كيس,ج
Go Fresh Chocolate Filled Snack Bar - 20 Gram,"Chocolates, Sweets & Desserts",Go Fresh,20gr,1,,,,عبوة,gr
عافيه زيت عباد الشمس ,Cooking Ingredients,عافيه,,1,,,,عبوة,
بسطرمه بلدى بثوم برايم ,Beef & Processed Meat,برايم,,1,,,,عبوة,
مونتانا بسله بالجزر، 400 جرام,Vegetables & Fruits,مونتانا,400جم,1,,,,عبوة,جم
معجنات بالقرفة - 500 جم,Bakery,,500جم,1,,,,كيس,جم
أمريكانا بسلة معلبة - 400جم,"Tins, Jars & Packets",أمريكانا ,400جم,1,,,,عبوة,جم
55.40 Water 4,Water,,,4,,55.4,55.4,زجاجة,
" Regina  Pasta, 1 Kg","Rice, Pasta & Pulses",Regina,1 Kg,1,,,,كيس,Kg
سباوت لبان علب ٢٣.٨ جم,Sweets & Desserts,سباوت,23.8جم,1,,,,علب,جم
Fresh Chicken Thighs Boneless 500g,Poultry,,500g,1,,,,عبوة,g
بقدونس مجفف 100 جم,Cooking Ingredients,,100جم,1,,,,عبوة,جم
نيدو فرجتو علبه جديد300 جم,Dairy & Eggs,نيدو,300جم,1,,,,علبه,جم
Molto Magnum Chocolate 1 pcs ,Bakery,Molto,,1,,,,كيس,
رول سكر فوندو بيك لاند برتقالي - 500جم,"Chocolates, Sweets & Desserts",بيك لاند,500جم,1,,,,عبوة,جم
Rich Bake Toast Normal 500g ,Bakery,Rich Bake,500g,1,,,,كيس,g
LAMAR PINEAPPLE DRINK200M *4R,Soft Drinks & Juices,LAMAR,200ml,1,,,,عبوة,ml
ارز بسمتى,"Rice, Pasta & Pulses",,,1,,,,كيس,
رو بطاطس ملح وفلفل 45-55جم,Chips & Crackers,رو,45-55جم,1,,,,كيس,جم
روستو بقرى بلدى ,Beef & Processed Meat,,,1,,,,عبوة,
باميه بسمه ممتازه 400جم,Vegetables & Fruits,بسمه,400جم,1,,,,كيس,جم
Fresh Farm Beef Burger 1.5kg,Beef & Processed Meat,Fresh Farm,1.5kg,1,,,,عبوة,kg
Egyptian Low Salt Cheese 500g,Dairy & Eggs,,500gm,1,,,,عبوة,gm
جاردينو خل 1ل,"Sauces, Dressings & Condiments",جاردينو,1لتر,1,,,,عبوة,لتر
ريجليز اكسترا علك فراولة 60 حبة,"Chocolates, Sweets & Desserts",اكسترا,60جم,1,,,,عبوة,جم
Imtenan celery parsley herbs 18 F ,Cooking Ingredients,Imtenan,,1,,,,علبة,
كنور معجون طماطم 360 جم,"Tins, Jars & Packets",كنور,360جم,1,,,,عبوة,جم
فاصوليا بيضاء,"Rice, Pasta & Pulses",,,1,,,,كيس,
1 3.07 س بابا غنوج المتين 0.43 3.50,"Tins, Jars & Packets",@@,0.43,1,,3.07,3.5,علبة,
النيل الابيض عيش بلدي  ك 45,Bakery,النيل الابيض,,1,,,,كيس,
زيت ذرة  توب فاليو - 3 لتر ,Cooking Ingredients,توب فاليو,3لتر,1,,,,عبوة,لتر
مفروم لحم بقري بلدي صافي - بالكيلو,Beef & Processed Meat,,كيلو,1,,,,عبوة,كيلو
زيت حبة البركة رسلان 250 مل,Cooking Ingredients,رسلان,250مل,1,,,,عبوة,مل
فوكس شيبسى شطه وليمون 68-75 ج,Chips & Crackers,فوكس,68-75جم,1,,,,كيس,جم
زيتون سلقينى اسود,"Tins, Jars & Packets",,,1,,,,علبة,
Carrefour Frozen Whole Chicken - 1000-1100 Gram,Poultry,Carrefour,1000-1100Gram,1,,,,عبوة,Gram
مياه معدنيه اكوافينا600,Water,اكوافينا600,600مل,1,,,,زجاجة,مل
بيتى تروبيكانا مشروب فخفخينا 235مل,Soft Drinks & Juices,بيتى,235مل,1,,,,عبوة,مل
Sauce Garlic Roasted,"Sauces, Dressings & Condiments",,,1,,,,عبوة,
دساني جالون مياة 19 لتر,Water,دساني,19لتر,1,,,,,لتر
فيتنيس 36ج,Chips & Crackers,فيتنيس,36جم,1,,,,كيس,جم
Deli Sun 10 Pcs Mini Tortillas - 250g ,Bakery,Deli Sun,250g,10,,,,عبوة,g
LAMETNA PASTA SMALL RINGS400G,"Rice, Pasta & Pulses",LAMETNA,400G,1,,,,كيس,G
Wadi Food Whole Kernel Sweet Corn - 400 Gram,"Tins, Jars & Packets",Wadi Food,400gm,1,,,,عبوة,gm
مسحوق 3 ك اوكسي,Cleaning Supplies,اوكسي,3ك,1,,,,عبوة,ك
Choice Cracked Green Olives - 2.5kg,"Tins, Jars & Packets",Choice ,2.5kg,1,,,,عبوة,kg
اللحيمى قشطه فراخ,Poultry,اللحيمى,,1,,,,عبوة,
ميكسى مقرمشات مشكل بطعم جبنة 85 جم,Chips & Crackers,ميكسى,85جم,1,,,,أكياس,جم
حافظه بلاستيك,Furniture,,,1,,,,بلاستيك,
حلواني طحينة 710 جرام,"Sauces, Dressings & Condiments",حلواني,710جرام,1,,,,عبوة,جرام
20*غندور لبان فراولة 8ق,"Chocolates, Sweets & Desserts",غندور,,1,,,,عبوة,
فرازه دبوس دجاج طازج 900جم,Poultry,فرازه,900جم,1,,,,عبوة,جم
علبه 4 قطع كومبو ,Furniture,,,4,,,,علبه,قطع
(1L) Juice,Soft Drinks & Juices,,1L,1,,,,زجاجة,L
فيرى منظف مركز اصلى 650مل,Cleaning Supplies,فيرى,650مل,1,,,,عبوة,مل
شنطه بلاستيك فينزس وسط,Furniture,فينوس,,1,وسط,,,بلاستيك,وسط
بان صغير رانش,Bakery,,,1,,,,كيس,
صوص شيكولاتة دوبيلا - 650مل,"Sauces, Dressings & Condiments",دوبيلا,650مل,1,,,,عبوة,مل
كفتة داوود باشا بلدي ,Beef & Processed Meat,,,1,,,,عبوة,
Breasy Bread Crumbs Spicy 300g,Bakery,Breasy,300g,1,,,,عبوة,g
لمار عصير تفاح 1 لتر,Soft Drinks & Juices,لمار,1لتر,1,,,,زجاجة,لتر
ستينج مشروب طاقه بالفراوله 250م,Soft Drinks & Juices,ستينج,250مل,1,,,,زجاجة,مل
شيبسى بطاطس ملح 78-88جم,Chips & Crackers,شيبسى,78-88جم,1,,,,كيس,جم
توفيت حلوى كريز 47 جم,"Chocolates, Sweets & Desserts",توفيت,47جم,1,,,,,جم
لاكتيل زبادى 170 جم,Dairy & Eggs,لاكتيل,170جم,1,,,,,جم
توفبر حار كوكى كرانشى بانيه ,Poultry,كوكى,,1,,,,عبوة,
أروما بون قهوة سريعة التحضير 50 جم,"Tea, Coffee & Hot Drinks",أروما,50جم,1,,,,علبة,جم
McVitie's Biskrem Duo 36g,Biscuits & Cakes,McVitie's Biskrem,36Gm,1,,,,باكو,Gm
بسكويت بيميو لارج علبه 12,Biscuits & Cakes,بيمبو,,12,لارج,,,علبه,لارج
"نستله مياه فواره باليمون, 360 ملل",Water,نستله,330مل,1,,,,زجاجة,مل
Domty Plas Feta Cheese With Blue Cheese 500gm,Dairy & Eggs,Domty,500gm,1,,,,عبوة,gm
special old Rumy,Dairy & Eggs,,,1,,,,عبوة,
نستله جالون غيار 18.900 لتر,Water,نستله,18.9لتر,1,,,,زجاجة,لتر
سراج زيتون شرائح اسود-اخضر وزن ,"Tins, Jars & Packets",سراج,,1,,,,علبة,
بيتي تروبيكانا عصير برتقال 235 4.95 3 10.95,Soft Drinks & Juices,بيتي,235مل,1,,4.95,4.95,عبوة,مل
Dolphin Solid Tuna Easy Open Tin  - 200 Gram,"Tins, Jars & Packets",Dolphin ,200gram,1,,,,عبوة,gram
فن داى اصابع البسكويت ,Biscuits & Cakes,فن داى,,1,,,,باكو,
بسكو مصر كعك بعين الجمل 1ك,Bakery,بسكو مصر,1ك,1,,,,كيس,ك
علبه ثلاجه ,Disposables & Napkins,,,1,,,,علبه,
فليفلة صفراء 500 جم,"Rice, Pasta & Pulses",,500جم,1,,,,كيس,جم
مكرونة انواع توب فاليو 1كجم	,"Rice, Pasta & Pulses",توب فاليو,1كجم,1,,,,كيس,كجم
حدائق  كاليفورنيا  فاصوليا  بيضا  400GM,"Tins, Jars & Packets",حدائق  كاليفورنيا ,400gm,1,,,,عبوة,gm
بى مياه شرب طبيعى ,Water,بى,,1,,,,زجاجة,
Raw Kettle Cooked Potatoes With Salt 125 Gm,Chips & Crackers,Raw,125Gm,1,,,,كيس,Gm
الدلتا ذرة حب 500 جم,"Rice, Pasta & Pulses",الدلتا,500جم,1,,,,كيس,جم
"3ALTABKHA Tomato Sauce With Onion , garlic and pepper - 375g","Tins, Jars & Packets",3ALTABKHA ,375g,1,,,,علبة,g
خل تفاح توب فاليو - 500 جم,"Sauces, Dressings & Condiments",توب فاليو,500جم,1,,,,عبوة,جم
Anchor unsalted pure new zealand butter 200g,Cooking Ingredients,Anchor,200g,1,,,,عبوة,g
برافو بطاطس شيبس ٦٢-٧٢جم كباب,Chips & Crackers,برافو,62-72جم,1,,,,كيس,جم
ماجيكال جيلى فيلى 25ج,"Chocolates, Sweets & Desserts",ماجيكال,25ج,1,,,,عبوة,ج
Delicious mixed vegetables 400g ,Vegetables & Fruits,Delicious,400gm,1,,,,كيس,gm
RICH-CUISINE-CH-STRIPS HOT 1KG,Poultry,RICH,1KG,1,,,,عبوة,KG
زيتون كلاماتا 250,"Tins, Jars & Packets",,,1,,,,علبة,
Elleheimy Beef Luncheon With Black Pepper 250g Approx. Weight,Beef & Processed Meat,Elleheimy,250gm,1,,,,عبوة,gm
وادى فود زيت زيتون 250ملل,Cooking Ingredients,وادى فود,250مل,1,,,,عبوة,مل
دومتى جبنه موزريلا 1كجم ,Dairy & Eggs,دومتى,1كجم,1,,,,عبوة,كجم
ايطاليانو مكرونه جميع الانواع,"Rice, Pasta & Pulses",ايطاليانو,,1,,,,كيس,
جلاكسى بندق 36جرام,"Chocolates, Sweets & Desserts",جلاكسى,36جم,1,,,,عبوة,جم
Visnage Herb - 50 GM,Cooking Ingredients,,50gm,1,,,,علبة,gm
هاينز كاتشب كاتشي حار 335 جم,"Sauces, Dressings & Condiments",هاينز,335ج,1,,,,,ج
بطاطس تحمير 2.030 6.50 13.20,Vegetables & Fruits,,2.03,1,,6.5,13.2,عبوة,
لافى مياة 1.5 مل 4.00 1 4.00,Water,لافى,1.5لتر,1,,4,4,زجاجة,لتر
كرانشى طماطم عائلى,Chips & Crackers,كرانشى,,1,,,,كيس,
Kinder joy 20g,"Chocolates, Sweets & Desserts",Kinder,20جم,1,,,,عبوة,جم
حليب كامل الدسم لمار - 200مل,Dairy & Eggs,لمار,200مل,1,,,,عبوة,مل
"Sunlight Automatic Powder Detergent, Sea Breeze Fresh - 2.5 kg",Cleaning Supplies,Sunlight,2.5kg,1,,,,عبوة,kg
تي سي بوي تونة قطع حار سهله الفتح، 140 جرام، 140 Gm,"Tins, Jars & Packets",تي سي بوي,140جم,1,,,,عبوة,جم
Temry Chilled Chicken Drumsticks 1kg ,Poultry,Temry,1kg,1,,,,عبوة,kg
Nescafe Gold Decaf Instant Coffee 100g,"Tea, Coffee & Hot Drinks",Nescafe,100جم,1,,,,علبة,جم
توينكيز كيك كريمه 2ق,Biscuits & Cakes,توينكيز,,2,,,,باكو,
ملح الهيمالايا الصخري - ملح خشن - 400جم,Cooking Ingredients,,400جم,1,,,,عبوة,جم
شيتوس بافس عائلى 98-108جرام,Chips & Crackers,شيتوس,98-108جرام,1,,,,كيس,جرام
ريتش بيك توست رده 500جم,Bakery,ريتش بيك,500جم,1,,,,كيس,جم
اوسكار بيض ابيض 30 بيضه,Dairy & Eggs,اوسكار,,30,,,,علبة,
AlMarai Beef Kofta - 25 Pieces,Beef & Processed Meat,AlMarai,,25,,,,عبوة,
سلطة اللحم المطبوخ بالجبن المصري 300 جرام تقريبًا,Bakery,,300جرام,1,,,,كيس,جرام
هاينز شيلى صوص300جم,"Sauces, Dressings & Condiments",هاينز,300جم,1,,,,عبوة,جم
Choice Apple Cider Vinegar – 500 ml,"Sauces, Dressings & Condiments",Choice,500ml,1,,,,عبوة,ml
مياه طبيعيه دسانى 18.9لتر,Water,دسانى,18.9لتر,1,,,,زجاجة,لتر
لمار مشروب اناناس ,Soft Drinks & Juices,لمار,,1,,,,زجاجة,
كادبورى بسكويت سندوتس شيكو 35ج,Biscuits & Cakes,كادبورى,35ج,1,,,,باكو,ج
شيبسى جامبو بالجبنه,Chips & Crackers,شيبسى,,1,,,,كيس,
نسكافيه ظرف,"Tea, Coffee & Hot Drinks",نسكافيه,,1,,,,علبة,
14.50 بيبسى كولا 1:97 ل,Soft Drinks & Juices,بيبسى,1.97ل,1,,14.5,14.5,زجاجة,ل
اطياب لانشون لحم وزن,Beef & Processed Meat,اطياب,,1,,,,عبوة,
بسكويت تيفانى دايجستيف لايت ٤٠ 0%,Biscuits & Cakes,تيفانى دايجستيف,40جم,1,,,,باكو,جم
زجاجه مياه صغيره,Water,,,1,صغيره,,,زجاجه,صغيره
Egy Swiss Minced Meat 350 gm,Beef & Processed Meat,Egy Swiss,350gm,1,,,,عبوة,gm
بنده مسحوق يدوى 1كجم,Cleaning Supplies,بنده,1كجم,1,,,,عبوة,كجم
33.95 20 600ml water Drnk. Nat. Elano,Water,Elano,600ml,20,,33.95,33.95,زجاجة,ml
عيش ,Bakery,,,1,,,,كيس,
كوهن دريسنج بلسميك 250مل,"Sauces, Dressings & Condiments",كوهن,250مل,1,,,,عبوة,مل
ACTIVIA NATURAL YOGHURT 105G,Dairy & Eggs,ACTIVIA,105gm,1,,,,عبوة,gm
المتحده قوانص صافى 500جم فريش,Poultry,المتحده,500جم,1,,,,عبوة,جم
"Fresh Farm Beef Burger, 1.5 Kg",Beef & Processed Meat,Fresh Farm,1.5kg,1,,,,عبوة,kg
ماجى خلطة باشميل ,Cooking Ingredients,ماجى,,1,,,,عبوة,
Top Value Frozen Whole Chicken - 1000/1100g,Poultry,Top Value,1000/1100g,1,,,,عبوة,g
دينا زبادى لايت ١٠٥جم 3.50 2 7.00,Dairy & Eggs,دينا,,2,,3.5,7,عبوة,
دانون 120ج,Dairy & Eggs,دانون,120جرام,1,,,,عبوة,جرام
بيك رولز كبير زيتون,Chips & Crackers,بيك رولز,,1,,,,كيس,
Break Chips Hot Chilli 93-98g,Chips & Crackers,Break,93-98g,1,,,,كيس,g
2بيبسي كانز 330مل,Soft Drinks & Juices,2بيبسي,330مل,1,,,,زجاجة,مل
Ferrero Rocher Chocolate Rocks - 37 grams - 3 Count - 16 Pieces,"Chocolates, Sweets & Desserts",Ferrero,37gm,16,,,,عبوة,gm
لانشون بقري بالبهار شرائح ميتكو - 200جم ,Beef & Processed Meat,ميتكو,200جم,1,,,,عبوة,جم
Carry Cot Red,Vegetables & Fruits,,,1,,,,كيس,
شوكولاته كادبورى ساده,"Chocolates, Sweets & Desserts",كادبورى,,1,,,,عبوة,
ليبتون شاى ناعم 250جرام,"Tea, Coffee & Hot Drinks",ليبتون,250جم,1,,,,عبوة,جم
شيبسى رقائق بطاطس بميكس شيدر,Chips & Crackers,شيبسى,,1,,,,كيس,
THREE CHEFS BEEF KOFTA SHISH 500G,Beef & Processed Meat,THREE CHEFS,500gm,1,,,,عبوة,gm
اطياب تشيكن ستربس 1ك,Poultry,اطياب,1ك,1,,,,عبوة,ك
علبه كمامات ,"Personal care, skin & body care",,,1,,,,علبه,
Ludwik 5 functions dishwasher ,Cleaning Supplies,Ludwik,,1,,,,عبوة,
الملكه لسان عصفور,"Rice, Pasta & Pulses",الملكه,,1,,,,كيس,
كاليفورنيا سردين مغربى بالشطه 125ج,"Tins, Jars & Packets",كاليفورنيا,125ج,1,,,,علبة,ج
بيبسى كانز 355,Soft Drinks & Juices,بيبسى,355مل,1,,,,زجاجة,مل
بيبسي كانز 330 مل,Soft Drinks & Juices,بيبسي,330مل,1,,,,كانز,مل
كوكاكولاكانز جيب 330 مللي        ,Soft Drinks & Juices,كوكاكولا,330مللي        ,1,,,,كانز,مللي        
ريتش كفته ارز 700 جم,"Rice, Pasta & Pulses",ريتش,700جم,1,,,,كيس,جم
Squ Easy Garlic Paste 12g,Cooking Ingredients,Squ Easy,,12,,,,عبوة,
"California Garden Chickpeas, 400 gm","Tins, Jars & Packets",California Garden,400gm,1,,,,عبوة,gm
س مياه طبيعيه زجاج 800م,Water,,800م,1,,,,زجاجة,م
ماجيكل جيلى فروتينو 25 جم,"Chocolates, Sweets & Desserts",ماجيكال,25جم,1,,,,,جم
شويبس 1لتر,Soft Drinks & Juices,شويبس,1لتر,1,,,,زجاجة,لتر
بيور لايف مياه طبيعية ٦٠٠مل 3.00 1 3.00,Water,بيور لايف,600مل,1,,3,3,زجاجة,مل
"فريز بلو هاواي عصير فوار, 275 ملل",Soft Drinks & Juices,فريز,275مل,1,,,,زجاجة,مل
ذرة فيشار العجمى 500جم ,"Rice, Pasta & Pulses",العجمى,500ج,1,,,,كيس,ج
انكور زبده 200ج,Cooking Ingredients,انكور,200جم,1,,,,عبوة,جم
كفته عادى بالوزن,Beef & Processed Meat,,,1,,,,عبوة,
دجاج بانيه روستي - 350 جم,Poultry,روستي,350جم,1,,,,عبوة,جم
الدوار سمنه جاموسى,Bakery,الدوار,,1,,,,كيس,
قهوتي - بن سادة -  سكر زيادة - 12 كيس جاهز للتحضير,"Tea, Coffee & Hot Drinks",قهوتي,,12,,,,عبوة,
Al Doha Black Pepper Shak.230G ,Cooking Ingredients,Al Doha,230G,1,,,,عبوة,G
Rich Bake toast respons 390g ,Bakery,Rich Bake,390g,1,,,,كيس,g
بيور لايف مياه فوارة ليمون ٣٦٠مل 7.95 1 7.95,Water,بيور لايف,360مل,1,,7.95,7.95,زجاجة,مل
توليدو خل ابيض 1لتر ,"Sauces, Dressings & Condiments",توليدو,1لتر,1,,,,عبوة,لتر
هاينز مايونيز ديوباك 285ج,"Sauces, Dressings & Condiments",هاينز,285جم,1,,,,عبوة,جم
Sprinkle Pizza Seasoning - 90 gram,Cooking Ingredients,Sprinkle,90gm,1,,,,عبوة,gm
افينجر علبه فاكيوم,Furniture,,,1,,,,علبه,
شوك بلاستيك 50 فى كيس,Disposables & Napkins,,,50,,,,بلاستيك,كيس
كريم كافيار بلو ماري الأصلي 190 جرام,"Tins, Jars & Packets",بلو ماري,190جم,1,,,,علبة,جم
خبز بلدي هايبروان,Bakery,هايبروان,,1,,,,كيس,
رقائق بطاطس بالكريمه الحامضه,Chips & Crackers,,,1,,,,كيس,
سكريه زجاج ديكاله بالملعقه,Furniture,ديكاله,,1,,,,زجاج,
بسمة شوربة خضار 400 جم ,Vegetables & Fruits,بسمة,400جم,1,,,,كيس,جم
علبه مخلل,"Tins, Jars & Packets",,,1,,,,علبه,
بافاريا بيرة خالي من الكحول تفاح 330 مل,Soft Drinks & Juices,بافاريا,330مل,1,,,,عبوة,مل
مايونيز من هيرمان، 236 جرام,"Sauces, Dressings & Condiments",هيرمان,236جرام,1,,,,عبوة,جرام
دسانى مياه 600م *20,Water,دسانى,600مل,20,,,,كرتونة,مل
Wadi Food Tomato Paste - 3Kg,"Tins, Jars & Packets",Wadi Food,3Kg,1,,,,علبة,Kg
باونتي شوكولاتة تندر بجوز الهند (2 × 28.5 جم) 57 جم,"Chocolates, Sweets & Desserts",باونتي,57جم,2,,,,عبوة,جم
Carrefour Apple Dishwashing Liquid - 675 ml,Cleaning Supplies,Carrefour,675 ml,1,,,,عبوة,ml
شيكولاتة كادبوري ديري ميلك بالأوريو - 95جم - عبوة من 12,"Chocolates, Sweets & Desserts",كادبوري,95جم,12,,,,عبوة,جم
بركه مياه معدنيه 600ML,Water,بركه,600مل,1,,,,زجاجة,مل
ميني باتيه سوسيس,Bakery,,,1,,,,كيس,
HANS INSTANT COFFEE GOLD 20G*6,"Tea, Coffee & Hot Drinks",HANS,20G,6,,,,علبة,G
Al-Ameed coffee light without cardamom 200 g ,"Tea, Coffee & Hot Drinks",Al-Ameed,200g,1,,,,عبوة,g
عصير مانجو سن توب,Soft Drinks & Juices,سن توب,,1,,,,زجاجة,
Milka Oreo Chocolate 100gm,"Chocolates, Sweets & Desserts",Milka,100gm,1,,,,عبوة,gm
المطبخ المصري مكرونه شعريه,"Rice, Pasta & Pulses",المطبخ المصري,,1,,,,كيس,
12*كلا سيك بسكويت  بالزبدة 85ج,Biscuits & Cakes,كلا سيك,85ج,12,,,,باكو,ج
جهينة زبادو توت ب 5.75 1 5.75,Dairy & Eggs,جهينة,,1,,5.75,5.75,زجاجة,
اولكر بسكريم دارك علبه 12 باكو,Biscuits & Cakes,اولكر,,12,,,,علبه,باكو
Lindt Excellence Dark Mint100g ,"Chocolates, Sweets & Desserts",Lindt,100gm,1,,,,عبوة,gm
FARAGELLO MINCED MEAT 750G,Beef & Processed Meat,FARAGELLO,750G,1,,,,عبوة,G
Small Mineral Water ,Water,,,1,,,,زجاجة,
"Trident Gum With Strawberry Sugar Free, 5 Pieces","Chocolates, Sweets & Desserts",Trident,,5,,,,عبوة,
Dasani Mineral Water,Water,Dasani,,1,,,,زجاجة,
دبابيس دجاج حلواني حارة - 700جم,Poultry,حلواني,700جرام,1,,,,عبوة,جرام
LOACKER CREME NOISETTE WAFER 21G,Biscuits & Cakes,LOACKER,21جم,1,,,,باكو,جم
صدور فراخ بالعظم,Poultry,,,1,,,,عبوة,
نسكافية نستلة كلاسيك1.8جم*25ظرف,"Tea, Coffee & Hot Drinks",نسكافية,,25,,,,عبوة,
فلوتس شوكلاته ساده 22.5,"Chocolates, Sweets & Desserts",فلوتس,22.5جم,1,,,,عبوة,جم
"Spinneys Big Rings Pasta, 350 Gm","Rice, Pasta & Pulses",Spinneys,350 Gm,1,,,,كيس,Gm
كبدة مستوردة بالوزن اسكندراني,Beef & Processed Meat,,,1,,,,عبوة,
اولكر بسكريم بسكو,Biscuits & Cakes,اولكر,,1,,,,,
بيك رولز بمكس جبن - 103جم - عبوة من 12,Chips & Crackers,بيك رولز,103جم,12,,,,كيس,جم
sm 1 cheetos,Chips & Crackers,cheetos,,1,,,,كيس,
عيش قرص باللبن الفلاحى شامى كبير,Bakery,,,1,,,,كيس,
شيخون بوليف,"Tins, Jars & Packets",شيخون,,1,,,,علبة,
soft Drink -Bistro,Soft Drinks & Juices,,,1,,,,زجاجة,
شكولاته طبخ ساده,"Chocolates, Sweets & Desserts",,,1,,,,عبوة,
رومى الهوارى كافيار  بالحروف,Poultry,,,1,,,,عبوة,
دومتي  بيور بسطرمة ,Beef & Processed Meat,دومتي,,1,,,,عبوة,
Heinz Tomato Paste - 360 gram,"Tins, Jars & Packets",Heinz ,360gram,1,,,,عبوة,gram
الادهم فلفل ابيض 30جم,Cooking Ingredients,الادهم,30جم,1,,,,عبوة,جم
Small Rings Pasta 1kg Single ,"Rice, Pasta & Pulses",,1kg,1,,,,كيس,kg
Meatland Beef Burger - 25 Pieces,Beef & Processed Meat,Meatland,,25,,,,عبوة,
Pepsi تلج دايت,Soft Drinks & Juices,Pepsi,,1,,,,زجاجة,
النسر للبلاستيك رول اكياس قمامه,Disposables & Napkins,النسر,,1,,,,بلاستيك,
"Barbican Pomegranate Malt Beverage, 250 Ml",Soft Drinks & Juices,Barbican,250مل,1,,,,زجاجة,مل
لمتنا مكرونة فرن - 400 جم,"Rice, Pasta & Pulses",لمتنا,400جم,1,,,,,جم
علبه بطاطس مايونيز,"Condiments, Dressings & Marinades",,,1,,,,علبه,
بسكويت كريكرز كوبايه 75جم ,Biscuits & Cakes,,75جم,1,,,,باكو,جم
منين جبنه وزن,Bakery,,,1,,,,كيس,
تبارك بصل اخضر Quantity,Vegetables & Fruits,تبارك,,1,,,,كيس,
بريد واى توست حليب 500جم,Bakery,بريد واى,500جم,1,,,,كيس,جم
برسيل جل بلاك 900م,Cleaning Supplies,برسيل,900م,1,,,,عبوة,م
CHIPSY FLAMING HOT LEMON 77G,Chips & Crackers,CHIPSY,77G,1,,,,كيس,G
Chefy Mix Shawarma Marinade - 300 gm,Cooking Ingredients,Chefy Mix,300Gm,1,,,,عبوة,Gm
سناكس 78-68جم رانشيتو,Chips & Crackers,رانشيتو,78-68ج,1,,,,كيس,ج
فول حدائق كاليفورنيا بالخلطة السعودية - 400 جم,"Tins, Jars & Packets",حدائق كاليفورنيا,400جم,1,,,,عبوة,جم
مياه 600 مل,Water,,600مل,1,,,,زجاجة,مل
نسكافيه كلاسيك 200جم+مج هديه,"Tea, Coffee & Hot Drinks",نسكافيه,200جم,1,,,,عبوة,جم
"Nestlé Sweetened Condensed Milk, 397 g ",Dairy & Eggs,Nestlé,397gm,1,,,,عبوة,gm
Tahabish Fresh Whole Green Olive 600g,"Tins, Jars & Packets",Tahabish ,600g,1,,,,عبوة,g
Excellence Lint dark chocolate 100 gm ,"Chocolates, Sweets & Desserts",Lint,100gm,1,,,,عبوة,gm
خبز ريتش بيك توست الرده 500ج,Bakery,ريتش بيك,500ج,1,,,,كيس,ج
رودس جبنه شيدر تتراباك 500جم,Dairy & Eggs,رودس,500جم,1,,,,عبوة,جم
رقائق شيبسي فلفل حلو تايجر,Chips & Crackers,تايجر,,1,,,,كيس,
5.0 مياه معدنيه صغيره 5.00 X 1,Water,,,1,,5,5,زجاجة,
خوخ-جولد خوخ جولد خوخ,Vegetables & Fruits,,,1,,,,عبوة,
عصير جوافه 200ملل بشاير,Soft Drinks & Juices,بشاير,200مل,1,,,,عبوة,مل
Bisco Misr Nice Coconut Biscuits - 4 Pieces,Biscuits & Cakes,Bisco Misr,,4,,,,باكو,
داريا أرز بسمتي ذهبي - 2كجم,"Rice, Pasta & Pulses",داريا,2كجم,1,,,,كيس,كجم
جلاكسى شيكولاتة سنيكرز+باونتى+تويكس 50 جرام +1تويك,"Chocolates, Sweets & Desserts",جلاكسى,50جم,1,,,,عبوة,جم
دايب بيبسى كانز كانز,Soft Drinks & Juices,بيبسي,,1,,,,كانز,
بشاير عصير 200مل,Soft Drinks & Juices,بشاير,200مل,1,,,,عبوة,مل
شيكولاته بالحليب عبوه 240 جرام - 12  قطعه,"Chocolates, Sweets & Desserts",,240جرام,12,,,,,جرام
6.00 3.00 طحينه 2.0,"Sauces, Dressings & Condiments",,,2,,3,6,عبوة,
daasani natural water carton 600 ml20,Water,daasani,600مل,20,,,,زجاجة,مل
مولتو مينى حجم الصحاب شوكولاته ,Bakery,مولتو,,1,,,,كيس,
 بستو فود زيت زيتون بذر الكتان الحار - 250 مل,Cooking Ingredients, بستو فود,250مل,1,,,,عبوة,مل
معجنات بالقرفة - 500 جم,Bakery,,500جم,1,,,,كيس,جم
جلاسى منظف,Cleaning Supplies,جلاسى,,1,,,,عبوة,
Rich Bake burger 240g ,Bakery,Rich Bake,240g,1,,,,كيس,g
80.00 L water Mineral 2,Water,,2L,1,,80,80,,L
Three Chefs Chicken Strips 800 gm,Poultry,Three Chefs,800gm,1,,,,عبوة,gm
بيض بني مغلف+ علبه زبادي,Dairy & Eggs,,,2,,,,علبه,
صلصة طماطم بالريحان 370 جم,"Tins, Jars & Packets",,370جم,1,,,,عبوة,جم
لواكر بالحليب 30جرام,Biscuits & Cakes,لواكر,30جرام,1,,,,باكو,جرام
CONO POPCORN HOT BBQ 22G,Chips & Crackers,CONO,22G,1,,,,كيس,G
الرفاعى طحينه 1كيلو,"Sauces, Dressings & Condiments",الرفاعى,1كيلو,1,,,,عبوة,كيلو
biscuit,Biscuits & Cakes,,,1,,,,باكو,
عصير خوخ نكتار من بارادايس، 24 قطعة، سعة 235 مل,Soft Drinks & Juices,بارادايس,235مل,24,,,,عبوة,مل
حلوانى حبش رومى مدخن وزن ,Poultry,حلوانى,,1,,,,عبوة,
طوميو صلصه طماطم,"Tins, Jars & Packets",,,1,,,,علبة,
"Juhayna Greek Yogurt, 5% Fat - 180 gm",Dairy & Eggs,Juhayna,180gm,1,,,,عبوة,gm
جهينه حليب كامل دسم,Dairy & Eggs,جهينه,,1,,,,علبة,
كرتونه مياه دسانى صغيره,Water,دسانى,,1,,,,زجاجة,
لمار مشروب جوافة - 200 مل 1 3.25 3.25,Soft Drinks & Juices,لمار,200مل,1,,3.25,3.25,عبوة,مل
Corona Dark Chocolate - 35  grams - 4 Pieces,"Chocolates, Sweets & Desserts",Corona,35جم,4,,,,عبوة,جم
بسكو مصر بسكويت شاي ماكس,Biscuits & Cakes,بسكو مصر,,1,,,,باكو,
بيلدج سائل الاسطح ,Cleaning Supplies,بيلدج,,1,,,,عبوة,
Persil Detergent 2 kg Lavender Offer,Cleaning Supplies,Persil,2 kg,1,,,,عبوة,kg
Twinkies Cream Cake - 1 Piece,Biscuits & Cakes,Twinkies,,1,,,,باكو,
فاكهيتا عصير جوافه 250م,Soft Drinks & Juices,فاكهيتا,250مل,1,,,,زجاجة,مل
فلفل هلابينو ,"Tins, Jars & Packets",,,1,,,,علبة,
اناناس كينيا 1 ق,Vegetables & Fruits,,,1,,,,عبوة,
العبد بيتي فور مميز,Bakery,العبد,,1,,,,كيس,
علبه مخصوص,"Rice, Pasta & Pulses",,,1,,,,علبه,
Original Mayonnaise - 236 Ml,"Sauces, Dressings & Condiments",,236Ml,1,,,,عبوة,Ml
Trapa Stevia Dark Chocolate Noir 50 % - 75gm,"Chocolates, Sweets & Desserts",Trapa,75جم,1,,,,عبوة,جم
جهينه مانجو 235م,Soft Drinks & Juices,جهينه,235مل,1,,,,عبوة,مل
فريش فارم هوت دوج بقري 1 كيلو،,Beef & Processed Meat,فريش فارم,1كيلو,1,,,,عبوة,كيلو
Americana Plain Fava Beans 400g ,"Tins, Jars & Packets",Americana ,400gm,1,,,,عبوة,gm
كيت كات ,"Chocolates, Sweets & Desserts",كيت كات ,,1,,,,عبوة,
small mineral water,Water,,,1,,,,زجاجة,
ديتول مطهر - 4 لتر,Cleaning Supplies,ديتول,4لتر,1,,,,عبوة,لتر
بطاطس بوم فريت هوم بوتيتو - 2.5 كجم,Vegetables & Fruits,هوم بوتيتو,2.5كجم,1,,,,عبوة,كجم
Three Chefs Singlez Liver Escalope 90 gm,Poultry,THREE CHEFS,90 gm,1,,,,,gm
هوت صوص 165جم هاينز,"Sauces, Dressings & Condiments",هاينز,165جم,1,,,,عبوة,جم
METCO ground meat 900 gm ,Beef & Processed Meat,METCO,900gm,1,,,,عبوة,gm
بيبسى كانز,Soft Drinks & Juices,بيبسي,,1,,,,كانز,
Kit Kat Chunky Chocolate Bar - 160 gram - 4 Packs,"Chocolates, Sweets & Desserts",Kit Kat,160g,4,,,,علبة,g
زيت عباد 750ملل,Cooking Ingredients,,750مل,1,,,,عبوة,مل
دومتي جبنه لايت 1 ك 1 0 26.00,Dairy & Eggs,دومتي,1ك,1,,26,26,علبة,ك
18.95 18.95 1 السوهاجي فاصوليا بيضاء 500 جم,"Rice, Pasta & Pulses",السوهاجي,,1,,,,كيس,
Watania Hot Chicken Burger 8pcs,Poultry,Watania,,8,,,,عبوة,
موكاتى كابتشينو جولد 12.5جم,"Tea, Coffee & Hot Drinks",موكاتى,12.5جم,1,,,,عبوة,جم
ميلكا فراولة 100جرام ,"Chocolates, Sweets & Desserts",ميلكا,100جم,1,,,,عبوة,جم
Doritos Sweet chill128 gm,Chips & Crackers,Doritos,128gm,1,,,,كيس,gm
Dili Natural Carob Drink - 1L,Soft Drinks & Juices,Dili,1L,1,,,,عبوة,L
أورينتال جاكر بطاطس بالخضار 160 جم,Chips & Crackers,أورينتال,160جم,1,,,,كيس,جم
هاينز مايونيز لايت 310جم,"Sauces, Dressings & Condiments",هاينز,310جم,1,,,,عبوة,جم
باساك شوربة دجاج بالكريمه 60 جم,"Tins, Jars & Packets",باساك ,60جم,1,,,,عبوة,جم
Marie biscuits mini ,Biscuits & Cakes,Marie,,1,,,,باكو,
تست بيور روستو بيف وزن,Beef & Processed Meat,تست,,1,,,,عبوة,
كيندر شوكولاته 21ج,"Chocolates, Sweets & Desserts",كيندر,21جم,1,,,,عبوة,جم
5 Minutes Cola Jelly - 65gm,"Chocolates, Sweets & Desserts",5 Minutes,,1,,,,عبوة,
لانشون بيف سادة من ريتش، 1 كجم,Beef & Processed Meat,ريتش،,1كجم,1,,,,عبوة,كجم
"Clorets Cinnamint Gum, 10 Pieces - Pack of 12","Chocolates, Sweets & Desserts",Clorets,,12,,,,عبوة,
سبرايت 300م كانز,Soft Drinks & Juices,سبرايت,300مل,1,,,,زجاجة,مل
لانشون لحم ميتلاند - 800جم,Beef & Processed Meat,ميتلاند,800جم,1,,,,عبوة,جم
ريد للحشرات الزاحفه,Cleaning Supplies,ريد,,1,,,,عبوة,
T 6.25 اكسترا لبان  ١٤ج,"Chocolates, Sweets & Desserts",اكسترا,14جم,1,,6.25,6.25,عبوة,جم
DOMTY BURGER CHEESE SANDWICH JUMBO,Bakery,DOMTY,,1,,,,عبوة,
فن داى كيك 50ج,Biscuits & Cakes,فن داى,50ج,1,,,,باكو,ج
موكاتا جولد كابتشينو فانيليا - 12.5جم,"Tea, Coffee & Hot Drinks",موكاتا,12.5جم,1,,,,عبوة,جم
صن شاين تونة ق و س ٢٠٠ 25.95 3 77.85,"Tins, Jars & Packets",صن شاين,,3,,25.95,77.85,علبة,
ريتش بيك خبز توست حبوب متنوعه,Bakery,ريتش بيك,,1,,,,كيس,
Bisco Misr Petit Four 1 k,Bakery,Bisco Misr,1 k,1,,,,عبوة,k
عصير توت مشكل فاخر جهية ,Soft Drinks & Juices,جهية,,1,,,,زجاجة,
"Nestlé Pure Fizz Sparkling Water Lemon Flavor, 360ml",Water,Nestlé,360ml,1,,,,زجاجة,ml
جهينه زبادى 180ج ,Dairy & Eggs,جهينه,180جم,1,,,,عبوة,جم
فيجيتار حار  فاين فودز ,Cooking Ingredients,فاين فودز,,1,,,,عبوة,
فن داى مافن كيك شكولاته 32,Biscuits & Cakes,فن داى,32ج,1,,,,باكو,ج
علبه مخلل,"Tins, Jars & Packets",,,1,,,,علبه,
كوكاكولا لتر,Soft Drinks & Juices,كوكاكولا,,1,,,,زجاجة,
ارز المطبخ – 5كيلو,"Rice, Pasta & Pulses",المطبخ,5كيلو,1,,,,كيس,كيلو
كبده اسكندرانى فرنساوى ,Beef & Processed Meat,,,1,,,,عبوة,
puffitos Snacks With Cheese ,Chips & Crackers,puffitos,,1,,,,كيس,
Breadway Multigrain Toast - 500g ,Bakery,Breadway,500g,1,,,,عبوة,g
1 عيش بلدى عادى كبير 1.00 8.00 8.00,Bakery,,,1,,8,8,كيس,
كمقرى 750جم الشربتلى,Vegetables & Fruits,الشربتلى,750جم,1,,,,كيس,جم
سراى فلفل كوين اخضر فاخر 500جم تقريبا,Vegetables & Fruits,سراى,500جم,1,,,,كيس,جم
بريل مزيل دهون 600مل,Cleaning Supplies,بريل,600مل,1,,,,عبوة,مل
ح ك الدسم 200م لمار,Dairy & Eggs,لمار,200مل,1,,,,عبوة,مل
"Isis Anise, pack of 20 pieces","Tea, Coffee & Hot Drinks",Isis,,20,,,,علبة,
سفن اب زجاجة 400 مل,Soft Drinks & Juices,سفن اب,400مل,1,,,,زجاجة,مل
زبده طبيعي هولندي1 ك,Cooking Ingredients,هولندي,1ك,1,,,,,ك
لمار عصير 1لتر  انواع ,Soft Drinks & Juices,لمار,1لتر,1,,,,زجاجة,لتر
جبنة رومي بطارخ وزن,Dairy & Eggs,,,1,,,,زجاجة,
El Matbakh Brown Lentils 350g,"Rice, Pasta & Pulses",El Matbakh,350g,1,,,,كيس,g
ح.موز 200 مل لمار,Dairy & Eggs,لمار,200مل,1,,,,عبوة,مل
ايطالايانو مكرونه صدفه,"Rice, Pasta & Pulses",ايطاليانو,,1,,,,,
Green Harrisa Moroccan Sauce - 180 Grams,"Sauces, Dressings & Condiments",,180Grams,1,,,,عبوة,Grams
Three Chefs Chicken Pane - 1 kg,Poultry,Three Chefs,1kg,1,,,,عبوة,kg
جهينة مشروب بريمى ,Soft Drinks & Juices,جهينة,,1,,,,زجاجة,
طعمه نكتار جوافه 225 مل,Soft Drinks & Juices,طعمه,225مل,1,,,,زجاجة,مل
Mister Potato Crisps Hot &amp; Spicy 160g,Chips & Crackers,Mister Potato Crisps,160g,1,,,,كيس,g
جنزبيل ناعم حصى بالوزن,Cooking Ingredients,,,1,,,,عبوة,
Heinz BBQ Sauce 200g ,"Sauces, Dressings & Condiments",Heinz,200g,1,,,,عبوة,g
Flutes Chocolates - 45 Gm - 4 Fingers,"Chocolates, Sweets & Desserts",Flutes,45Gm,1,,,,عبوة,Gm
Danone Tasty Mango Yogurt 120gm,Dairy & Eggs,Danone,120gm,1,,,,عبوة,gm
رويال جنزبيل 12ف,"Tea, Coffee & Hot Drinks",رويال,,12,,,,عبوة,
نسله مياه صغيره 600مل ك 20,Water,نسله,600مل,20,,,,زجاجة,مل
كرستال عباد زيت دوار 1.6 لتر,Cooking Ingredients,كريستال,1.6لتر,1,,,,,لتر
بيبسى كانز,Soft Drinks & Juices,بيبسي,,1,,,,كانز,
Taste Luncheon Beef kg,Beef & Processed Meat,Taste,kg,1,,,,عبوة,kg
كريستال سمن نباتى صفراء، 1.5 كيلو,Cooking Ingredients,كريستال,1.5كيلو,1,,,,,كيلو
 MAZOLA GARLIC MAYONNAISE 340 M ,"Sauces, Dressings & Condiments",MAZOLA,340m,1,,,,عبوة,m
صن شاين تونه قطعه واحده س*ف 200,"Tins, Jars & Packets",صن شاين,200جم,1,,,,علبة,جم
خوخ بلدي 0.235 35 8.22,Soft Drinks & Juices,,235مل,1,,,,عبوة,مل
هاينز مايونيز عادى 310جم,"Sauces, Dressings & Condiments",هاينز,310جم,1,,,,عبوة,جم
casear sauce,"Sauces, Dressings & Condiments",casear,,1,,,,عبوة,
برسيل 2.5ك  عرض,Cleaning Supplies,برسيل,2.5ك,1,,,,عبوة,ك
شويبس برتقال 1 لتر 9.95  1 0.00 9.95 ,Soft Drinks & Juices,شويبس,1لتر,1,,9.95,9.95,عبوة,لتر
ميلكه ويفر ,Biscuits & Cakes,ميلكه,,1,,,,باكو,
الخير ملح 1كجم ,Cooking Ingredients,الخير,1كجم,1,,,,عبوة,كجم
Elvan Goldies Cream Cake - 12 Pieces,Biscuits & Cakes,Elvan,,12,,,,باكو,
شيكولاته تيفانى سنكرز كوكيز ,Biscuits & Cakes,تيفانى,,1,,,,باكو,
العبد فوليه صغير,Bakery,العبد,,1,,,,كيس,
مياه معدنهي اكوا فينا 1.5لتر,Water,اكوا فينا,1.5لتر,1,,,,زجاجة,لتر
الرشيدى الاصلى  طحينه  135جم,"Sauces, Dressings & Condiments",الرشيدى الاصلى,135جم,1,,,,عبوة,جم
Apple Red Italy 1kg,Vegetables & Fruits,,1kg,1,,,,كيس,kg
FREYMAS SNACKS CHE.&amp;ONION75G ,Chips & Crackers,FREYMAS,75G,1,,,,كيس,G
برسيل 5 كجم لافندر+بر,Cleaning Supplies,برسيل,5كجم,1,,,,عبوة,كجم
Funday Fun Bite Biscuit With Chocolate Cream 40g,Biscuits & Cakes,Funday,40g,1,,,,باكو,g
ELLEHEIMY CHICKEN MARINATED 1KG,Poultry,ELLEHEIMY,1KG,1,,,,عبوة,KG
Chocolate Cake Large 1pc,Biscuits & Cakes,,,1,,,,باكو,
مخلل مشكل سويت لايف 340 جم,"Tins, Jars & Packets",سويت لايف ,340جم,1,,,,عبوة,جم
رجينا مكرونه ودعه 400جم,"Rice, Pasta & Pulses",رجينا,400جم,1,,,,كيس,جم
Imtenan Tumeric Powder - 100 gram,Cooking Ingredients,Imtenan,100gm,1,,,,عبوة,gm
ريتش بيك توست مال,Bakery,ريتش بيك,,1,,,,كيس,
الرويدا موز مستورد,Vegetables & Fruits,الرويدا,,1,,,,عبوة,
29.970 9.99 3 water Mineral,Water,,,3,,9.99,29.97,زجاجة,
عصير بيتى 235مل,Soft Drinks & Juices,بيتى,235مل,1,,,,عبوة,مل
6.00 600ml Aquafina Water,Water,Aquafina,600ml,1,,6,6,زجاجة,ml
حلواني معمول بالعجوة - 50جم,Bakery,حلواني,50جم,1,,,,كيس,جم
شيبسي فورنو 50جم طماطم,Chips & Crackers,شيبسي فورنو,50جم,1,,,,كيس,جم
Wimzy Cone Oreo - 105ml,"Chocolates, Sweets & Desserts",Wimzy,105ml,1,,,,عبوة,ml
كوكاكولا كانز,Soft Drinks & Juices,كوكاكولا,,1,,,,كانز,
مكرونه شعيريه الملكه,"Rice, Pasta & Pulses",الملكه,,1,,,,كيس,
Giardino Tomato Paste - 360 gram,"Tins, Jars & Packets",Giardino ,360gram,1,,,,عبوة,gram
هاينز هوت صوص 185 جرام ,"Sauces, Dressings & Condiments",هاينز,185جم,1,,,,علبة,جم
جبنه كيري مكس,Dairy & Eggs,كيري,,1,,,,عبوة,
ديليكانيسى شرائح لسان بقرى مدخن 150جم	,Beef & Processed Meat,ديليكانيسى,150جم,1,,,,عبوة,جم
منترا طبق حوض بلاستيك الوان,Furniture,منترا,,1,,,,بلاستيك,الوان
بيبسى 330مل كانز,Soft Drinks & Juices,بيبسى,330مل,1,,,,زجاجة,مل
MACKINTOSH&#39;S ASSORTED CHOCOLATE200G,"Chocolates, Sweets & Desserts",MACKINTOSH&#39;S,200gm,1,,,,عبوة,gm
مزيل دهون امريكى,Cleaning Supplies,,,1,,,,عبوة,
اكسترا لبان نعناع، 10 قطع,"Chocolates, Sweets & Desserts",اكسترا,,10,,,,عبوة,
بسكويت دايجستيف 250جم,Biscuits & Cakes,دايجستيف,250جم,1,,,,عبوة,جم
Dairy Milk Oreo Chocolate Bar - 38gm -12 Packs,"Chocolates, Sweets & Desserts",Dairy Milk,38gm,12,,,,عبوة,gm
قهوة بكراميل 3*1 نسكافية ,"Tea, Coffee & Hot Drinks",نسكافية,,1,,,,كيس,
كتاكيتو شمعدان علبة 12 ق ,Biscuits & Cakes,كتاكيتو شمعدان,,12,,,,باكو,
رقائق التورتيلا توستيتوس كريسبي راوندز,Chips & Crackers,توستيتوس,,1,,,,كيس,
Classic Dishwasher Detergent Tablets – Lemon – 30 Tablets,Cleaning Supplies,,,30,,,,عبوة,
Barbican Peach Drink 250 ml,Soft Drinks & Juices,Barbican,250مل,1,,,,زجاجة,مل
ملفوف محلي 1 قطعة,Vegetables & Fruits,,,1,,,,عبوة,
24.00 x3 8.00 مياه معدنيه,Water,,,3,,8,24,زجاجة,
Black Lentils 500g Approx. Weight,"Rice, Pasta & Pulses",,500g,1,,,,كيس,g
جود داي بسكويت بقطع المكسرات 32جم,Biscuits & Cakes,جود داي,32جم,1,,,,عبوة,جم
American Garden Original BBQ Sauce - 510ml,"Sauces, Dressings & Condiments",American Garden,510ml,1,,,,عبوة,ml
CORONA HOT CHOCO CINNAMON 3*1 1P,"Chocolates, Sweets & Desserts",CORONA,,1,,,,عبوة,
Beyti juice 235ml assorted,Soft Drinks & Juices,Beyti,235مل,1,,,,عبوة,مل
جزر فريش سايب بالوزن,Vegetables & Fruits,,,1,,,,كيس,
Shamadan Elshabah Wafer Green - 12 Pieces,Biscuits & Cakes,Shamadan Elshabah,,12,,,,باكو,
بيبسى كانز,Soft Drinks & Juices,بيبسي,,1,,,,كانز,
Juhayna Vegan Coconut Milk - 1 Liter,Dairy & Eggs,Juhayna,1L,1,,,,عبوة,L
Queen Small Ring Pasta - 350 grams,"Rice, Pasta & Pulses",Queen,350 grams,1,,,,كيس,grams
بطاطس بالطماطم من تايجر - 78جم,Chips & Crackers,تايجر,78جم,1,,,,كيس,جم
Seafood Seasoning Spices For Frying – 200 Gm,Cooking Ingredients,,200gm,1,,,,عبوة,gm
زيتون كلاماتا يون ,"Tins, Jars & Packets",,,1,,,,علبة,
علبه سلطه بادى,Bakery,,,1,,,,علبه,
انكور زبدة غير مملحة 200 جم	,Cooking Ingredients,انكور,200جم,1,,,,عبوة,جم
تشيزى صوص,"Sauces, Dressings & Condiments",,,1,,,,عبوة,
Star Spaghetti Pasta - 1 kg,"Rice, Pasta & Pulses",Star,1 kg,1,,,,كيس,kg
Nonslip Handle Electrostatic Mini Lint Removal,Cleaning Supplies,,,1,,,,عبوة,
LE* 6.00 1 LE 6.00 600 Water Dasani,Water,Dasani,600ML,1,,6,6,زجاجة,ML
Lazah Extra Okra - 400 Gram,Vegetables & Fruits,Lazah,400gm,1,,,,كيس,gm
ثري شفس بيف برجر، 1 كيلو,Beef & Processed Meat,ثرى شيفس,1كيلو,1,,,,عبوة,كيلو
فول مدشوش ,"Rice, Pasta & Pulses",,,1,,,,كيس,
باب الشام كركم 45 جم,Cooking Ingredients,باب الشام,45جم,1,,,,عبوة,جم
اليمنى بن ساده فاتح، 200 جرام,"Tea, Coffee & Hot Drinks",اليمنى,200جم,1,,,,عبوة,جم
S Water 1,Water,,,1,,,,زجاجة,
Ludwik dishwasher lemon concen ,Cleaning Supplies,Ludwik,,1,,,,عبوة,
كلاس ايه وافل بالكراميل,Biscuits & Cakes,كلاس ايه,,1,,,,باكو,
Biscuit Sauce - 1000 Ml,"Sauces, Dressings & Condiments",,1000ML,1,,,,عبوة,ML
Modi Apple 1kg,Vegetables & Fruits,Modi,1kg,1,,,,كيس,kg
KITKAT 2F FLAVORS MINI MIX 197.4G,"Chocolates, Sweets & Desserts",KITKAT,197.4g,1,,,,عبوة,g
شاورما فراخ متبله ,Poultry,,,1,,,,عبوة,
جنرال,Cleaning Supplies,جنرال,,1,,,,عبوة,
ماكفيتيز بسكويت دايجستف 250جم,Biscuits & Cakes,ماكفيتيز,250جم,1,,,,عبوة,جم
ميكسى مقرمشات مشكل بطعم جبنة 85 جم,Chips & Crackers,ميكسى,85جم,1,,,,أكياس,جم
CHIPSY FLAMING HOT 77G,Chips & Crackers,CHIPSY,77g,1,,,,كيس,g
دافيدوف قهوة غنية بالنكهة 100جم,"Tea, Coffee & Hot Drinks",دافيدوف,100جم,1,,,,عبوة,جم
امريكانا فول ساده 400 جم 3 ق خصم 10%,"Tins, Jars & Packets",امريكانا ,400جم,1,,,,عبوة,جم
اطياب استربس دجاج ٤٠٠جم 1 46.95,Poultry,اطياب,400جم,1,,46.95,46.95,عبوة,جم
لحيمي لانشون بسطرم,Beef & Processed Meat,لحيمي,,1,,,,عبوة,
68.01 مفروم يقرى,Beef & Processed Meat,,,1,,68.01,68.01,عبوة,
دبابيس دجاج كوكي كرانشي حارة - 700 جرام,Poultry,كوكي,700جرام,1,,,,عبوة,جرام
دبس الرومان 350مل العراب,"Sauces, Dressings & Condiments",العراب,350مل,1,,,,عبوة,مل
رو بطاطس جوز مدخن 43-50جم,Chips & Crackers,رو,43-50جم,1,,,,كيس,جم
Washing Machine Cleaner Deep Cleaning - 30 PCS,Cleaning Supplies,,,30,,,,عبوة,
عرض كاتشب حار 340جرام+كاتشب بارد 340ج شيفى ميكس,"Sauces, Dressings & Condiments",شيفى ميكس,340+340جم,1,,,,عبوة,جم
المتحدة وراك مجمد 900جم,Poultry,المتحدة,900جم,1,,,,عبوة,جم
توم بودره,Cooking Ingredients,,,1,,,,عبوة,
ملوخيه وزن,Vegetables & Fruits,,,1,,,,,
President Full Cream Processed Spread Cheese With Cream - 900 gm,Dairy & Eggs,President,900gm,1,,,,عبوة,gm
مونتانا خضار مشكل، 400 جرام,Vegetables & Fruits,مونتانا,400جم,1,,,,عبوة,جم
Italiano Pasta Oven 1kg ,"Rice, Pasta & Pulses",Italiano,1kg,1,,,,كيس,kg
كمثرى لبناني 1 كجم ,Vegetables & Fruits,,1كجم,1,,,,عبوة,كجم
شيبسي ليون بالكباب 42-52 جرام,Chips & Crackers,شيبسي,42-52جرام,1,,,,أكياس,جرام
بخيره لبن كامل الدسم 500مل ,Dairy & Eggs,بخيره,500جم,1,,,,عبوة,جم
15.50 15.50 1 جهينه حليب 1 لتر,Dairy & Eggs,جهينه,1ل,1,,15.5,15.5,عبوة,ل
عيش سمسم,Bakery,,,1,,,,كيس,
بصل ابيض 600 جرام,Vegetables & Fruits,,600جرام,1,,,,عبوة,جرام
سنيكرز شيكولاته 80جم توباك,"Chocolates, Sweets & Desserts",سنيكرز,80جم,1,,,,كيس,جم
"Halwani Crunchy Chicken Strips Spicy, 1 Kg",Poultry,Halwani,1Kg,1,,,,عبوة,Kg
علبه كريمه المراعى,Dairy & Eggs,المراعي,,1,,,,علبه,
بسكويت كيت كات برومو ,Biscuits & Cakes,كيت كات,,1,,,,باكو,
جبنة فيتا طعمة ميلك - 250 جم,Dairy & Eggs,طعمة,250جم,1,,,,عبوة,جم
زيت خليط هنادي - 0.7 لتر,Cooking Ingredients,هنادي,0.7لتر,1,,,,عبوة,لتر
اكزافينا مياه معدنيه,Water,اكزافينا,,1,,,,زجاجة,
خل العنب الأبيض - 500 مل,"Sauces, Dressings & Condiments",,500مل,1,,,,عبوة,مل
زيت زيتون عضوي بكر ممتاز Terra Delyssa 250 مل,Cooking Ingredients,Terra Delyssa,250مل,1,,,,عبوة,مل
كوكي دبابيس كرنشي حار، 700 جرام,Poultry,كوكي,700جرام,1,,,,عبوة,جرام
فيليدا : غيار مكنسة سكوبا للمنزل,Cleaning Supplies,فيليدا,,1,,,,عبوة,
برافو رقائق بطاطس شيبسى بالجبن ,Chips & Crackers,برافو,,1,,,,كيس,
المراد أرز مصرى 1 كيلو 1 17.75 17.75,"Rice, Pasta & Pulses",المراد,1كيلو,1,,17.75,17.75,كيس,كيلو
مياه نستله 600ملل,Water,نستله,600مل,1,,,,زجاجة,مل
كارفور جبنة 910ج,Dairy & Eggs,كارفور,910ج,1,,,,عبوة,ج
نستله بلاستيك جي ام بي,Mobile & Tablets,نستله,,1,,,,بلاستيك,
مفروم لحم بقري بلدي صافي - بالكيلو,Beef & Processed Meat,,كيلو,1,,,,عبوة,كيلو
تايجر شيبسي بالجبنة المتبلة 200 جم,Chips & Crackers,تايجر,200جم,1,,,,كيس,جم
Balaika Organic Bananas - By Weight,Vegetables & Fruits,Balaika,,1,,,,كيس,
جالون 5 مياه بيور لايف ,Water,بيور لايف,5لتر,1,,,,زجاجة,لتر
داونى فالى ديو 3لتر,Cleaning Supplies,داونى,3لتر,1,,,,عبوة,لتر
اورينت ورق عنب ساده 450 جم,Vegetables & Fruits,اورينت,450جم,1,,,,عبوة,جم
لوكس  سوبر بسكويت  ساده ,Biscuits & Cakes,لوكس,,1,,,,باكو,
زتون كلاماتا دولسى جامبو وزن,"Tins, Jars & Packets",,,1,,,,علبة,
م1+حليب بالفراوله 5 المراعى,Dairy & Eggs,المراعى,,6,,,,عبوة,
ميرندا تفاح اخضر كانز 330 مل,Soft Drinks & Juices,ميرندا,330مل,1,,,,كانز,مل
ابوقوس حليب مكثف 397جم,Dairy & Eggs,ابوقوس,397جم,1,,,,عبوة,جم
شويبس ليمون نعناع كانز 330 مل,Soft Drinks & Juices,شويبس,330مل,1,,,,زجاجة,مل
جهينه عصير تفاح كلاسيك 235مل,Soft Drinks & Juices,جهينه,235مل,1,,,,عبوة,مل
الضحى ارز مصرى 1كجم,"Rice, Pasta & Pulses",الضحى,1كجم,1,,,,كيس,كجم
Olitalia Olive Pomace Oil 500ml,Cooking Ingredients,Olitalia,500ml,1,,,,عبوة,ml
اطياب اوراك الدجاج المقلية 800 جم,Poultry,اطياب,800جم,1,,,,عبوة,جم
Black Tea With Honey & Ginger Flavour - 20 TB,"Tea, Coffee & Hot Drinks",,,20,,,,علبة,
توست ردة,Bakery,,,1,,,,كيس,
ملح ابيض ناعم توب فاليو,Cooking Ingredients,توب فاليو,,1,,,,عبوة,
الوطنيه ناجتس عادى 1كجم,Poultry,الوطنيه,1كجم,1,,,,عبوة,كجم
ديسك اطفال بلاستيك بحامل كوب باشكال ,Furniture,,,1,,,,بلاستيك,
Farmers Sweet Corn 400 g,"Tins, Jars & Packets",Farmers,400g,1,,,,,g
روييال اعشاب ليمونو كمون 25 كيس,"Tea, Coffee & Hot Drinks",روييال,,25,,,,كيس,
Rich turkey lobe,Poultry,Rich,,1,,,,عبوة,
مياه طبيعيه حياة ٦٠٠مل,Water,حياة,600مل,1,,,,زجاجة,مل
Americana Plan Foul - 400 Gram - 2 Pieces,"Tins, Jars & Packets",Americana ,400Gm,2,,,,علبة,Gm
Baraka Pure Water 20 x 600ml,Water,Baraka,600ml,20,,,,زجاجة,ml
23.90 11.95 2 لاكتيل لبن كامل الدسم 1لتر,Dairy & Eggs,لاكتيل,1لتر,1,,,,عبوة,لتر
"Spinneys Big Rings Pasta, 350 Gm","Rice, Pasta & Pulses",Spinneys,350 Gm,1,,,,كيس,Gm
5.00 x1 5.00 مياة معدنية,Water,,,1,,5,5,زجاجة,
روجينا مكرونه 400ج,"Rice, Pasta & Pulses",روجينا,400ج,1,,,,كيس,ج
Koki Crunchy Chicken Legs Meal With Fries - 8 Count,Poultry,Koki,,8,,,,عبوة,
"Red Bull Energy Drink-Pack-4, 250 Ml*4",Soft Drinks & Juices,Red Bull,250مل,4,,,,زجاجة,مل
Youmi Italian Salad Pickles 500g,"Tins, Jars & Packets",Youmi ,500gm,1,,,,عبوة,gm
روز جاردن كلور ابيض 1لتر 2ق,Cleaning Supplies,روز جاردن,1لتر,2,,,,عبوة,لتر
علبه فول حار,"Tins, Jars & Packets",,,1,,,,علبه,
وادي فود زيت زيتون بكر ممتاز 250 مل + خل 2 × 250 مل,"Sauces, Dressings & Condiments",وادي فود,250مل,3,,,,عبوة,مل
جالون مياه,Water,,,1,,,,عبوة,
Americana Peas & Carrots 400g,Vegetables & Fruits,Americana,400gm,1,,,,كيس,gm
صوص باربيكيو - 250 مل,"Sauces, Dressings & Condiments",,250مل,1,,,,عبوة,مل
بيف برجر من ميتلاند - 25 قطعة,Beef & Processed Meat,ميتلاند,,25,,,,عبوة,
15.95 خبز فينو طويل 10 ق,Bakery,,,10,,15.95,15.95,كيس,
مكرونة فرن من رويال - 400 جم,"Rice, Pasta & Pulses",رويال,400جم,1,,,,,جم
الضحى مكرونة مرمرية 400 جم,"Rice, Pasta & Pulses",الضحى,400جم,1,,,,كيس,جم
جهينة كلاسيك تفاح وكمثرى 3.95 1 3.95,Soft Drinks & Juices,جهينة,,1,,3.95,3.95,عبوة,
بسطرمه بالثوم,Beef & Processed Meat,,,1,,,,عبوة,
Biscato Spice Ginger & Cinnamon Biscuits 12pcs,Biscuits & Cakes,Biscato,,12,,,,باكو,
تانك زجاجه مياه,Furniture,تانك,,1,,,,زجاجه,
Lactel Natural Yoghurt 105g 1+5,Dairy & Eggs,Lactel,105gm,6,,,,عبوة,gm
حواء مكرونة شعرية 400 جم,"Rice, Pasta & Pulses",حواء,400ج,1,,,,كيس,ج
راني عصير اناناس حبيبات كانز,Soft Drinks & Juices,راني,,1,,,,كانز,
بيبسي كانز 330 ملي,Soft Drinks & Juices,بيبسي,330ملي,1,,,,كانز,ملي
المشرق دوبيلاذبده فول,"Tins, Jars & Packets",دوبيلا,,1,,,,علبة,
اطياب كفتة بقرى 350 جم,Beef & Processed Meat,اطياب,350جم,1,,,,عبوة,جم
CocaCola Large 1,Soft Drinks & Juices,CocaCola,,1,,,,عبوة,
شيبسى كرانشى رقائق,Chips & Crackers,شيبسى كرانشى,,1,,,,كيس,
ليبتون 25فتله توليفه جديده,"Tea, Coffee & Hot Drinks",ليبتون,,25,,,,عبوة,
Givrex Molokhia Minced 400Gr ,Vegetables & Fruits,Givrex,400gm,1,,,,كيس,gm
مانجو زبديه فاخر,Vegetables & Fruits,,,1,,,,كيس,
مياه طبيعيه حياه 600مل,Water,حياه,600مل,1,,,,زجاجة,مل
مكرونه ريجينا 1/2,"Rice, Pasta & Pulses",ريجينا,,1,,,,كيس,
سافكو سردين في زيت دوار الشمس 120 جم,"Tins, Jars & Packets",سافكو,120جرام,1,,,,عبوة,جرام
THREE CHEFS CHICKEN SPICY 12+FRIES,Poultry,THREE CHEFS,,13,,,,عبوة,
RIO Maer Tuna in,"Tins, Jars & Packets",RIO Maer,,1,,,,علبة,
Carrefour Light Meat Tuna Chunks In Sunflower Oil - 185 Gram  - 3 Pieces,"Tins, Jars & Packets",Carrefour ,185جم,1,,,,علبة,جم
بوريو بسكويت 6قطع ,Biscuits & Cakes,بوريو,,6,,,,باكو,
زبادي المالكي صغير,Dairy & Eggs,المالكي,,1,,,,عبوة,
عصير جزر وبرتقال,Soft Drinks & Juices,,,1,,,,زجاجة,
بيبسى كانز 355 مل,Soft Drinks & Juices,بيبسي,355مل,1,,,,كانز,مل
بيبسى ١ لتر 9.75 2 19.50,Soft Drinks & Juices,بيبسى,1لتر,2,,9.75,19.5,عبوة,لتر
موسي مشروب شعير غير كحولي بنكهة الخوخ 330 مل,Soft Drinks & Juices,موسي,330مل,1,,,,عبوة,مل
كوكاكولا كانز,Soft Drinks & Juices,كوكاكولا,,1,,,,كانز,
دساني مياة معدنية ٣٣٠مل 3 7.95,Water,دساني,330مل,1,,7.95,7.95,زجاجة,مل
المراعى يو جو مشروب زبادى بطعم الخوخ، 440 مللى،,Dairy & Eggs,المراعى,440مللي,1,,,,عبوة,مللي
بونجورنو كابتشينو ,"Tea, Coffee & Hot Drinks",بونجورنو,,1,,,,علبة,
دانون دانيت شوكلاته 70 جم 1*6,Dairy & Eggs,دانون,70جم,1,,,,عبوة,جم
 زاهر ديزيرت مولتن كيك نوتيلا وايت,Biscuits & Cakes,زاهر,,1,,,,باكو,
chtaura sambousek sheets 350gm ,Bakery,chtaura,350gm,1,,,,عبوة,gm
ديتوال سائل منظف اسطح ٥٠٠ مل ٢٥ ق ٢٥  % خصم,Cleaning Supplies,ديتوال,500مل,25,,,,,مل
مكرونة فيوزيللي من مصرية - 350 جم,"Rice, Pasta & Pulses",مصرية,350جم,1,,,,كيس,جم
Green Land Feta Cheese With Olives - 500 gm,Dairy & Eggs,Green Land,500gm,1,,,,عبوة,gm
كورونا بيمبو جولد 37 جم,"Chocolates, Sweets & Desserts",كورونا,37جم,1,,,,عبوة,جم
علبه لارج,Biscuits & Cakes,,,1,لارج,,,علبه,لارج
جبنة غمس وقرمش لافاش كيري - 8 قطع,Dairy & Eggs,لافاش كيري,,8,,,,عبوة,
مياه طبيعية صافي، 1.5 لتر - 12 عبوة,Water,صافي،,1.5لتر,12,,,,عبوة,لتر
دانون زبادي لايت ، 6 قطع*105 جرام,Dairy & Eggs,دانون,105gm,6,,,,عبوة,gm
اوريو بسكويت 76ج,Biscuits & Cakes,اوريو,76ج,1,,,,باكو,ج
إكس لارج مظف ومعطرالأرضيات . برائحة البنفسج  - 2 لتر,Cleaning Supplies,,2لتر,1,,,,,لتر
MEMORIES JOY VANILLA WAFERS 25G,Biscuits & Cakes,MEMORIES,25g,1,,,,باكو,g
كانز ,Soft Drinks & Juices,,,1,,,,كانز,
تودو بومب 8 علبه*8 ,Biscuits & Cakes,تودو,,8,,,,علبه,
فورنو شيبس طماطم,Chips & Crackers,فورنو,,1,,,,كيس,
Tvnelite cookies cream protin,Biscuits & Cakes,Tvnelite,,1,,,,باكو,
Durra Pickled Grape Leaves 1kg,"Tins, Jars & Packets",Durra ,1kg,1,,,,عبوة,kg
نشانجر ساندوتش + بطاطس كبيره + شيبس كانز,Chips & crackers,بيبسي,,3,,,,كانز,
ديلى عصير مانجو,Soft Drinks & Juices,ديلى,,1,,,,زجاجة,
Spaghetti Pasta - 1kg,"Rice, Pasta & Pulses",,1kg,1,,,,كيس,kg
ميرو لبن علبه كرتون 300 جم,Dairy & Eggs,ميرو,300جم,1,,,,علبه,جم
Aldoha Rice 5K,"Rice, Pasta & Pulses",Aldoha,5k,1,,,,كيس,k
اللحينمى لانشون بقطع البسطرمه,Beef & Processed Meat,اللحينمى,,1,,,,عبوة,
شاى اسود خرز ميرى شاى ,"Tea, Coffee & Hot Drinks",ميرى شاى,,1,,,,كيس,
علبة باتون سالية سكر وقرفة,Sugar & Home Baking,,,1,,,,علبة,
خلطه مشاوى دجاج من ماجى 40جم,Cooking Ingredients,ماجى,40جم,1,,,,عبوة,جم
بركه مياه طبيعيه 0.6لتر,Water,بركه,0.6لتر,1,,,,زجاجة,لتر
على كافيه كابتشينو بالرغوه ,"Tea, Coffee & Hot Drinks",على كافيه,,1,,,,كيس,
العمده فول مدمس ساده 300 جم,"Tins, Jars & Packets",العمده ,300جم,1,,,,عبوة,جم
LE* 6.00 1 LE 6.00 600 Water Dasani,Water,Dasani,600ML,1,,6,6,زجاجة,ML
لاكتيل حليب كامل الدسم 1 لتر,Dairy & Eggs,لاكتيل,1لتر,1,,,,علبة,لتر
اكوا فينا مياه معدنيه 1.5لتر,Water,اكوا فينا,1.5لتر,1,,,,زجاجة,لتر
علبه مخلل,"Tins, Jars & Packets",,,1,,,,علبه,
كانز كولا,Soft Drinks & Juices,كولا,,1,,,,كانز,
فوس مياه فواره زجاج 800 مل,Water,فوس,800مل,1,,,,زجاج,مل
نستلة جالون مياة غيار,Water,نستلة,,1,,,,زجاجة,
Basmati Regular 500g,"Rice, Pasta & Pulses",,500g,1,,,,كيس,g
حليب المراعي كامل الدسم، 1 لتر - 6 عبوات,Dairy & Eggs,المراعي,1لتر,6,,,,علبة,لتر
الاطيب ارز مصري 1ك	,"Rice, Pasta & Pulses",الاطيب,1ك,1,,,,كيس,ك
Rich Egypt Chicken Pane 400g,Poultry,Rich,400g,1,,,,عبوة,g
هاينز هوت صوص 165جرام,"Sauces, Dressings & Condiments",هاينز,165جم,1,,,,عبوة,جم
زبده لورباك 400جم,Cooking Ingredients,لورباك,400جم,1,,,,عبوة,جم
Lulu Brown Burger Bun 4pcs,Bakery,Lulu,,4,,,,عبوة,
السنبلة بيتزا كراست صغير 220 جم,Bakery,السنبلة,220جم,1,,,,كيس,جم
daria sweet kernel corn 425gm ,"Tins, Jars & Packets",daria ,425gm,1,,,,عبوة,gm
نستله بيور لايف مياه 600 مللي كرتونه 2,Water,نستله,600مللي,2,,,,كرتونة,مللي
الطاهيه ذره 340ج,"Tins, Jars & Packets",الطاهيه,340جم,1,,,,علبة,جم
ميرندا برتقال زجاج 970مل,Soft Drinks & Juices,ميرندا,970مل,1,,,,زجاجة,مل
برينجلز كريمة حامضه وبصل 130ج,Chips & Crackers,برينجلز,130ج,1,,,,كيس,ج
خير زمان ارز مصرى 5كيلو,"Rice, Pasta & Pulses",خير زمان,5كيلو,1,,,,كيس,كيلو
بيبى كرسبى طعام علبه,Baby Care,,,1,,,,علبه,
نوتيلا اند جو 52ج,"Chocolates, Sweets & Desserts",نوتيلا,52ج,1,,,,عبوة,ج
DIATOASTA MINIGRILL TOAST 225G,Bakery,DIATOASTA,225G,1,,,,عبوة,G
ستار مكرونه مرمريه ,"Rice, Pasta & Pulses",ستار,,1,,,,كيس,
انجلش كيك مشكل,Biscuits & Cakes,,,1,,,,باكو,
كيري فودز جبنه شيدر احمر,Dairy & Eggs,كيري,,1,,,,عبوة,
بيبسى كانز,Soft Drinks & Juices,بيبسي,,1,,,,كانز,
كادبوري شوكولاتة ديري بندق 168 جم‎,"Chocolates, Sweets & Desserts",كادبوري,168جم,1,,,,,جم
شيف سيكريت صلصة طماطم 300جم ,"Tins, Jars & Packets",شيف سيكريت,300جم,1,,,,علبة,جم
جلاكسى تويكس اكسترا 75جررام ,"Chocolates, Sweets & Desserts",جلاكسى,75جم,1,,,,عبوة,جم
روز بيف شرائح,Beef & Processed Meat,,,1,,,,عبوة,
بيبسى كانز عادى 330مل,Soft Drinks & Juices,بيبسى,330مل,1,,,,زجاجة,مل
Americana Spanich 400Gm ,Vegetables & Fruits,Americana,400gm,1,,,,كيس,gm
مزارع دينا لبن رايب 230مللى,Dairy & Eggs,مزارع دينا,230مل,1,,,,علبة,مل
حلواني كوكتيل سوسيس 350 جم,Beef & Processed Meat,حلواني,350جم,1,,,,عبوة,جم
Organic Peppermint - 20 Tea Bags,"Tea, Coffee & Hot Drinks",,,20,,,,علبة,
Good Day CASHEW COOKIES 81.g ,Biscuits & Cakes,Good Day,81g,1,,,,عبوة,g
"Americana Foul Medammas with Olive Oil, 400 Gm","Tins, Jars & Packets",Americana ,400gm,1,,,,علبة,gm
الربيع شاى اكسبريس 100فتله+12فتله,"Tea, Coffee & Hot Drinks",الربيع,,12,,,,عبوة,
صن شاين تونه  قطعه واحده سهله الفتح 185جم,"Tins, Jars & Packets",صن شاين,185جم,1,,,,علبة,جم
خبز ناجت 6.25 PCE,Bakery,,,1,,6.25,6.25,كيس,
عسل نحل 1 كجم بلاستيك زهره برسيم,"Jams, Spreads & Syrups",زهرة برسيم,1كجم,1,,,,بلاستيك,كجم
كانز بيبسي,Soft Drinks & Juices,بيبسي,,1,,,,كانز,
Domty Istanboly Cheese - 250gm,Dairy & Eggs,Domty,250gm,1,,,,عبوة,gm
ويندكس ملمع زجاج رشاش 500 مل+غيار هديه,Cleaning Supplies,ويندكس,500مل,2,,,,زجاج,مل
كانز بيبسى,Soft Drinks & Juices,بيبسي,,1,,,,كانز,
نجمه امامى هندى بالوزن مفروم *,Beef & Processed Meat,,,1,,,,عبوة,
وادب فود خل  ابيض 1لتر ,"Sauces, Dressings & Condiments",وادب فود,1لتر,1,,,,عبوة,لتر
جهينه عصير توت مشكل 1 لتر,Soft Drinks & Juices,جهينه,1لتر,1,,,,زجاجة,لتر
بسكويت داتو كينج سايز1ق,Biscuits & Cakes,داتو,,1,,,,باكو,
شيبسي حار نار جديد 6ج,Chips & Crackers,شيبسي,,1,,6,6,كيس,
HELAL Bread Basket Palm Small ,Bakery,HELAL,,1,Small,,,,Small
English Breakfast Tea - Celmar - 100 Sachet,"Tea, Coffee & Hot Drinks",,100جم,1,,,,علبة,جم
بريتزو ميكسى بالجبنه 60-70جم,Chips & Crackers,بريتزو,60-70جم,1,,,,كيس,جم
ديلي مشروب خروب 1 لتر,Soft Drinks & Juices,ديلي,1لتر,1,,,,زجاجة,لتر
Domty Cheese Spread With Roumy 220g,Dairy & Eggs,Domty,220g,1,,,,عبوة,g
بصل احمر شبك,Vegetables & Fruits,,,1,,,,,
اريال كليوباترا ,Cleaning Supplies,اريال,,1,,,,,
كرانشى شيشي الكباب,Chips & Crackers,كرانشى,,1,,,,كيس,
صن بايتس فلفل حلو,Chips & Crackers,صن بايتس,,1,,,,كيس,
2 pepsi can,Soft Drinks & Juices,pepsi,,1,,,,زجاجة,
دساني جالون مياه معدنيه19لتر,Water,دساني,19لتر,1,,,,عبوة,لتر
لانشون حلوانى دجاج ,Beef & Processed Meat,حلوانى,,1,,,,عبوة,
سفره جلاش فاخر 400جم,Bakery,سفره,400جم,1,,,,كيس,جم
توابل شرقيه هوت د 64.00 0.536 34.30,Cooking Ingredients,,36جم,1,,34.3,64,عبوة,جم
Lindt Gold Hazelnut Chocolate - 300gm,"Chocolates, Sweets & Desserts",Lindt,300gm,1,,,,عبوة,gm
مولتو دبل اكس شكولاته وبندق,Bakery,مولتو,,1,,,,كيس,
شيتوس عائلى جبنة 5.00 5 25.00,Chips & Crackers,شيتوس,,5,,5,25,كيس,
Halwani Tahina 710 Gm,"Sauces, Dressings & Condiments",Halwani,710Gm,1,,,,عبوة,Gm
كلورتس نعناع اخضر اصلى كبير 10ق,"Chocolates, Sweets & Desserts",كلورتس,,10,,,,عبوة,
سعودى عصير مانجو 330م,Soft Drinks & Juices,سعودى,330مل,1,,,,زجاجة,مل
الادهم قمح مبشور 500جم,"Rice, Pasta & Pulses",الادهم,500جم,1,,,,كيس,جم
جهينه زبادى يونانى توت 180ج,Dairy & Eggs,جهينه,180جم,1,,,,عبوة,جم
سلامي مجفف ايجي سويس - 200 جم,Beef & Processed Meat,ايجي سويس,200جم,1,,,,عبوة,جم
ايون ويفر 38ج,Biscuits & Cakes,ايون,38ج,1,,,,باكو,ج
زجاجة مياه طبيعية حياة - 1.5لتر* 6 قطع,Water,حياة,1.5لتر,6,,,,عبوة,لتر
اوريو بسكويت محشو ,Biscuits & Cakes,اوريو,,1,,,,باكو,
ميني زنجر ساندوتش.    قطعه دجاج حار.    ارز بدون دجاج .    كلو سلو صغير.    ميرندا كانز,Soft Drinks & Juices,ميرندا,,1,صغير,,,كانز,صغير
FRESHLY POPCORN WITH Butter fat free94%255g ,Chips & Crackers,FRESHLY,255g,1,,,,كيس,g
مياة طبيعية دساني - 600مل - عبوة من 20,Water,دساني,600مل,20,,,,عبوة,مل
مانشى سناكس بطعم الباربيكيو ٨٠جم عرض,Chips & Crackers,مانشى سناكس,80جم,1,,,,كيس,جم
فول مدمس - 500 جم,"Tins, Jars & Packets",,500جم,1,,,,علبة,جم
Al Rehab Egyptian Rice 5kg,"Rice, Pasta & Pulses",Al Rehab,5kg,1,,,,كيس,kg
Oujaj Himalayan Pink Coarse Salt 500g,Cooking Ingredients,Oujaj,500G,1,,,,عبوة,G
جو ناتس سودانى خل وملح,"Sauces, Dressings & Condiments",جو ناتس,,1,,,,عبوة,
علبه سلطه,Bakery,,,1,,,,علبه,
Jardino Mustard 235 G ,"Sauces, Dressings & Condiments",Jardino,235G,1,,,,عبوة,G
ميني بسكويت مكفيتيز الشوفان الذهبي، 60 جم - 12 عبوة,Biscuits & Cakes,مكفيتيز,60جم,12,,,,باكو,جم
جبنه مزارع دينا,Dairy & Eggs,مزارع دينا,,1,,,,عبوة,
جيفركس قلقاس بالخضرة 400 جم,Vegetables & Fruits,جيفركس,400جم,1,,,,عبوة,جم
علبه 2 كراميل ,Biscuits & Cakes,,,2,,,,علبه,
12.25 ليبتون شاي 25ق,"Tea, Coffee & Hot Drinks",ليبتون,,25,,12.25,12.25,عبوة,
دجاج كامل روستو مطهى,Poultry,روستو,,1,,,,عبوة,
الشاهين بن شرقي ساده فاتح 200جم,"Tea, Coffee & Hot Drinks",الشاهين,200جم,1,,,,عبوة,جم
"Harvest Tomato Paste, 320 Gm","Tins, Jars & Packets",Harvest ,320gm,1,,,,علبة,gm
بيبسي كبير,Soft Drinks & Juices,بيبسي,,1,,,,زجاجة,
سبايسي علي البيتزا,Cooking Ingredients,سبايسي,,1,,,,عبوة,
Carrefour Frozen Whole Chicken - 1200-1300g,Poultry,Carrefour,1200-1300g,1,,,,عبوة,g
California Fava Beans Egyptian Recipe 450 gm,"Tins, Jars & Packets",California ,450gm,1,,,,عبوة,gm
فلفل أسود حصى من زمزم - 70 جرام,Cooking Ingredients,زمزم,70جرام,1,,,,عبوة,جرام
Bab Sham Cumin Powder 45g,Cooking Ingredients,Bab Sham,45g,1,,,,عبوة,g
الضحى ملاحه ثوم مطحون,Cooking Ingredients,الضحى,,1,,,,عبوة,
كاتشب 850جم هاينز,"Sauces, Dressings & Condiments",هاينز,850جم,1,,,,عبوة,جم
علبه ستار ,Tea and Coffee,,,1,,,,علبه,
زجاجه 5 لتر جديده,Furniture,,5لتر,1,,,,زجاجه,لتر
عصير مانجو بيتى 235ملى,Soft Drinks & Juices,بيتى,235مل,1,,,,عبوة,مل
المراعي زبادي طبيعي 105ج,Dairy & Eggs,المراعي,105gm,1,,,,عبوة,gm
كيكة توينكيز اكسترا بالكريمة,Biscuits & Cakes,توينكيز,,1,,,,باكو,
  ديلي عصير رمان بدون  سكر,Soft Drinks & Juices,ديلي,,1,,,,زجاجة,
علبه منديل استرس,Disposables & Napkins,استرس,,1,,,,علبه,
ميتكو لانشون بقرى,Beef & Processed Meat,ميتكو,,1,,,,عبوة,
Multi Action All-Purpose Surface Cleaner – Jasmine  – 1.3L + 650ml,Cleaning Supplies,,1.3L+650ml,1,,,,عبوة,Lml
علبه ارز باللبن,"Rice, Pasta & Pulses",,,1,,,,علبه,
Regular coca cola,Soft Drinks & Juices,coca cola,,1,,,,زجاجة,
Panda Shredded Mozzarella 315g,Dairy & Eggs,Panda,315g,1,,,,عبوة,g
Farm Fresh Peas And  Carrots - 400g Gram,Vegetables & Fruits,Farm Fresh,400gm,1,,,,كيس,gm
chipsy chese onion 91g,Chips & Crackers,chipsy,91g,1,,,,كيس,g
علبه نسكافيه بلاك,Tea and Coffee,نسكافيه,,1,,,,علبه,
Domty Feta Cheese Light 500g,Dairy & Eggs,Domty,500gm,1,,,,عبوة,gm
عصير اناناس 500م,Soft Drinks & Juices,,500م,1,,,,زجاجة,م
كيت كات 41.5جرام عرض 51,"Chocolates, Sweets & Desserts",كيت كات ,41.5جم,1,,,,عبوة,جم
السلام عجينه سمبوسك 350جم,Bakery,السلام,350جم,1,,,,كيس,جم
Squeeze Lemon Juice 1 L,Soft Drinks & Juices,Squeeze,1L,1,,,,عبوة,L
مكرونه فوسيلى ميلانو,"Rice, Pasta & Pulses",ميلانو,,1,,,,,
بيبسى كانز,Soft Drinks & Juices,بيبسي,,1,,,,كانز,
ذرة فشار 500 جم من زمزم,"Rice, Pasta & Pulses",زمزم,500جم,1,,,,,جم
Tiffany Creams Chocolate Biscuit 90g,Biscuits & Cakes,Tiffany,,1,,,,باكو,
7UP dight,Soft Drinks & Juices,7UP,,1,,,,زجاجة,
Bake Rolz With Ketchup - 36gm,Chips & Crackers,Bake Rolz,38gm,1,,,,كيس,gm
ثرى شفس بطاطس بوم فريت 2.5 كجم شفاف,Vegetables & Fruits,ثرى شفس,2.5كجم,1,,,,عبوة,كجم
شاي ربيع اخضر 25فتله,"Tea, Coffee & Hot Drinks",ربيع,,25,,,,كيس,
شهي فريك 500 جم,"Rice, Pasta & Pulses",شهي,500جم,1,,,,كيس,جم
كنور خلطه شاورمه 30جم,Cooking Ingredients,كنور,30جم,1,,,,عبوة,جم
"Roasty Chicken Fingers, Spicy - 350 gm",Poultry,Roasty,350gm,1,,,,عبوة,gm
Rich Smoked Turkey Breast 250g,Poultry,Rich,250g,1,,,,عبوة,g
كوكى كرانشى  بانيه سوبر توفير ,Poultry,كوكى,,1,,,,عبوة,
Mazola Chili Mayonnaise - 650ml,"Sauces, Dressings & Condiments",Mazola,650ml,1,,,,عبوة,ml
لانشون حلوانى شاده,Beef & Processed Meat,حلوانى,,1,,,,عبوة,
4 سنكرز سنجل 2ج 5.00 20.00,"Chocolates, Sweets & Desserts",,2جم,4,,5,20,عبوة,جم
F زجاجه,Furniture,,,1,,,,زجاجه,
Al Adham Curry Mix 30gm,Cooking Ingredients,Al Adham,30gm,1,,,,عبوة,gm
Durra Ketchup Hot - 500 Gram,"Sauces, Dressings & Condiments",Durra,500gm,1,,,,عبوة,gm
الضحي كمون 20ج,Cooking Ingredients,الضحي,20جم,1,,,,عبوة,جم
كبده بتلو 1/3,Beef & Processed Meat,,1/3ك,1,,,,عبوة,ك
زجاجة كاتشب ضغط - 310 مل,"Sauces, Dressings & Condiments",,310مل,1,,,,عبوة,مل
بن قهوجى 100جرام,"Tea, Coffee & Hot Drinks",قهوجى,100جرام,1,,,,علبة,جرام
Black Eye Beans 500g,"Rice, Pasta & Pulses",,500g,1,,,,كيس,g
ملح طعام نور - 450جم,Cooking Ingredients,نور,450جم,1,,,,عبوة,جم
بيبسي 2لتر +500ملل مجانا,Soft Drinks & Juices,بيبسي,2لتر+500مجانا,1,,,,زجاجة,لترمجانا
نستله نسكافيه كلاسيك 200جم,"Tea, Coffee & Hot Drinks",نسكافيه,200جم,1,,,,عبوة,جم
37.75 Breast Turkey Smoked Rich,Poultry,Rich,,1,,37.75,37.75,عبوة,
بيك رولز بالبيتزا - 36 جم عبوة من  30,Chips & Crackers,بيك رولز,36جم,30,,,,كيس,جم
بونيه فى علبه,"Personal care, skin & body care",,,1,,,,علبه,
"المراعى لبن كامل الدسم ١,٥ 25.50 2 51.00",Dairy & Eggs,المراعى,,2,,25.5,51,عبوة,
برجر بانيه دجاج شيكيتيتا، حار - 1 كجم,Poultry,شيكيتيتا,1كجم,1,,,,عبوة,كجم
MR.KRISPS SNACKS RINGS 65G,Chips & Crackers,MR.KRISPS,65G,1,,,,كيس,G
العبد بيتى فور مكسرات 56ق,Bakery,العبد,,56,,,,كيس,
روز جاردن مكرونة 11.50 2 23.00,"Rice, Pasta & Pulses",روز جاردن,,2,,11.5,23,كيس,
Bahlsen Zoo Biscuits 100Gr ,Biscuits & Cakes,Bahlsen,100gm,1,,,,عبوة,gm
خير زمان مايونيز اسكويز 300ج,"Sauces, Dressings & Condiments",خير زمان,300جم,1,,,,عبوة,جم
KING RICE BRAN OIL 1 LITER,Cooking Ingredients,KING,1L,1,,,,علبة,L
اكوافينا 600 مل ,Water,اكوافينا,600مل,1,,,,,مل
Lurpak Butter Block Unsalted 200g,Cooking Ingredients,Lurpak,200g,1,,,,عبوة,g
علبه مناديل,Disposables & Napkins,,,1,,,,علبه,
نسكافيه كاش باك,"Tea, Coffee & Hot Drinks",نسكافيه,,1,,,,علبة,
علبه مخلل 2 جنيه,"Tins, Jars & Packets",,,1,,2,2,علبه,
ريحانة قرفة باودر 20 جم,Cooking Ingredients,ريحانة,20جم,1,,,,عبوة,جم
جلاسى منظف بخاخ 600مل,Cleaning Supplies,جلاسى,600مل,1,,,,عبوة,مل
بيبسى كانز 330 مل,Soft Drinks & Juices,بيبسي,330مل,1,,,,كانز,مل
صفا بهارات 40 جم ,Cooking Ingredients,صفا,40جم,1,,,,عبوة,جم
وادى فوود صدور فراخ مجمده 950جم,Poultry,وادى فوود,950جم,1,,,,عبوة,جم
الطحان مشروب سحلب علبه 100 جم ,Soft Drinks & Juices,الطحان,100جم,1,,,,علبه,جم
2 أصابع شوكولاتة بالبندق - 18 قطعة,"Chocolates, Sweets & Desserts",,,18,,,,عبوة,
ARIX AUTO HANDLE WINDOW WIPER 26CM,Cleaning Supplies,ARIX,,1,,,,عبوة,
كيو فليه دجاج مبرد 1ك,Poultry,كيو,1ك,1,,,,عبوة,ك
بسمة بسله بالجزر 400 جم,Vegetables & Fruits,بسمة,400جم,1,,,,عبوة,جم
بيبسى بلاستيك 0.97 لتر,Soft Drinks & Juices,بيبسي,0.97لتر,1,,,,بلاستيك,لتر
ميلانو مكرونة شعريه,"Rice, Pasta & Pulses",ميلانو,,1,,,,كيس,
دانون مشروب مانجو كلاسيك 400جم,Soft Drinks & Juices,دانون,400جم,1,,,,زجاجة,جم
Color Stain Remover Floral - 950ml,Cleaning Supplies,,950ml,1,,,,عبوة,ml
عصير جهينه اناناس 235مل,Soft Drinks & Juices,جهينه,235مل,1,,,,عبوة,مل
تونة حدائق كاليفورنيا بزيت زيتون,"Tins, Jars & Packets", حدائق كاليفورنيا,,1,,,,علبة,
شيبسى جبنه متبله 40-42جم,Chips & Crackers,شيبسى,40-42جم,1,,,,كيس,جم
زجاجه مياه ى150 م,Furniture,,150م,1,,,,زجاجه,م
Lavish Kiri Cheese Triangles 32 Pcs ,Dairy & Eggs,Lavish Kiri,,32,,,,علبة,
BREAK SNACKS W VEGETABLES 39G,Chips & Crackers,BREAK,39G,1,,,,كيس,G
مياة معدنية طبيعية من مايا - 2 لتر - 6 زجاجات,Water,مايا,2لتر,6,,,,زجاجة,لتر
"California Tuna Solid With Peppr &amp; Sunflwr Oil, 120 Gm","Tins, Jars & Packets",California ,120Gram,1,,,,عبوة,Gram
ريتش لحم بقرى مدخن وزن,Beef & Processed Meat,ريتش,,1,,,,عبوة,
Derya soy sauce 250 gm ,"Sauces, Dressings & Condiments",Derya,250gm,1,,,,عبوة,gm
Cadbury Dairy Milk Hazelnut 24g,"Chocolates, Sweets & Desserts",Cadbury,24ج,24,,,,عبوة,ج
ناجتس ,Poultry,,,1,,,,عبوة,
كاليفورنيا مشروم,"Tins, Jars & Packets",كاليفورنيا,,1,,,,علبة,
منين سادة هايبروان - بالوزن,Bakery,هايبروان,,1,,,,كيس,
Special Dark Turkish Coffee With Cardamom - 200G,"Tea, Coffee & Hot Drinks",,200gm,1,,,,عبوة,gm
بيض احمر بشاير - 18 قطعة,Dairy & Eggs,بشاير,,18,,,,عبوة,
بسمة بامية اكسترا 400 جم,Vegetables & Fruits,بسمة,400جم,1,,,,عبوة,جم
اكتيفيا زبادى طبيعى 170جم,Dairy & Eggs,اكتيفيا,170جرام,1,,,,عبوة,جرام
شويبس جولد انانس 1لتر,Soft Drinks & Juices,شويبس,1لتر,1,,,,زجاجة,لتر
Tiger Potato Seasoned Cheese Chips - 71 gram,Chips & Crackers,Tiger,71gram,1,,,,كيس,gram
سبرايت بلاستيك 1.95 لتر,Soft Drinks & Juices,سبرايت,1.95لتر,1,,,,بلاستيك,لتر
Loacker Cookies Chip Dark Chocolate - 96 Gram,Biscuits & Cakes,Loacker,96gram,1,,,,عبوة,gram
21.95 مشروم 200 جم,Vegetables & Fruits,,200جم,1,,21.95,21.95,عبوة,جم
Carrefour Lemon Multi Purpose Floor Cleaner - 500 ml,Cleaning Supplies,Carrefour,500 ml,1,,,,عبوة,ml
ريحانة زيت ذرة - 0.8 لتر,Cooking Ingredients,ريحانة,0.8لتر,1,,,,عبوة,لتر
Choice Apple Vinegar – 250ml,"Sauces, Dressings & Condiments",Choice,250ml,1,,,,عبوة,ml
Cheese ,Dairy & Eggs,,,1,,,,عبوة,
Halwani Chicken Strips Spicy 1kg,Poultry,Halwani,1kg,1,,,,عبوة,kg
اورجانك ليمون حيوي,Vegetables & Fruits,,,1,,,,كيس,
نستله مياه 1.5ل,Water,نستله,1.5لتر,1,,,,زجاجة,لتر
جبنة شامية 5 10 50,Dairy & Eggs,,,5,,10,50,زجاجة,
شويبس مشروب شعير بالاناناس 250مل,Soft Drinks & Juices,شويبس,250مل,1,,,,زجاجة,مل
Marvelous Creations Chocolate - Pack Of 12,"Chocolates, Sweets & Desserts",Marvelous Creations,,1,,,,عبوة,
ياس عصير تفاح 200 مللى,Soft Drinks & Juices,ياس,200مل,1,,,,عبوة,مل
Lino Oatt Tomato Snack 60,Chips & Crackers,Lino,60g,1,,,,كيس,g
"Atyab Hot Whole Chicken, Full Cooked With Fries, 12 Pieces",Poultry,Atyab,,12,,,,عبوة,
"Mana Canned Sweetened Condensed Whole Milk, 397g",Dairy & Eggs,Mana,397g,1,,,,علبة,g
قطعه اكلير بالوزن,"Chocolates, Sweets & Desserts",,,1,,,,عبوة,
ريتش صدور رومى مدخن حبش,Poultry,ريتش,,1,,,,عبوة,
بسمه بسله ساده 400 جم ,Vegetables & Fruits,بسمه,400جم,1,,,,كيس,جم
Fiji Salted Crackers Cheese 37.5 g,Chips & Crackers,Fiji,37.5 g,1,,,,,g
ونجورنو كابتشينو 2.75 2,"Tea, Coffee & Hot Drinks",ونجورنو,,2,,2.75,2.75,علبة,
مايونيز هاينز-310 جم,"Sauces, Dressings & Condiments",هاينز,310جم,1,,,,عبوة,جم
بى مياه شرب 550مل,Water,بى,550مل,1,,,,زجاجة,مل
الملكه مكرونه لازنيا 400 جم,"Rice, Pasta & Pulses",الملكة,400جم,1,,,,,جم
الشمعدان شيكولاته كتاكيتو بالويفر 5ق,Biscuits & Cakes,الشمعدان,,5,,,,باكو,
سادور صلصه 400جم صفيح,"Tins, Jars & Packets",سادور,400جم,1,,,,علبة,جم
كانز,Soft Drinks & Juices,,,1,,,,كانز,
كوكاكولا بلاستيك 400 م,Soft Drinks & Juices,كوكاكولا,400م,1,,,,بلاستيك,م
FRESH FARM BEEF KOFTA 900 G,Beef & Processed Meat,FRESH FARM,900G,1,,,,عبوة,G
عصير 200مللى عصير فواكه انواع,Soft Drinks & Juices,,200مل,1,,,,عبوة,مل
اريال جل2.50لتر,Cleaning Supplies,اريال,2.50لتر,1,,,,عبوة,لتر
زيت عباد الشمس من كارفور - 900 مل,Cooking Ingredients,كارفور,900مل,1,,,,عبوة,مل
نواعم بسكويت ساده شرنك 6ق,Biscuits & Cakes,نواعم,,6,,,,باكو,
كوكى كفته حاتى 400جم+كوكى سجق 350جم خصم 20%,Beef & Processed Meat,كوكى,350+400 جم,1,,,,عبوة,جم
فيشر مان سلطة تونه,"Tins, Jars & Packets",فيشر مان,,1,,,,علبة,
مياه صغير,Water,,,1,,,,زجاجة,
ماكسيل ماجيك منظقف المطابخ 500,Cleaning Supplies,ماكسيل,500م,1,,,,عبوة,م
حليب خالي الدسم لمار - 200مل,Dairy & Eggs,لمار,200مل,1,,,,عبوة,مل
سوبر فودز خل طبيعى,"Sauces, Dressings & Condiments",سوبر فودز,,1,,,,عبوة,
Basma Strawberry 400g,Vegetables & Fruits,Basma,400gm,1,,,,كيس,gm
بيبسي كانز 330 ملي,Soft Drinks & Juices,بيبسي,330ملي,1,,,,كانز,ملي
Sunbulah crunchy cut fries 1.5 kg ,Vegetables & Fruits,Sunbulah,1.5kg,1,,,,كيس,kg
برتقال بلدي,Vegetables & Fruits,,,1,,,,كيس,
3ALTABKHA Tomato Sauce With Garlic and italian herbs - 375g,"Tins, Jars & Packets",3ALTABKHA ,375g,1,,,,علبة,g
Cocoa Lovers Sandwich Biscuit with Cocoa Cream x 12 Pieces,Biscuits & Cakes,Cocoa Lovers,,12,,,,باكو,
صدور فراخ فيليه فريش بالوزن فتح ,Poultry,,,1,,,,عبوة,
شهد دجاج ستريبس حار - 750 جرام,Poultry,شهد,750جرام,1,,,,عبوة,جرام
تونه تونه قطع سهله الفتح140جم,"Tins, Jars & Packets",,140جم,1,,,,علبة,جم
اطياب صدور بانيه مقرمشه كاملة طهى حار، 400 جرام,Poultry,اطياب,400جرام,1,,,,عبوة,جرام
Lavie Water 600ML,Water,Lavie,600ml,1,,,,زجاجة,ml
اريال فوق اتوماتيك,Cleaning Supplies,اريال,,1,,,,عبوة,
مياه جالون 1.9لتر,Water,,1.9لتر ,1,,,,زجاجة,لتر
Apple Royal Gala Italy 1kg,Vegetables & Fruits,,1kg,1,,,,كيس,kg
Afia Plus Corn Oil 2.2 Liters,Cooking Ingredients,Afia,2.2Liters,1,,,,عبوة,Liters
Faragello Chicken Frank - 165 gram - 2 +1,Poultry,Faragello,165 gram,3,,,,,gram
معلبات,"Personal care, skin & body care",,,1,,,,علبات,
شويبس زجاج 250 مل ,Soft Drinks & Juices,شويبس,250مل,1,,,,زجاجة,مل
حلوه زاهر ملخ خفيف ززن,"Tins, Jars & Packets",,,1,,,,علبة,
Al Doha Pasta fusilli 400 Gm ,"Rice, Pasta & Pulses",Al Doha,400Gm,1,,,,كيس,Gm
جبنة رومى كافيار وزن,Dairy & Eggs,,,1,,,,زجاجة,
هاينز مايونيز 310ج كلاسيك خصم 5ج,"Sauces, Dressings & Condiments",هاينز,310جم,1,,5,5,عبوة,جم
بهارات بطاطس باب الشام - 40 جم,Cooking Ingredients,باب الشام,40جم,1,,,,عبوة,جم
بخاخه زيت زجاج 100 ملى 134,Cooking Ingredients,,100ملى,1,,,,زجاج,ملى
مياه فوارة نستله بيور فيز بالليمون - 0.36 لتر - عبوة من 12,Water,نستله,0.36لتر,12,,,,عبوة,لتر
فريش شيش طاووق وزن,Poultry,,,1,,,,عبوة,
سانبيليجرو ينو مياه فواره 250مل,Water,سانبيليجرو ينو,250مل,1,,,,زجاجة,مل
بيتي مشروب جوافه 235 مل,Soft Drinks & Juices,بيتي,235مل,1,,,,عبوة,مل
ريحانة حمص الشام -  500 جم,"Rice, Pasta & Pulses",ريحانة,500جم,1,,,,كيس,جم
حلوانى لحم رومى حبشى مدخن ,Poultry,حلوانى,,1,,,,عبوة,
ايه ام ار مشروم 400,"Tins, Jars & Packets",ايه ام ار,400ج,1,,,,علبة,ج
زيت زيتون بكر ممتاز توب فاليو - 250 مللي,Cooking Ingredients,توب فاليو,250مل,1,,,,عبوة,مل
صلصة توب فاليو - 300جم * 6 قطع,"Tins, Jars & Packets",توب فاليو,300جم,6,,,,عبوة,جم
كلورتس لبان هادئ كبير 10قطع,"Chocolates, Sweets & Desserts",كلورتس,,10,,,,عبوة,
Loacker Hazelnut Biscuit 125Gr ,Biscuits & Cakes,Loacker,125G,1,,,,عبوة,G
تشيزا شرائح جبنة جودة 150 جم,Dairy & Eggs,تشيزا,150جم,1,,,,عبوة,جم
President Smoked Cheese 500g,Dairy & Eggs,President,500gm,1,,,,عبوة,gm
زيت حلوه ,Cooking Ingredients,حلوه,,1,,,,عبوة,
سويت صوص,"Sauces, Dressings & Condiments",,,1,,,,عبوة,
ذرة حلوة كارفور - 340جم - عبوة من 3,"Tins, Jars & Packets",كارفور,340جم,3,,,,عبوة,جم
"Kiri Spread Cheese, 8 Pieces",Dairy & Eggs,Kiri,,8,,,,علبة,
صويا صوص + ماء ورد + دبس رمان + خل + ليمون + كتان يرا,"Sauces, Dressings & Condiments",,,6,,,,عبوة,
دومتى جبنتي جبنة ثلاجه وزن,Dairy & Eggs,دومتى,,1,,,,عبوة,
ماجى كريمه 67ح,"Tins, Jars & Packets",ماجى,67جم,1,,,,علبة,جم
جاردينو مايونيز ديوباك 280 جم,"Sauces, Dressings & Condiments",جاردينو,280جم,1,,,,عبوة,جم
Metco Burger Jumbo 1.50 gm ,Beef & Processed Meat,Metco,1.50gm,1,,,,عبوة,gm
الجوهره مج زجاج 611,Furniture,الجوهرة,611مل,1,,,,زجاج,
انكور زبده طبيعى غير مملحه 400جرام,Cooking Ingredients,انكور,400جم,1,,,,عبوة,جم
كريستال سمن 1.5كجم ,Cooking Ingredients,كريستال,1.5كجم,1,,,,علبة,كجم
جيفركس سبانخ 400 جم,Vegetables & Fruits,جيفركس,400جم,1,,,,عبوة,جم
صوص شيدر ,"Sauces, Dressings & Condiments",,,1,,,,عبوة,
تايجر جامبو بطعم الطماطم,Chips & Crackers,تايجر,,1,,,,كيس,
دانو حليب بودرة منزوع الدسم 400 جرام,Dairy & Eggs,دانو,400جم,1,,,,عبوة,جم
نستله بيور لايف زجاجه مياه فارغه,Water,نستله,,1,,,,زجاجه,
Lago poker wafer cacao 150GM ,Biscuits & Cakes,Lago poker,150g,1,,,,عبوة,g
Calvorinea Pineapple Slices 800 gm,"Tins, Jars & Packets",Calvorinea ,800gm,1,,,,عبوة,gm
هاينز كاتشب ظرف 285جم,"Sauces, Dressings & Condiments",هاينز,285جم,1,,,,عبوة,جم
بريتزل بطعم الباربكيو35/40جم,Chips & Crackers,,35/40جم,1,,,,كيس,جم
"Clorets Chewing Gum With Cinnamint, 14.5 Gm","Chocolates, Sweets & Desserts",Clorets,14.5Gm,1,,,,عبوة,Gm
حلواني بيف برجر جامبو 2 ك,Beef & Processed Meat,حلواني,2ك,1,,,,عبوة,ك
Chicken Shish Tawook 500g,Poultry,,500g,1,,,,عبوة,g
عدس اصفر العجمى 1ك,"Rice, Pasta & Pulses",العجمى,1ك,1,,,,كيس,ك
مزارع دينا عصير رمان,Soft Drinks & Juices,مزارع دينا,,1,,,,زجاجة,
Daily Fresh Original Mayonnaise - 473ml,"Sauces, Dressings & Condiments",Daily Fresh,473ml,1,,,,عبوة,ml
مياه اكوافينل 600مل,Water,اكوافينل,600مل,1,,,,زجاجة,مل
Raw Potato Chips Kettle Cooked Cheddar Cheese 95-105g,Chips & Crackers,Raw,95-105g,1,,,,كيس,g
داوني,Cleaning Supplies,داوني,,1,,,,عبوة,
coca cola liter,Soft Drinks & Juices,coca cola,,1,,,,زجاجة,
مانجو 250مل سن توب ,Soft Drinks & Juices,سن توب,250مل,1,,,,زجاجة,مل
شيبسي خل وملح 55ج رو,Chips & Crackers,شيبسي,55ج,1,,,,كيس,ج
26.25 8.75 3 Fizz Pure Nestle ,Water,Nestle,,3,,8.75,26.25,زجاجة,
صلصة كاتشب طماطم - 320 جم,"Sauces, Dressings & Condiments",,320جم,1,,,,عبوة,جم
حياه مياه 1.5ل,Water,حياه,1.5لتر,1,,,,زجاجة,لتر
Dobella Bassmati White Rice - 2kg,"Rice, Pasta & Pulses",Dobella,2Kg,1,,,,كيس,Kg
شيبسي ف حلو 55 جم روو,Chips & Crackers,شيبسي,55جم,1,,,,كيس,جم
تودو بومب كيك شيكولاته 1ق,Biscuits & Cakes,تودو,,1,,,,باكو,
الضحى مكرونه اسباجتى 400,"Rice, Pasta & Pulses",الضحى,400جم,1,,,,كيس,جم
جبنة مدخنة بريزيدن كامل الدسم قابل للفرد - 140 جم,Dairy & Eggs,بريزيدن,140جم,1,,,,علبة,جم
أيلوو سلطه الكرنب صوص 500 جم,"Sauces, Dressings & Condiments",أيلوو,500جم,1,,,,عبوة,جم
صني زيت خليط عباد ٢.٤لتر 69.75 1 69.75,Cooking Ingredients,صني,2.4لتر,1,,69.75,69.75,عبوة,لتر
كلوركس مبيض ملابس الوان,Cleaning Supplies,كلوركس,,1,,,,عبوة,
Halwani Chicken Nuggets 50pcs,Poultry,Halwani,,50,,,,عبوة,
JUHAYNA FULL CREAM MILK 200M*3H,Dairy & Eggs,JUHAYNA,200ml,1,,,,عبوة,ml
معجون ثوم سكيو إيزي,"Tins, Jars & Packets",سكيو إيزي,,1,,,,علبة,
دايجيستيف قمح دارك 8 قطع علبه 12,Biscuits & Cakes,دايجستيف,,8,,,,علبه,قطع
نسكافيه 3*1 كراميل ظرف,"Tea, Coffee & Hot Drinks",نسكافيه,,1,,,,علبة,
علبه مهروسه,Bakery,,,1,,,,علبه,
(@0.00) (S) Pcs Chicken 2,Poultry,,,2,,,,عبوة,
جهينة كلاسيك عصير مانجو - 1 لتر,Soft Drinks & Juices,جهينة,1لتر,1,,,,زجاجة,لتر
اريال يدوي 150 جم,Cleaning Supplies,اريال,150جم,1,,,,عبوة,جم
عصير جزر فروتس - 700مل ,Soft Drinks & Juices,فروتس,700مل,1,,,,عبوة,مل
ذره ماينيز 250جرام,"Tins, Jars & Packets",,250جرام,1,,,,علبة,جرام
نمره 1 تونه مفتته140,"Tins, Jars & Packets",نمره 1,140ج,1,,,,علبة,ج
California Garden Mushroom Pieces - 400 Gram,"Tins, Jars & Packets",California Garden,400Gram,1,,,,عبوة,Gram
مياة طبيعية حياة ,Water,حياة,,1,,,,زجاجة,
كانز ,Soft Drinks & Juices,,,1,,,,كانز,
جلاش اساور فستق,"Chocolates, Sweets & Desserts",,,1,,,,عبوة,
دلمار شاي,"Tea, Coffee & Hot Drinks",دلمار,,1,,,,علبة,
توابل للدجاج المقرمش الخطيب ,Cooking Ingredients,الخطيب,,1,,,,,
خوخ نكترين,Vegetables & Fruits,,,1,,,,كيس,
توليدو تونه قطع ,"Tins, Jars & Packets",توليدو ,,1,,,,علبة,
كوكي دبابيس كرنشي حار، 700 جرام,Poultry,كوكي,700جرام,1,,,,عبوة,جرام
Elmatbakh Egyption Rice 1 kg,"Rice, Pasta & Pulses",Elmatbakh,1 kg,1,,,,كيس,kg
جوزه الطيب وزن ,Cooking Ingredients,,,1,,,,عبوة,
علبه باذنجان مخلل صغير,"Tins, Jars & Packets",,,1,صغير,,,علبه,صغير
Alkaramah Sambosah Dough - 485 Gram,Bakery,Alkarama,485 Gram,1,,,,عبوة,Gram
Faragello Chicken Roast - 150 gram,Poultry,Faragello,150gram,1,,,,عبوة,gram
Corn Puffs Snacks - Ketchup – 8 Pcs,Chips & Crackers,,,8,,,,كيس,
خل أبيض من توليدو - 1 لتر,"Sauces, Dressings & Condiments",توليدو,1لتر,1,,,,عبوة,لتر
شراب شعير امستل رادلر ليمون ,Soft Drinks & Juices,امستل,,1,,,,زجاجة,
صدور دجاج مجهز,Poultry,,,1,,,,عبوة,
جبنة ريكفورد,Dairy & Eggs,,,1,,,,عبوة,
شوكولاتة سنيكرز ميني 150جم,"Chocolates, Sweets & Desserts",سنيكرز,150جم,1,,,,عبوة,جم
كوكاكولا كانز 300 -330 مل ,Soft Drinks & Juices,كوكاكولا,300-330مل,1,,,,كانز,مل
عصير بيور تفاح 1 لتر,Soft Drinks & Juices,بيور,1لتر,1,,,,زجاجة,لتر
تانج 30جم مانجو,Soft Drinks & Juices,تانج,30جم,1,,,,زجاجة,جم
Herman Chilly Ketchup - 340 Gram,"Sauces, Dressings & Condiments",Herman,340gm,1,,,,عبوة,gm
Twist & Drink Watermelon Drink 200 ml,Soft Drinks & Juices,Twist & Drink,200ml,1,,,,عبوة,ml
ذا ليف شاي أسود مثلج بنكهة التفاح الأخضر 370 مل,"Tea, Coffee & Hot Drinks",ذا ليف,370مل,1,,,,عبوة,مل
Bake Rolz Mix Cheese ,Chips & Crackers,Bake Rolz,,1,,,,كيس,
"Amr Mushrooms Slices, 400 Gm","Tins, Jars & Packets",Amr ,400Gm,1,,,,علبة,Gm
ارز ذهبى الضحى 1ك,"Rice, Pasta & Pulses",الضحى,1ك,1,,,,كيس,ك
Chefy Mix Demi Glace Sauce - 700gm,"Tins, Jars & Packets",Chefy Mix,700Gram,1,,,,عبوة,Gram
هيلثي عصير طبيعي انواع 250ملل,Soft Drinks & Juices,هيلثي,250مل,1,,,,زجاجة,مل
حياه مياه 1.5 لتر,Water,حياه,1.5لتر,1,,,,زجاجة,لتر
Mango Fresh juice-Display,Soft Drinks & Juices,,,1,,,,زجاجة,
بانزانى صوص زيتون وريحان400جم,"Sauces, Dressings & Condiments",بانزانى,400جم,1,,,,عبوة,جم
Atyab Chicken Fillet Pane 8pcs,Poultry,Atyab,,8,,,,عبوة,
Nestle Pure Life Apple Sparkling Water - 360ml x12,Water,Nestle,360ml,12,,,,كرتونة,ml
لواكر بسكويت بالكاكاو 30 جم,Biscuits & Cakes,لواكر,30جم,1,,,,باكو,جم
Carrefour Frying Oil - 800ml,Cooking Ingredients,Carrefour,800ml,1,,,,عبوة,ml
برجر بقري المراعي - 1 كجم,Beef & Processed Meat,المراعي,1كجم,1,,,,عبوة,كجم
فرشلى فشار الميكروويف بالزبده لايت255جم,Chips & Crackers,فرشلى,255جم,1,,,,أكياس,جم
 Sauce  Caesar 3,"Sauces, Dressings & Condiments",,,1,,,,عبوة,
فانتا تفاح اخضر علبه,Soft Drinks & Juices,فانتا,,1,,,,زجاجة,
Rani Strawberry & Banana Granules Drink 240 ml,Soft Drinks & Juices,Rani,240ml,1,,,,عبوة,ml
بربيكان شراب شعير بالاناناس زجاج 330مل,Soft Drinks & Juices,بربيكان,330مل,1,,,,زجاجة,مل
25.97 9.99 2.6 جوافه,Soft Drinks & Juices,,,1,,9.99,25.97,زجاجة,
Ridge Kettle Cooked Merguez Chips 47-54g,Chips & Crackers,Ridge,47-54G,1,,,,كيس,G
شيبسانو وسط بطعم ٣.٠٠ ١.٠٠٠ ٣.٠٠,Chips & Crackers,شيبسانو,,1,,3,3,كيس,
فلتو بقرى,Beef & Processed Meat,,,1,,,,عبوة,
كوهينور أرز بسمتي ذهبي طويل جداً 1 كجم,"Rice, Pasta & Pulses",كوهينور,1كجم,1,,,,كيس,كجم
كيك مارمورا بكريمه الكراميل 40جم,Biscuits & Cakes,مارمورا,40جم,1,,,,باكو,جم
Fisherman Salmon In Olive Oil - 170 Gram,"Tins, Jars & Packets",Fisherman ,170g,1,,,,علبة,g
مياه طبيعيه بيوفانا جالون,Water,بيوفانا,,1,,,,كرتونة,
هارفست فول لدندر ,"Tins, Jars & Packets",هارفست,,1,,,,علبة,
Al Arrab Natural Vinegar 1Litre,"Sauces, Dressings & Condiments",Al Arrab,1Liter,1,,,,عبوة,Liter
كانز,Soft Drinks & Juices,,,1,,,,كانز,
فيرن زبده خليط 1 ك,Cooking Ingredients,فيرن,1ك,1,,,,,ك
جهينه عصير بريميم برتقال 235مل ,Soft Drinks & Juices,جهينه,235مل,1,,,,عبوة,مل
شنطه بلاستيك فينوس وسط,Furniture,فينوس,,1,وسط,,,بلاستيك,وسط
45.61 juice Mango 1,Soft Drinks & Juices,,,1,,45.61,45.61,زجاجة,
عبور برتقال بلدى عصير,Soft Drinks & Juices,عبور,,1,,,,زجاجة,
BEYTI Tropicana,Soft Drinks & Juices,BEYTI,,1,,,,عبوة,
خير زمان مستورد موز 1ك,Vegetables & Fruits,خير زمان,1ك,1,,,,كيس,ك
ELLEHEIMY CHICKEN MARINATED 1KG,Poultry,ELLEHEIMY,1KG,1,,,,عبوة,KG
Puvana Sparkling Water Medium 240ml,Water,Puvana,240ml,1,,,,زجاجة,ml
Dish Detergent - 675+175 Gm Extra - 5 Pcs,Cleaning Supplies,,675+175 Gm,5,,,,عبوة,Gm
5.00 600ml Water Nestle 111835,Water,Nestle,600ml,1,,5,5,زجاجة,ml
مصرية مكرونة فرن - 350جم,"Rice, Pasta & Pulses",مصرية,350جم,1,,,,كيس,جم
24*بيك وان 2 اصبع ويفر شوكو5.15ج,Biscuits & Cakes,بيك وان,,24,,5.15,5.15,باكو,
باور ماكس مذيب الدهون والحروق-بدون رائحة- 500 مل,Cleaning Supplies,باور ماكس,500مل,1,,,,عبوة,مل
فريش فارم بيف برجر، 400 جرام,Beef & Processed Meat,فريش فارم,400جرام,1,,,,عبوة,جرام
روشن بوني فروتس جيلي بالتوت 200جم,"Chocolates, Sweets & Desserts",روشن,200جم,1,,,,عبوة,جم
علبه كروس كبيره 3 سوسته مقاس 25 *20 سم,Furniture,,25*20 سم,3,كبيره,,,علبه,كبيره
علبه الوان 18001 k,Furniture,,,1,,,,علبه,
بيبسى كولا 330مل,Soft Drinks & Juices,بيبسى,330مل,1,,,,زجاجة,مل
سمبوسك,Bakery,,,1,,,,كيس,
لوكير بسكويت 30جرام بندق,Biscuits & Cakes,لوكير,30جرام,1,,,,باكو,جرام
جهينة زبادى لايت ١٠٥ جم 3.50 2 7.00,Dairy & Eggs,جهينة,105جم,2,,3.5,7,,جم
الملكه مكرونه انواع 1ك,"Rice, Pasta & Pulses",الملكه,1ك,1,,,,كيس,ك
Farm Fresh Peeled Garlic - 950 Gram,Vegetables & Fruits,Farm Fresh,950جم,1,,,,كيس,جم
مشروب غازى بيبسى دايت 330مل,Soft Drinks & Juices,بيبسى,330مل,1,,,,زجاجة,مل
كريستال سمن ذهبى 700جم,Cooking Ingredients,كريستال,700جم,1,,,,عبوة,جم
ليبتون شاي ناعم &#8211; 250جم,"Tea, Coffee & Hot Drinks",ليبتون,250جم,1,,,,عبوة,جم
هاينز خل زجاجه 1 لتر,Cooking Ingredients,هاينز,1لتر,1,,,,زجاجه,لتر
ريتش صدور دجاج مدخن,Poultry,ريتش,,1,,,,عبوة,
سليب توكس - مساعد النوم الليلي - 30 كيس شاي,"Tea, Coffee & Hot Drinks",سليب توكس,,30,,,,كيس,
Shams Alzhabiya Oil 1L,Cooking Ingredients,Shams Alzhabiya,1L,1,,,,زجاجة,L
كوكاكولا زيرو 950م,Soft Drinks & Juices,كوكاكولا,950م,1,,,,زجاجة,م
Hawaa Pasta Small Rings 400g,"Rice, Pasta & Pulses",Hawaa,400g,1,,,,كيس,g
Green Tea - Celmar - 100 Sachet,"Tea, Coffee & Hot Drinks",Celmar,100جم,1,,,,علبة,جم
لمار عصير رمان لتر طبيعى,Soft Drinks & Juices,لمار,لتر,1,,,,زجاجة,لتر
لانشون بيف سادة من اللحيمي,Beef & Processed Meat,اللحيمي,,1,,,,عبوة,
رنا هوت صوص عادى 88مل,"Sauces, Dressings & Condiments",رنا,88مل,1,,,,عبوة,مل
شيتوس فشار,Chips & Crackers,شيتوس,,1,,,,كيس,
اللحيمى سجق شرقى 850جم,Beef & Processed Meat,اللحيمى,850جم,1,,,,عبوة,جم
Nescafe Gold Tarika 100gm,"Tea, Coffee & Hot Drinks",Nescafe,100جم,1,,,,علبة,جم
بونجورنو قهوه ميكس خمسينه 6/1جرام *1*2,"Tea, Coffee & Hot Drinks",بونجورنو,1/6جم,1,,,,علبة,جم
لايت زيت,Cooking Ingredients,لايت,,1,,,,عبوة,
اكواز ذرة كاملة 450 جم من فالي دل سولي,Vegetables & Fruits,فالي دل سولي,450جم,1,,,,عبوة,جم
امريكان جاردن صوص بيتزا 397ج,"Sauces, Dressings & Condiments",امريكان جاردن,379ج,1,,,,عبوة,ج
Hohos Rolled Chocolate Cake With Coffee - 30 gram - 12 Pieces,Biscuits & Cakes,Hohos,30 gram,12,,,,باكو,gram
مندولين شيكولاته 2 صباع 50 جم,"Chocolates, Sweets & Desserts",مندولين,50جم,2,,,,عبوة,جم
كريستال زيت ذرة ٨٠٠مل,Cooking Ingredients,كريستال,800مل,1,,,,عبوة,مل
جهينه عصير بيور كوكتيل 235مل,Soft Drinks & Juices,جهينه,235مل,1,,,,عبوة,مل
ارز بسمتى فاخر ,"Rice, Pasta & Pulses",,,1,,,,كيس,
خبز حليب كبير 1 قطعة,Bakery,,,1,,,,كيس,
نستله مياة فوارة 240 مل 7.95 QTY,Water,نستله,240مل,1,,7.95,7.95,زجاجة,مل
ايلوو كولوسا صوص 500جم,"Sauces, Dressings & Condiments",ايلوو,500جم,1,,,,عبوة,جم
مكرونة هلالية من رويال - 1 كجم,"Rice, Pasta & Pulses",رويال,1كجم,1,,,,كيس,كجم
سفن دايت كانز 330 مل ,Soft Drinks & Juices,سفن اب,330مل,1,,,,كانز,مل
شيكولاتة كيندر ماكسي - 21جم,"Chocolates, Sweets & Desserts",كيندر,21جم,1,,,,عبوة,جم
مافا طماطم ,Vegetables & Fruits,مافا,,1,,,,كيس,
عصير مانجو قطع 230ملى اجا,Soft Drinks & Juices,اجا,230ملي,1,,,,زجاجة,ملي
حلوه بالقشطه او بالشوكلاته كيلو,"Chocolates, Sweets & Desserts",,,1,,,,عبوة,
Bab Elsham Syrian - 40 gram,Cooking Ingredients,Bab Elsham,40gram,1,,,,عبوة,gram
جرين لاند عصير جوافة 200 ملل,Soft Drinks & Juices,جرين لاند,200مل,1,,,,عبوة,مل
67.00 Nuggets 9 Reg 1,Poultry,,,9,,67,67,عبوة,
Diafa Cheddar Cheese With Paprika - 400 gm,Dairy & Eggs,Diafa,400gm,1,,,,عبوة,gm
موسي مشروب شعير 330مل متنوع,Soft Drinks & Juices,موسي,330مل,1,,,,عبوة,مل
كرانشى جبنه خطيره,Chips & Crackers,كرانشى,,1,,,,كيس,
كاب كيك مالتيزرز,Biscuits & Cakes,مالتيزرز,,1,,,,باكو,
نسكويك 13.5ج,"Tea, Coffee & Hot Drinks",نسكويك,13.5ج,1,,,,علبة,ج
Watania Frozen Chicken 1000-1100g,Poultry,Watania,1000-1100g,1,,,,عبوة,g
م سوبيا,Soft Drinks & Juices,,,1,,,,زجاجة,
Royal Dansk Danish Butter Cookies - 908 Gram,Biscuits & Cakes,Royal Dansk,,1,,,,باكو,
ريد بل 250 مل *24 علبه خالي من السكر,Soft Drinks & Juices,ريد بول,250مل,24,,,,علبه,مل
Ahmad Earl Grey Tea 250g,"Tea, Coffee & Hot Drinks",Ahmad,250gm,1,,,,عبوة,gm
ماكفيتيز بسكويت دايجستف لايت 400جم,Biscuits & Cakes,ماكفيتيز,400جم,1,,,,باكو,جم
500 مل غيار + 750 مل زجاج رشاش ,Cleaning Supplies,,500مل +750مل,2,,,,زجاج,مل
ديلى صن مينى عيش تورتيلا 250 جرام 10 ق ,Bakery,ديلى صن,250جرام,10,,,,كيس,جرام
هاينز خل زجاجه 1 لتر,Cooking Ingredients,هاينز,1لتر,1,,,,زجاجه,لتر
نستله مياه 1 ت*1 2,Water,نستله,1ل,2,,,,,
ليون شيبسي بالملح والخل 42-52 جم,Chips & Crackers,ليون,42-52جم,1,,,,أكياس,جم
ثرى شيفس بانيه فراخ عائلى حار 1ك,Poultry,ثرى شيفس,1ك,1,,,,عبوة,ك
شيبسى جبن متبله 8ج,Chips & Crackers,شيبسى,,1,,8,8,كيس,
شيبسى جامبو 133جم,Chips & Crackers,شيبسى,133جم,1,,,,كيس,جم
"Givrex Frozen Artichoke Filling, 500 gm ",Vegetables & Fruits,Givrex,500gm,1,,,,عبوة,gm
بيبسى كانز,Soft Drinks & Juices,بيبسي,,1,,,,كانز,
"Nestlé Pure Fizz Sparkling Water Lemon Flavor, 360ml",Water,Nestlé,360ml,1,,,,زجاجة,ml
كيك باوند ,Biscuits & Cakes,,,1,,,,باكو,
جبنة رومي قديم بالوزن ,Dairy & Eggs,,,1,,,,عبوة,
مصرية مكرونه 350ج,"Rice, Pasta & Pulses",مصرية,350ج,1,,,,كيس,ج
ابوعوف كارى,Cooking Ingredients,ابوعوف,,1,,,,عبوة,
بيبسى بلاستيك 250 مل,Soft Drinks & Juices,بيبسي,250مل,1,,,,بلاستيك,مل
بيبسى 1 لتر,Soft Drinks & Juices,بيبسى,1لتر,1,,,,عبوة,لتر
مينى مولتو شيكولاتة,Bakery,مولتو,,1,,,,كيس,
فرسكا ويفر بلوك سودانى,Biscuits & Cakes,فرسكا,,1,,,,باكو,
المراعى حليب خالى الدسم 1لتر 4ق وفر4ج,Dairy & Eggs,المراعى,1لتر,4,,,,عبوة,لتر
بيتى تروبيكانا برتقال 1لتر,Soft Drinks & Juices,بيتى,1لتر,1,,,,زجاجة,لتر
موز بلدى 3.435 14 48.09,Vegetables & Fruits,,0.435,1,,14,48.09,عبوة,
أمريكانا خضار مشكل 7أصناف 400 جم,Vegetables & Fruits,أمريكانا,400جم,1,,,,عبوة,جم
صن شاين تونه مفتته حاره 170 جم,"Tins, Jars & Packets",صن شاين,170جم,1,,,,,جم
شيتوس شطه عائلي ,Chips & Crackers,شيتوس,,1,,,,كيس,
جوليو عائلى,Chips & Crackers,جوليو,,1,,,,كيس,
مخبوزات الفرن باتون ساليه بالجبنه وزن,Bakery,,,1,,,,كيس,
برتقال بصرة وزن,Vegetables & Fruits,,,1,,,,كيس,
تايجر عائلى طماطم 55-51,Chips & Crackers,تايجر,55-51ج,1,,,,كيس,ج
Rose Water 40- Ml,Water,,40Ml,1,,,,زجاجة,Ml
علكه كلوريتس منعشه للتنفس نعناع,"Chocolates, Sweets & Desserts",كلوريتس,,1,,,,عبوة,
حلوانى بيف برجر 16قطعه 800 جم,Beef & Processed Meat,حلوانى,800جم,16,,,,عبوة,جم
بسكويت أمادا موود محشو بالشيكولاتة - 145جم,Biscuits & Cakes,أمادا,145جم,1,,,,باكو,جم
جهينه لبن رايب لايت 220 جم,Dairy & Eggs,جهينه,220جم,1,,,,عبوة,جم
علبه 4 قطع شوكوبون,Furniture,,,4,,,,علبه,قطع
President natural Cheese 500G,Dairy & Eggs,President,500gm,1,,,,عبوة,gm
اريال قرص 15 قرص,Cleaning Supplies,اريال,,15,,,,,قرص
بن مخصوص ساده 1ك,"Tea, Coffee & Hot Drinks",,1ك,1,,,,علبة,ك
Single Chocolate Bar - 51g - 24 Pcs,"Chocolates, Sweets & Desserts",,51جم,24,,,,عبوة,جم
اكوافينا مياه طبيعيه 1.5لتر,Water,اكوافينا,1.5لتر,1,,,,زجاجة,لتر
تيفانى بسكويت داى ,Biscuits & Cakes,تيفانى,,1,,,,باكو,
جهينة زبادو بالفر 5.25 2,Dairy & Eggs,جهينة,,2,,5.25,5.25,زجاجة,
Ginkgo Tea Herbal  - 75 GM.,"Tea, Coffee & Hot Drinks",,75Gm,1,,,,عبوة,Gm
Juhayna juice 1 liter (except mango),Soft Drinks & Juices,Juhayna,1L,1,,,,عبوة,L
ايجى سويس لحم مفروم 350 جم,Beef & Processed Meat,ايجى سويس,350جم,1,,,,عبوة,جم
ممبار كندوز محشى,Beef & Processed Meat,,,1,,,,عبوة,
Corona Drinking Cocoa Powder 260g,"Tea, Coffee & Hot Drinks",Corona,260جم,1,,,,عبوة,جم
حلوانى كبة لحم بقرى 10 قطع,Beef & Processed Meat,حلوانى,,10,,,,عبوة,
ZAMZAM SPICES 70G,Cooking Ingredients,ZAMZAM,70جم,1,,,,عبوة,جم
بار شيكولاتة لواكر رازبيري يوجرت - 55 جم,Biscuits & Cakes,اولكر,55جم,1,,,,,جم
امتنان شاى اخضر 18فلتر,"Tea, Coffee & Hot Drinks",امتنان,,18,,,,علبة,
صوص فلفل تاباسكو - 60مل,"Sauces, Dressings & Condiments",تاباسكو,60مل,1,,,,عبوة,مل
السنبله بطاطس قطع كرانشى كت 1.5 كيلو,Vegetables & Fruits,السنبله,1.5كيلو,1,,,,عبوة,كيلو
Farm Fresh Okra Extra - 400 Gram,Vegetables & Fruits,Farm Fresh,400gm,1,,,,كيس,gm
Freska White Chocolate Wafer - 25gm,Biscuits & Cakes,Freska,25gm,1,,,,باكو,gm
علبة شوكولاتة جالاكسي جواهر متنوع - 650 جم,"Chocolates, Sweets & Desserts",جالاكسي,650جم,1,,,,عبوة,جم
Hayat Natural Water Bottle - 1.5L x 6 Pieces,Water,Hayat,1.5Litre,6,,,,عبوة,Litre
Healthy Pure Cow Ghee 750g,Cooking Ingredients,Healthy,750gm,1,,,,عبوة,gm
Nescafe Original Decaff 200g,"Tea, Coffee & Hot Drinks",Nescafe,200gm,1,,,,عبوة,gm
اللحيمى قطع لحم 1 كجم,Beef & Processed Meat,اللحيمى,1كجم,1,,,,عبوة,كجم
Americana Smoked Tuna Slices - 120gm,"Tins, Jars & Packets",Americana ,120gm,1,,,,علبة,gm
ديلي عصير مانجو او رمان 1لتر,Soft Drinks & Juices,ديلي,1لتر,1,,,,زجاجة,لتر
بسكويت الشمعدان الأصفر بحشو الشوكولاتة - 45 جرام,Biscuits & Cakes,الشمعدان,45جرام,1,,,,باكو,جرام
لانشون زيتون فودينا,Beef & Processed Meat,فودينا,,1,,,,,
Bab Elsham Paprika Powder - 45 gram,Cooking Ingredients,Bab Elsham,45gram,1,,,,عبوة,gram
2*كابريس صوابع ويفر بالبندق 115ج,Biscuits & Cakes,كابريس,115ج,2,,,,باكو,ج
ماكس علبه فشار مربعه 316,Furniture,ماكس,316جم,1,,,,علبه,
قشطه لحيمى دجاج وزن,Poultry,لحيمى,,1,,,,عبوة,
Emirates pasta vite 400gm ,"Rice, Pasta & Pulses",Emirates,400gm,1,,,,كيس,gm
دسانى مياه 600م,Water,دسانى,600مل,1,,,,زجاجة,مل
أكوافينا جالون 18.9 لتر,Water,أكوافينا,18.9لتر,1,,,,زجاجة,لتر
بورجس زيت عباد 2 لتر,Cooking Ingredients,بورجس,2لتر,1,,,,عبوة,لتر
شيفى كاتشب ميكس,"Sauces, Dressings & Condiments",شيفى,,1,,,,عبوة,
Sauce Ranch,"Sauces, Dressings & Condiments",,,1,,,,عبوة,
اكسبشن وش فخده كندوز وزن,Beef & Processed Meat,اكسبشن,,1,,,,عبوة,
زجاجه خل هاينز عرض,"Sauces, Dressings & Condiments",هاينز,,1,,,,زجاجة,
Freska Chocolate Wafer Biscuits - 26-28gm - Pack of 12,Biscuits & Cakes,Freska,26-28gm,12,,,,باكو,gm
RAZZ CUP CAKE CHOCOLATE 1P,Biscuits & Cakes,RAZZ,,1,,,,باكو,
"عبوة ١٨,٩ لتر",Water,,18.9لتر,1,,,,زجاجة,لتر
رو رقائق بطاطس بالجبنه الشيدر,Chips & Crackers,رو,,1,,,,كيس,
فريش فارم سجق شرقي، 850 جرام ,Beef & Processed Meat,فريش فارم,850جرام,1,,,,عبوة,جرام
فن داى سلايس كيك فانليا قطعه واحده,Biscuits & Cakes,فن داى,,1,,,,باكو,
فيريرو نيوتيلا شيكولاته 350جم,"Chocolates, Sweets & Desserts",فيريرو نيوتيلا,350جم,1,,,,عبوة,جم
هاينز مسترده عادى بلاستيكيه 235 جرام,"Sauces, Dressings & Condiments",هاينز,235جم,1,,,,عبوة,جم
فورنو ميكس يونانى,Chips & Crackers,فورنو,,1,,,,كيس,
ريتش دجاج بانيه 400 جم,Poultry,ريتش,400جم,1,,,,عبوة,جم
Guylian Seahorse Praline Chocolates - 168 G,"Chocolates, Sweets & Desserts",Guylian,168g,1,,,,عبوة,g
هاينز صوص ,"Sauces, Dressings & Condiments",هاينز,,1,,,,عبوة,
الضحى فلفل قرون 55جم,Cooking Ingredients,الضحى,55جم,1,,,,عبوة,جم
Schweppes Types 250 Ml Glass,Soft Drinks & Juices,Schweppes,250مل,1,,,,زجاجة,مل
سبينيس بطاطس بوم فريت، 2 كيلو,Vegetables & Fruits,بوم فريت,2كيلو,1,,,,عبوة,كيلو
ذرة حلوة كاملة مونارك - 340جم,"Tins, Jars & Packets",مونارك,340جم,1,,,,عبوة,جم
Keshtah Full Cream Milk Powder Can 300g,Dairy & Eggs,Keshtah,300g,1,,,,عبوة,g
شيبسى ملح عائلى جديد,Chips & Crackers,شيبسى,,1,,,,كيس,
حلوانى مقلى حار,Poultry,حلوانى,,1,,,,عبوة,
بسكويت شاي من غندور - 85 جم,Biscuits & Cakes,غندور,85جم,1,,,,عبوة,جم
سبرايت بلاستك,Soft Drinks & Juices,سبرايت,,1,,,,زجاجة,
Funday Marble Cake Slice 1pc,Biscuits & Cakes,Funday,,1,,,,عبوة,
بيبسى بلاستيك 0.97 لتر,Soft Drinks & Juices,بيبسى,0.97لتر,1,,,,زجاجة,لتر
Pearl Water 450ml,Water,Pearl,450ml,1,,,,زجاجة,ml
El Maleka Pasta Spaghetti 400g,"Rice, Pasta & Pulses",El Maleka,400g,1,,,,كيس,g
ملح ناعم نور 450جم,Cooking Ingredients,نور,450جم,1,,,,عبوة,جم
الكرامة - قواعد بيتزا صغيرة ٤٤٠ غرام,Bakery,الكرامة,440غرام,1,,,,كيس,غرام
ميرسي أرقى تشكيلة شوكولاتة 400 جم,"Chocolates, Sweets & Desserts",ميرسي,400جم,1,,,,عبوة,جم
جهبينه زبادى طبيعى 105جم,Dairy & Eggs,جهبينه,105gm,1,,,,عبوة,gm
ام اند امر فول سوداني 50جم,"Chocolates, Sweets & Desserts",ام اند امر,50جم,1,,,,عبوة,جم
الحمد ارز 1ك,"Rice, Pasta & Pulses",الحمد,1ك,1,,,,كيس,ك
Pasta Fusilli - 350 g,"Rice, Pasta & Pulses",,350 g,1,,,,,g
Anker PowerPort Mini White,Bakery,Anker,,1,,,,عبوة,
عصير جوسي فريش رمان 300مل,Soft Drinks & Juices,جوسي فريش,300مل,1,,,,زجاجة,مل
الملكة لسان عصفور 400 جم,"Rice, Pasta & Pulses",الملكة,400جم,1,,,,,جم
نستله مياه 330مل,Water,نستله,330مل,1,,,,زجاجة,مل
Chillin Seedless Dry Plum 500g,Vegetables & Fruits,,500gm,1,,,,كيس,gm
Dark chocolate,"Chocolates, Sweets & Desserts",,,1,,,,عبوة,
Tashkila Black Olives - 710g,"Tins, Jars & Packets",Tashkila ,710g,1,,,,عبوة,g
بط طازج وزن,Poultry,,,1,,,,عبوة,
خل من جاردينو - 1 لتر,"Sauces, Dressings & Condiments",جاردينو,1لتر,1,,,,عبوة,لتر
water small,Water,,,1,,,,زجاجة,
أكوافينا مياه معدنية 600 مل,Water,أكوافينا,600مل,1,,,,زجاجة,مل
صياد سمك خفيف قطع تونة في فول الصويا مع محلول ملحي 170 جرام,"Tins, Jars & Packets",صياد سمك,170جرام,1,,,,علبة,جرام
كاليفورنيا فول مقشور مع فلفل حار سهل الفتح450جم,"Tins, Jars & Packets",كاليفورنيا,450جم,1,,,,عبوة,جم
كلاس ايه ايلوو تكساس برجر صوص 500جرام,"Sauces, Dressings & Condiments",ايلوو,500جم,1,,,,عبوة,جم
المراعى لانشون ,Beef & Processed Meat,المراعى,,1,,,,عبوة,
فايروز اناناس كانز م330 3 6.5 19.5,Soft Drinks & Juices,فايروز,330مل,3,,6.5,19.5,عبوة,مل
شيتوس فشار بطعم الطماطم الحارة 72 جم,Chips & Crackers,شيتوس,72جم,1,,,,أكياس,جم
CRF NATURAL WATER 1.5L*12,Water,CRF,1.5Litre,12,,,,عبوة,Litre
فوق اتوماتيك دوانى ١ كج ملك التوفي,Cleaning Supplies,دوانى,1كج,1,,,,عبوة,كج
كرتونه ميي نستلهاه معدنيه 600 م,Water,نستله,600م,1,,,,كرتونة,م
حلوانى بسطرمه بقرى وزن,Beef & Processed Meat,حلوانى,,1,,,,عبوة,
Kean Juice Peach 1L,Soft Drinks & Juices,Kean,1L,1,,,,عبوة,L
روشن شيكولاته غامقة بالبندق الكامل 90 جم,"Chocolates, Sweets & Desserts",روشن,90gm,1,,,,عبوة,gm
بربيكان كانز 250مل 3*1,Soft Drinks & Juices,بربيكان,250مل,3,,,,زجاجة,مل
" Regina Penne Pasta, 1 Kg","Rice, Pasta & Pulses",Regina,1 Kg,1,,,,كيس,Kg
فلفيتا منعم ومعطرملابس مركز لافندر 2كجم,Cleaning Supplies,فلفيتا,2كجم,1,,,,عبوة,كجم
Atyab Grilled Chicken Fillet 500g,Poultry,Atyab,500g,1,,,,عبوة,g
Swiss Ch. VEAL SAUSAGE 400g ,Beef & Processed Meat,Swiss Ch.,400gm,1,,,,عبوة,gm
نستله مياه معدنيه غيار 2,Water,نستله,,1,,,,زجاجة,
حليب كامل الدسم المراعي - 1لتر ,Dairy & Eggs,المراعي,1لتر,1,,,,عبوة,لتر
Picagrill Garlic and Parsley Croutons 75g,Bakery,Picagrill,75g,1,,,,كيس,g
Lamar Lemon Mint ,Soft Drinks & Juices,Lamar,,1,,,,زجاجة,
دومتى جبنه اسطنبولى طبيعى,Dairy & Eggs,دومتى,,1,,,,عبوة,
ion dark orange 90g ,"Chocolates, Sweets & Desserts",ion,90gm,1,,,,عبوة,gm
شرائح بطاطس باربيكيو مدخن ليز جورميه - 58جم ,Chips & Crackers,ليز,58جم,1,,,,أكياس,جم
هاريبو حلوى ,"Chocolates, Sweets & Desserts",هاريبو,,1,,,,عبوة,
ستار مكرونه انواع 1ك لهلوبه,"Rice, Pasta & Pulses",ستار,1ك,1,,,,كيس,ك
نستله مياه فواره توت 360مل,Water,نستله,360مل,1,,,,زجاجة,مل
مايونيز 210,"Sauces, Dressings & Condiments",,210جم,1,,,,عبوة,جم
اريكس اسفنج مواعين 3 قطعة,Cleaning Supplies,اريكس,,3,,,,,قطعة
Rizi Sweet Chili Sauce 700 ml ,"Sauces, Dressings & Condiments",Rizi,700ml,1,,,,عبوة,ml
هوهوز فراوله والكريمه,Biscuits & Cakes,هوهوز,,1,,,,باكو,
فرازه كبده 500جم,Poultry,فرازه,500جم,1,,,,عبوة,جم
Abu Ali Chicken Pane Spices - 40 gram,Poultry,Abu Ali,40gram,1,,,,عبوة,gram
CRF NATURAL WATER 1.5L,Water,CRF,1.5Litre,1,,,,زجاجة,Litre
مصفاة استانلس بيد بلاستيك الوان 8 سم,Furniture,,8سم,1,,,,بلاستيك,سم
دايت سفن كانز,Soft Drinks & Juices,سفن,,1,,,,زجاجة,
بطاطس بوم فريت ماما شويس2.5 ك ,Vegetables & Fruits,ماما شويس,2.5ك,1,,,,,ك
اعشاب تيليو رويال بالجوافه 20ف,"Tea, Coffee & Hot Drinks",رويال,,20,,,,علبة,
روسو صلصه 370جم,"Tins, Jars & Packets",روسو,370جم,1,,,,علبة,جم
فيتنس توست اعشاب,Chips & Crackers,فيتنس,,1,,,,كيس,
مكرونة خواتم من ميلانو - 400 جم,"Rice, Pasta & Pulses",ميلانو,400جم,1,,,,كيس,جم
Mokate Gold Classic Cappuccino - 18 gram,"Tea, Coffee & Hot Drinks",Mokate,18جرام,1,,,,علبة,جرام
ليندت ايكسيلنس دارك نعناع 100جم,"Chocolates, Sweets & Desserts",ليندت,100جم,1,,,,عبوة,جم
أرز السوهاجى - 1 كيلو,"Rice, Pasta & Pulses",السوهاجى,1كيلو,1,,,,كيس,كيلو
فريماز سناكس بالجبنه والبصل 75 جم,Chips & Crackers,فريماز,75جم,1,,,,أكياس,جم
Almarai Half Cream Milk - 1 Liter,Dairy & Eggs,Almarai,1L,1,,,,عبوة,L
اكوافينا مياه طبيعيه 18.5 لتر,Water,اكوافينا,18.5لتر,1,,,,زجاجة,لتر
مسحوق اريال اتوماتيك 8كجم +1كجم مجانا,Cleaning Supplies,اريال,8كجم+1كجم,1,,,,عبوة,كجمكجم
ريحانة ذرة فيشار -  500 جم,"Rice, Pasta & Pulses",ريحانة,500جم,1,,,,كيس,جم
بودرة كاكاو هينتز - 454 جم,"Chocolates, Sweets & Desserts",هينتز,454جم,1,,,,عبوة,جم
فن داى كيك فانيليا 32جم ,Biscuits & Cakes,فن داى,32جم,1,,,,باكو,جم
بانيه فريش بالوزن 96.00 1.492 143.23,Poultry,,1.492,1,,96,143.23,عبوة,
الضحى ارز 1 ك ,"Rice, Pasta & Pulses",الضحى,1ك,1,,,,كيس,ك
KITKAT 2 FINGER MP LANTERN 4+1,"Chocolates, Sweets & Desserts",KITKAT,,5,,,,عبوة,
Dasani Water 330ml,Water,Dasani,330ml,1,,,,زجاجة,ml
مزارع دينا عصير ليمون بالنعناع زجاج 250,Soft Drinks & Juices,مزارع دينا,250مل,1,,,,زجاجة,مل
المراعى لبن شوكولاته 200مل,Dairy & Eggs,المراعى,200مل,1,,,,عبوة,مل
بسكوت جوز هند لينو 30,Biscuits & Cakes,لينو,30,1,,,,باكو,
Al Walima Spring Roll Chips - 160 gm ,Bakery,Al Walima,160 gm,1,,,,عبوة,gm
بانية برجر دجاج حار أطياب,Poultry,أطياب,,1,,,,عبوة,
شيفى ميكس كاتشب 360جم,"Sauces, Dressings & Condiments",شيفى ميكس,360جم,1,,,,عبوة,جم
باب الشام ثوم 45ج,Cooking Ingredients,باب الشام,45جم,1,,,,عبوة,جم
حدائق كاليفورنيا فول ساده 1 0 9.00,"Tins, Jars & Packets",حدائق كاليفورنيا,,1,,9,9,علبة,
دومتى فيتا بلس لايت 250جم,Dairy & Eggs,دومتى,250جم,1,,,,عبوة,جم
Rani Guava 240ml ,Soft Drinks & Juices,Rani,240ml,1,,,,عبوة,ml
جبنة موزاريلا بريزيدن مبشورة - 200جم,Dairy & Eggs,بريزيدن,200جم,1,,,,عبوة,جم
بن  محوج فاتح برازيلى اكسترا - 200 جرام - قهوه تركي,"Tea, Coffee & Hot Drinks",,200جم,1,,,,عبوة,جم
لمار مشروب غصير برتقال ,Soft Drinks & Juices,لمار,,1,,,,زجاجة,
ميلكي مان حليب بالتمر,Dairy & Eggs,ميلك مان,,1,,,,,
Paradise Mango Nectar Juice - Set of 12 - 300 ml,Soft Drinks & Juices,Paradise,300مل,12,,,,زجاجة,مل
"Koki Crunchy Chicken Wings Mild, 700 Gm",Poultry,Koki,700Gm,1,,,,عبوة,Gm
6.000 مياه معدنية ص 1.0,Water,,,1,,6,6,زجاجة,
علبه مشكل لوكس 27 ق,Sweets & Desserts,,,27,,,,علبه,ق
تيمري كبدة وقوانص دجاج طازجة 1 كجم,Poultry,تيمري,1كجم,1,,,,عبوة,كجم
Olive Oil - 500 ML,Cooking Ingredients,,500ml,1,,,,عبوة,ml
لورا صحيحه وزن,Cooking Ingredients,,,1,,,,عبوة,
FRESH FARM BEEF KOFTA 900 G,Beef & Processed Meat,FRESH FARM,900G,1,,,,عبوة,G
MINI KATAKITO WAFER *80P,Biscuits & Cakes,KATAKITO,80g,1,,,,باكو,g
ماجى خلطة مشاوى ,Cooking Ingredients,ماجى,,1,,,,عبوة,
عصير جوافة 500م,Soft Drinks & Juices,,500م,1,,,,زجاجة,م
مكرونه فرن مشرشره الملكه 1ك,"Rice, Pasta & Pulses",الملكه,,1,,,,كيس,
لانشون الحسن والحسين 400جم انواع,Beef & Processed Meat,الحسن والحسين,400جم,1,,,,عبوة,جم
12.75 ريتش بيتى بان 235 ج,Bakery,ريتش,235ج,1,,,,كيس,ج
مسحوق اريال للغسيل اليدوي، لافندر - 1 كجم,Cleaning Supplies,اريال,1كجم,1,,,,عبوة,كجم
كوكى لانشون ساده وزن ,Beef & Processed Meat,كوكى,,1,,,,عبوة,
Ulker Fingers Biscuits - 40 g - Pack of 12 Pieces,Biscuits & Cakes,Ulker,40 g,12,,,,,g
هوت صوص مسطرده,"Sauces, Dressings & Condiments",,,1,,,,عبوة,
Atyab Hot Grilled Chicken Wings 500g,Poultry,Atyab,500g,1,,,,عبوة,g
American Garden French 267ml,"Sauces, Dressings & Condiments",American Garden,267ml,1,,,,عبوة,ml
لافى مياة 1.5 مل 4.00 1 4.00,Water,لافى,1.5لتر,1,,4,4,زجاجة,لتر
زاهر جبنه براميلى فلفل وزن,Dairy & Eggs,زاهر,,1,,,,عبوة,
شيبسي خضراء,Chips & Crackers,شيبسي,,1,,,,كيس,
خبز بلدي سن,Bakery,,,1,,,,كيس,
تى سى بوى تونة قط ٢٤.٩٥ ٣ ٧٤.٨٥,"Tins, Jars & Packets",تي سي بوي,,3,,24.95,74.85,,
Queen Penne Pasta - 350 grams,"Rice, Pasta & Pulses",Queen,350 grams,1,,,,كيس,grams
Al Neyadi Arabic Bread 5pcs,Bakery,Al Neyadi,,5,,,,عبوة,
حلوانى سمبوسك جبنة 400 جم,Bakery,حلوانى,400جم,1,,,,كيس,جم
بطاطس برنجلز باربيكيو 130جرام,Chips & Crackers,برنجلز,130جرام,1,,,,كيس,جرام
Chefy Mix Chicken Bouillon 150g,Cooking Ingredients,Chefy Mix,150g,1,,,,عبوة,g
Avanti Feta Cheese - 250 gram,Dairy & Eggs,Avanti,250gm,1,,,,عبوة,gm
Lamar Guava Drink 1L ,Soft Drinks & Juices,Lamar,1L,1,,,,عبوة,L
Choice Cauliflower Carrots - 2.5kg,Vegetables & Fruits,Choice,2.5kg,1,,,,كيس,kg
جبنة براميلى مصرية قديمة 250 جرام الوزن تقريبا,Dairy & Eggs,,250جم,1,,,,عبوة,جم
عنب احمر وزن 0%,Vegetables & Fruits,,,1,,,,عبوة,
كريبوس عيش سورى 8قطع,Bakery,,,8,,,,كيس,
Temry Chilled Chicken Fillet 1kg ,Poultry,Temry,1kg,1,,,,عبوة,kg
لانشون اللحيمي بقطع البسطرمه,Beef & Processed Meat,اللحيمي,,1,,,,,
Calnort Beef Stock Powder 250g,Cooking Ingredients,Calnort,250g,1,,,,عبوة,g
شاى من ليبتون - 100 فتلة,"Tea, Coffee & Hot Drinks",,100جم,1,,,,علبة,جم
El Shamadan Biscuits Wafer Chocolate - 45 gram - 12 Count,Biscuits & Cakes,El Shamadan,45gram,1,,,,باكو,gram
علبه طرشي,"Tins, Jars & Packets",,,1,,,,علبه,
جواهر مكرونه اسباجنتى 350ج,"Rice, Pasta & Pulses",جواهر,350ج,1,,,,كيس,ج
ماي ميت لانشون بقري 250 جم,Beef & Processed Meat,ماي ميت,250جم,1,,,,عبوة,جم
داونى 1 لتر نسيم الوادى زجاجه,Laundry & Detergents,داوني,1لتر,1,,,,زجاجه,لتر
2 علبه فول محوج كبيره,"Tins, Jars & Packets",,,2,كبيره,,,علبه,كبيره
فاين فودز صلصه .ج.م 4 .ج.م,"Tins, Jars & Packets",فاين فودز,,1,,4,4,علبة,
فلفل الوان مشكل 1.085 18 19.53,Vegetables & Fruits,,1.085,1,,18,19.53,عبوة,
green beans,Vegetables & Fruits,,,1,,,,عبوة,
كفتة بقري ميتلاند - 350 جم,Beef & Processed Meat,ميتلاند,350جم,1,,,,عبوة,جم
S Mineral water ,Water,,,1,,,,زجاجة,
ويندكس منظف زجاج غيار ,Cleaning Supplies,ويندكس,,1,,,,زجاج,
ديليكاتيسى شرائح اسان بقرى مدخن 150ج,Beef & Processed Meat,ديليكاتيسى,150جم,1,,,,عبوة,جم
"Halwani Beef Burger, 1 Kg",Beef & Processed Meat,Halwani,1Kg,1,,,,عبوة,Kg
Abo El Walad Triangle Cheese - 32 Pieces,Dairy & Eggs,Abo El Walad,,32,,,,عبوة,
Tea Rose Rich Kenya Dust Tea 40g,"Tea, Coffee & Hot Drinks",Tea Rose,40g,1,,,,علبة,g
ك تونه قطع فى زيت,"Tins, Jars & Packets",,,1,,,,,
دومتى جبنه فيتا,Dairy & Eggs,دومتى,,1,,,,عبوة,
Top of the pop popcorn chocolate and caramel 100g,Chips & Crackers,Top of the pop,100g,1,,,,كيس,g
بيك رولز ميكس جبن 2.0000 1 2.00,Chips & Crackers,بيك رولز,,1,,2,2,كيس,
جيلى ترولى بطعم الكولا,"Chocolates, Sweets & Desserts",ترولى,,1,,,,عبوة,
ليبتون شاى فتله اتقل اكسجين 25فلتر,"Tea, Coffee & Hot Drinks",ليبتون,,25,,,,عبوة,
شرائح ماكريل معلبة بزيت عباد الشمس من فيشر مان - 125 جرام,"Tins, Jars & Packets",فيشر مان,125جم,1,,,,عبوة,جم
(240ml) Juice,Soft Drinks & Juices,,240ml,1,,,,عبوة,ml
كانز,Soft Drinks & Juices,,,1,,,,كانز,
شيخ العرب ارز ابيض 5 كجم 3 62.00 186.00,"Rice, Pasta & Pulses",شيخ العرب,5كجم,3,,62,186,كيس,كجم
كولا 1لتر,Soft Drinks & Juices,كولا,1لتر,1,,,,زجاجة,لتر
بيتى عصير اناناس 1ل,Soft Drinks & Juices,بيتى,1ل,1,,,,زجاجة,ل
سويس تشويس سوسيس بقرى جبنه 400 جم,Beef & Processed Meat,سويس تشويس,400جم,1,,,,عبوة,جم
كنور صوص الديمي ,"Sauces, Dressings & Condiments",كنور,,1,,,,عبوة,
بيبسى زجاجه بلاستيك,Soft Drinks & Juices,بيبسي,,1,,,,بلاستيك,
تايجر اكسترا كرانشي شيبسي شطه مولعه,Chips & Crackers,تايجر,,1,,,,كيس,
قهوة الشعير العضوية - 90 جم - خالية من الكافيين + كوب مجاني,"Tea, Coffee & Hot Drinks",,90جم,1,,,,عبوة,جم
8.75 sm. Water,Water,,,1,,8.75,8.75,زجاجة,
Dasani Water 330ml,Water,Dasani,330ml,1,,,,زجاجة,ml
سجق بقري محلي قليل الدسم 300 جرام,Beef & Processed Meat,,300جرام,1,,,,عبوة,جرام
روتانا زبده 1كم,Cooking Ingredients,روتانا,1كجم,1,,,,عبوة,كجم
لانشون 0.145 كجم 6.96 ج,Beef & Processed Meat,,0.145كجم,1,,6.96,6.96,عبوة,كجم
كولا كانز 300 مل ستار فانتا تفاح,Soft Drinks & Juices,فانتا,300مل,1,,,,كانز,مل
Remia French Salad Dressing - 250ml,"Sauces, Dressings & Condiments",Remia,250ml,1,,,,عبوة,ml
Earl Grey Loose - 100 g,"Tea, Coffee & Hot Drinks",Earl,100 g,1,,,,,g
فاصوليا فريش رقم1,Vegetables & Fruits,,,1,,,,كيس,
ش.جبن متبل بيج شيبسي,Chips & Crackers,بيج شيبسي,,1,,,,كيس,
فحمه قفل مفتاح فلتر علبه زيت دريكسيون,Cooking Ingredients,,,1,,,,علبه,
ويندكس منظف زجاج غيار ,Cleaning Supplies,ويندكس,,1,,,,زجاج,
جهينه عصير فائق الجوده 235مل,Soft Drinks & Juices,جهينه,235مل,1,,,,عبوة,مل
بطاطس تحمير  وزن,Vegetables & Fruits,,,1,,,,كيس,
شاي الوردة 25 فتلة 1.000 5.00 5.00,"Tea, Coffee & Hot Drinks",الوردة,,25,,5,5,علبة,
ريجينا مكرونة فرن 10 مم 400 جم,"Rice, Pasta & Pulses",ريجينا,400جم,1,,,,كيس,جم
"El Shamadan Wave Wafer With Hazelnut Cream, 5 Pieces",Biscuits & Cakes,El Shamadan,,5,,,,باكو,
ديتول معقم اسطح اصلى رشاش 500مل,Cleaning Supplies,ديتول,500مل,1,,,,عبوة,مل
Yamama Orange Blossom Water 750ml,Cooking Ingredients,Yamama,750ml,1,,,,عبوة,ml
دومتى عصير 1لتر مانجو-خوخ ,Soft Drinks & Juices,دومتى,1لتر,1,,,,زجاجة,لتر
ياس عصير مانجو 200 ملل,Soft Drinks & Juices,ياس,200مل,1,,,,عبوة,مل
مياه ص,Water,,,1,,,,زجاجة,
زمرا اسبرتشا 250مل,"Sauces, Dressings & Condiments",زمرا,250مل,1,,,,عبوة,مل
Schweppes Bold Malt Beverage 300ml,Soft Drinks & Juices,Schweppes,300مل,1,,,,زجاجة,مل
Isis Mineral Water Gallon 11 L,Water,Isis,11L,1,,,,زجاجة,L
Haneya Big Rings Pasta - 400 Gram,"Rice, Pasta & Pulses",Haneya,400Gram,1,,,,كيس,Gram
علبه فول ساده,"Tins, Jars & Packets",,,1,,,,علبه,
تيفانى بسكويت دايجيستيف لايت 250جم,Biscuits & Cakes,تيفانى,250جم,1,,,,عبوة,جم
مستر بوب فيشار ,Chips & Crackers,مستر بوب,,1,,,,كيس,
كوكاكولا زجاج سهلة الفتح 330 5.75 3 17.25,Soft Drinks & Juices,كوكاكولا,,3,,5.75,17.25,زجاجة,
ميرندا برتقال 1 لتر,Soft Drinks & Juices,ميرندا,1لتر,1,,,,زجاجة,لتر
عصير جهينه توت مشكل ١لتر 14%,Soft Drinks & Juices,جهينه,1لتر,1,,,,عبوة,لتر
منظف الافران والبوتجاز والشوايات-2قطعة - 660 مللى,Cleaning Supplies,,660مللي,2,,,,عبوة,مللي
جبنه شيدر افنتى وزن,Dairy & Eggs,افنتى,,1,,,,عبوة,
هاينز كاتشب دويباك جم 285,"Sauces, Dressings & Condiments",هاينز,285ج,1,,,,,ج
نستله زبادى تفاح وقرفه 105,Dairy & Eggs,نستله,105gm,1,,,,عبوة,gm
جلبه 3 /4 لحام بلاستيك,Furniture,,,1,,,,بلاستيك,
مستر بوتيتو المقرمش الأصلي بنكهة الملح 160جم,Chips & Crackers,مستر بوتيتو,160جم,1,,,,أكياس,جم
Basma Spinach 400 g ,Vegetables & Fruits,Basma,400gm,1,,,,كيس,gm
مونتانا بسلة بالجزر 400 جرام,Vegetables & Fruits,مونتانا,400جم,1,,,,كيس,جم
كيك الراسك,Biscuits & Cakes,,,1,,,,باكو,
بيبسى كانز ,Soft Drinks & Juices,بيبسي,,1,,,,كانز,
صن توب عصير اناناس 1 لتر,Soft Drinks & Juices,صن توب,1لتر,1,,,,زجاجة,لتر
كوكي جولد ٩ق ,Poultry,كوكي,,9,,,,عبوة,
MILKA TRIPLE CARAMEL &amp;ALMOND 90G,"Chocolates, Sweets & Desserts",MILKA,90gm,1,,,,عبوة,gm
Durra Tomato Ketchup hot300 g ,"Sauces, Dressings & Condiments",Durra,300g,1,,,,,g
هاينز مايونيز 940جم عادى,"Sauces, Dressings & Condiments",هاينز,940جم,1,,,,عبوة,جم
بالسن وافليتين ويفر لفائف البسكويت بالشوكولاته 100 جم,Biscuits & Cakes,بالسن وافليتين,100جم,1,,,,عبوة,جم
مياه طبيعية اكوا دلتا، 600 مل - 12 عبوة,Water,اكوا دلتا،,600مل,12,,,,عبوة,مل
الشمندر٥٠٠جم,Vegetables & Fruits,,500جم,1,,,,عبوة,جم
نستله بيور لايف مياه ى610 مللى زجاجه,Water,نستله,610مللى,1,,,,زجاجه,مللى
Water علبة 2.00 1.50,Water,,1.5لتر,1,,2,2,زجاجة,لتر
زجاجه مياه صغيره,Water,,,1,صغيره,,,زجاجه,صغيره
الضحى ملاحة مستكة 20 جم,Cooking Ingredients,الضحى,20جم,1,,,,عبوة,جم
(600ml*20) Carton,Water,,600ml,20,,,,كرتونة,ml
Qaha sherbet rose/strawberry 1 liter,Soft Drinks & Juices,Qaha,1Liter,1,,,,عبوة,Liter
Loacker Gran Pasticceria Fine Milk Chocolate Biscuits With Coconut Cream 100g,Biscuits & Cakes,Loacker,100gm,1,,,,عبوة,gm
"Sunshine Express Solid Tuna Easy Open, 160g","Tins, Jars & Packets",Sunshine ,160gm,1,,,,علبة,gm
كورونا فالدا جيلي باستيليا 20جم,"Chocolates, Sweets & Desserts",كورونا,20جم,1,,,,عبوة,جم
هاربيو حلوى جيلى كولا لاذع 70 جم,"Chocolates, Sweets & Desserts",هاربيو,70جم,1,,,,عبوة,جم
Sunny Cooking Oil 1.8Litre,Cooking Ingredients,,1.8L,1,,,,عبوة,L
شاي ليبتون - 50 فتلة,"Tea, Coffee & Hot Drinks",ليبتون,50جم,1,,,,علبة,جم
كارفور مياه ,Water,كارفور,,1,,,,زجاجة,
مج زجاج بالغطاء ,Furniture,,,1,,,,زجاج,
نسكافيه 18 جم 2 *1 علبه,Tea and Coffee,نسكافيه,18جم,2,,,,علبه,جم
جهينة عصير اناناس 1لتر,Soft Drinks & Juices,جهينة,1لتر,1,,,,زجاجة,لتر
Thai Dancer Pickled Ginger - 454 Gram,"Tins, Jars & Packets",Thai Dancer,454Gram,1,,,,علبة,Gram
ديو ماونتن كانز 330 مل,Soft Drinks & Juices,ديو ماونتن,330مل,1,,,,كانز,مل
Givrex Frozen Peeled Broad Beans - 400 Gram,"Rice, Pasta & Pulses",Givrex,400 Gram,1,,,,كيس,Gram
علبه جاهزه 1 كجم  كعك عجميه,Sweets & Desserts,,1كجم,1,,,,علبه,كجم
اكوافينا جالون 18.9لتر ,Water,اكوافينا,18.9لتر,1,,,,زجاجة,لتر
كتاكيتو اكسترا ,Biscuits & Cakes,كتاكيتو,,1,,,,باكو,
سيوه مياه طبيعيه,Water,سيوه,,1,,,,زجاجة,
الدوار جبنه قريش 1كيلو,Dairy & Eggs,الدوار,1كيلو,1,,,,عبوة,كيلو
Al Doha Mastic - 3gm,Cooking Ingredients,Al Doha,3gm,1,,,,عبوة,gm
كاتتي كاتشب 500ج ,"Sauces, Dressings & Condiments",كاتتي,500جم,1,,,,عبوة,جم
كادبرى 35ج ساندوتش شاكو ,Bakery,كادبرى,35ج,1,,,,كيس,ج
تونه بالليمون وفلفل بزيت دوار الشمس,"Tins, Jars & Packets",,,1,,,,علبة,
بيبسي كانز ,Soft Drinks & Juices,بيبسي,,1,,,,كانز,
دولفين تونة شرائح ذهبية بالليمون 170 جم,"Tins, Jars & Packets",دولفين,170جرام,1,,,,علبة,جرام
فانتا مش توت كانز 330 مل	,Soft Drinks & Juices,فانتا,330مل,1,,,,كانز,مل
Dry Saidi Keshk 450g,Vegetables & Fruits,,450g,1,,,,علبة,g
Al Watania Chicken Breasts Bone in - 1 kg,Poultry,Al Watania,1kg,1,,,,عبوة,kg
امتنان سل 450 ج,Cooking Ingredients,امتنان,450جم,1,,,,عبوة,جم
مكرونه ايطالينو مرمريه400جم,"Rice, Pasta & Pulses",ايطالينو,,1,,,,كيس,
علبه بيتيفور,Bakery,,,1,,,,علبه,
بافاريا شراب شعير فراوله كانز 330 مل,Soft Drinks & Juices,بافاريا,330مل,1,,,,كانز,مل
GALAXY choclate Flutes 4Finger Choc45gm ,"Chocolates, Sweets & Desserts",GALAXY,45g,1,,,,عبوة,g
Egy Garden Medium Couscous 1 kg ,"Rice, Pasta & Pulses",Egy Garden,1kg,1,,,,كيس,kg
Atyab Olive Luncheon kg,Beef & Processed Meat,Atyab,kg,1,,,,عبوة,kg
منظف وملمع الاسطح الزجاجية بتركيبة متطورة - 550مللى,Cleaning Supplies,,550مللي,1,,,,زجاجة,مللي
18.73 برقوق مستور,Vegetables & Fruits,,,1,,18.73,18.73,كيس,
علبه توم اند بصل,Vegetables & Herbs,,,1,,,,علبه,
بيبتو لبان عجله,"Chocolates, Sweets & Desserts",بيبتو,,1,,,,عبوة,
Sweet Doritos (B),Chips & Crackers,Doritos,,1,,,,كيس,
DANUP MAX PEACH 400 GM,"Tins, Jars & Packets",DANUP MAX,400GM,1,,,,علبة,GM
باب الشام شطة 45 جم,Cooking Ingredients,باب الشام,45جم,1,,,,عبوة,جم
برييزدون ملح خفيف وزن,Dairy & Eggs,برييزدون,,1,,,,علبة,
توليدو تونه قطعه واحده 185جم,"Tins, Jars & Packets",توليدو,185جم,1,,,,علبة,جم
Maggi Less Salt Chicken Stock Cubes - 20 gram,Cooking Ingredients,Maggi,20جم,1,,,,عبوة,جم
احمد تى شاى بالفانيليا,"Tea, Coffee & Hot Drinks",احمد تى,,1,,,,علبة,
American Garden Pasta Sauce Garlic &amp; Herb 397g,"Sauces, Dressings & Condiments",American Garden,397gm,1,,,,عبوة,gm
ليبتون 250ج,"Tea, Coffee & Hot Drinks",ليبتون,250جم,1,,,,عبوة,جم
Rich Beef Burger 300 gm,Beef & Processed Meat,Rich,300gm,1,,,,عبوة,gm
Alreef Almasry Brown Eggs 30pcs,Dairy & Eggs,Alreef Almasry,,30,,,,علبة,
جهينه اورينتال نكتار قمر الدين 1 لتر,Soft Drinks & Juices,جهينه,1لتر,1,,,,زجاجة,لتر
T 8.05 هارفست خل 1 لتر (M),"Sauces, Dressings & Condiments",هارفست,1لتر,1,,8.05,8.05,عبوة,لتر
بسكاتو شاتو بسكويت شوكولاتة 140 جم,Biscuits & Cakes,بسكاتو شاتو,140جم,1,,,,باكو,جم
بيج بابول لبان بالتوت 27 جم,"Chocolates, Sweets & Desserts",بيج بابول,,1,,,,عبوة,
تورته نص ونص فاكهه ونيتيلا24,"Chocolates, Sweets & Desserts",,,1,,,,عبوة,
LuLu Frozen Okra Fine Value Pack 2 x 400g,Vegetables & Fruits,LuLu,400gm,2,,,,كيس,gm
شاي  ورق الجوافة العشبي - 75 جم.,"Tea, Coffee & Hot Drinks",,75جم,1,,,,عبوة,جم
جهينه كلاسيك عصير تفاح 235مل,Soft Drinks & Juices,جهينه,235مل,1,,,,عبوة,مل
دومتى كريمة مطبوخة سادة 380 جم,Dairy & Eggs,دومتى,380جم,1,,,,عبوة,جم
دومتى كريمى متنوع 240ج,Dairy & Eggs,دومتى,240جرام,1,,,,عبوة,جرام
سناكس 27-34جم رانشيتو,Chips & Crackers,,27-34جم,1,,,,كيس,جم
مازولا مايونيز بالفلفل الحار340مللي,"Sauces, Dressings & Condiments",مازولا,340ملي,1,,,,عبوة,ملي
الريف المصري بيض بني 15 قطعة,Dairy & Eggs,الريف المصري,,15,,,,طبق,
نسكافيه كلاسيك ظرف 1.8جم ,"Tea, Coffee & Hot Drinks",نسكافيه,1.8جم,1,,,,علبة,جم
تفاح اصفر ايطالى 1,Vegetables & Fruits,,,1,,,,كيس,
نستله مياه معدنيه جالون كامل يالمياه 18,Water,نستله,,18,,,,زجاجة,
بن ف ساده 100ج ع افندى,"Tea, Coffee & Hot Drinks",ع افندى,100ج,1,,,,علبة,ج
دساني جالون 18.90 لتر,Water,دساني,18.9لتر,1,,,,زجاجة,لتر
Dreem Chocolate Spread 900g,"Chocolates, Sweets & Desserts",Dreem,900gm,1,,,,عبوة,gm
بيلجيان شوكولاتة داكنة بالبرتقال 100 جم,"Chocolates, Sweets & Desserts",بيلجيان,100جم,1,,,,عبوة,جم
Cheesa Flamenco Cheese By Weight ,Dairy & Eggs,Cheesa,,1,,,,عبوة,
صن شاين فانسى قطعه واحده 185جم,"Tins, Jars & Packets",صن شاين,185جم,1,,,,علبة,جم
19.95 توست بني,Bakery,,,1,,19.95,19.95,كيس,
Lino Original Oat Biscuits - 30 Gram,Biscuits & Cakes,Lino,30g,1,,,,باكو,g
Lipton Kharaz Tea 250G ,"Tea, Coffee & Hot Drinks",Lipton,250gm,1,,,,عبوة,gm
Atyab Chicken Strips Hot 500g,Poultry,Atyab,500g,1,,,,عبوة,g
البوادى طحينة 475جم ,"Sauces, Dressings & Condiments",البوادى,475جم,1,,,,عبوة,جم
ستار مكرونه 400 جم فرن,"Rice, Pasta & Pulses",ستار,400جم,1,,,,كيس,جم
فارم فريتس بطاطس ويدجز بريميام 750جم,Vegetables & Fruits,فارم فريتس,750جم,1,,,,كيس,جم
LAMAR LEMON MINT DRINK200M*4R,Soft Drinks & Juices,LAMAR,200ml,1,,,,عبوة,ml
Al Watania Frozen Chicken 800 - 850g,Poultry,Al Watania,850g,1,,,,عبوة,g
نستله مياه 1ل *12,Water,نستله,1ل,12,,,,زجاجة,ل
مياه طبيعيه 1.5لتر,Water,,1.5لتر,1,,,,زجاجة,لتر
ماجى مرقه 12مكعب,Cooking Ingredients,ماجى,,12,,,,عبوة,
وراك دجاج بالعظم,Poultry,,,1,,,,عبوة,
Holsten Apple Flavour Non Alcoholic Beer 330ml,Soft Drinks & Juices,Holsten,330ml,1,,,,زجاجة,ml
Fisherman Light Tuna Solid in Brine 3 x 65g,"Tins, Jars & Packets",Fisherman,65g,3,,,,عبوة,g
Abu Ali Cinnamon - 40 gram,Cooking Ingredients,Abu Ali,40gram,1,,,,عبوة,gram
اكوا دلتا مياه طبيعية، 1.5 لتر - 6 عبوة,Water,اكوا دلتا,1.5لتر,6,,,,عبوة,لتر
شيخون سلطه زيتون ,"Tins, Jars & Packets",شيخون,,1,,,,علبة,
امريكان جاردن - صلصة حارة على طريقة لويزيانا - 177 مل,"Sauces, Dressings & Condiments",امريكان جاردن,177مل,1,,,,عبوة,مل
بكر ممتاز 1ل,Cooking Ingredients,,1ل,1,,,,عبوة,ل
شيفي ميكس خردل 150 جم,Cooking Ingredients,شيفي ميكس,150جم,1,,,,عبوة,جم
فاميلى لايف عيش تورتيلا 15سم,Bakery,فاميلى لايف,,1,,,,كيس,
دجاج 1200,Poultry,,1200ج,1,,,,عبوة,ج
الطاهيه فاصوليا حمراء,"Tins, Jars & Packets",الطاهيه,,1,,,,علبة,
ايطاليانو مكرونه الصدفه 400جم,"Rice, Pasta & Pulses",ايطاليانو,400جم,1,,,,كيس,جم
Juhayna Tomato Puree 1/2L ,"Tins, Jars & Packets",Juhayna ,1/2L,1,,,,علبة,L
رويال مكرونة خواتم - 400جم,"Rice, Pasta & Pulses",رويال,400جم,1,,,,كيس,جم
429.12 Sauce Oyster . Fillet 2,"Sauces, Dressings & Condiments",,,1,,,,عبوة,
ILOU Ketchup 500 g ,"Sauces, Dressings & Condiments",ILOU,500 g,1,,,,,g
بان وسط عشاق الجبنه,Bakery,,,1,,,,كيس,
نسكافيه 18.5جم كابتشينو لاتيه,"Tea, Coffee & Hot Drinks",نسكافيه,18.5جم,1,,,,علبة,جم
بيف بيكون مدخن من فريش فارم,Beef & Processed Meat,فريش فارم,,1,,,,عبوة,
مقرمشات كونو بافس طماطم مجنون,Chips & Crackers,كونو,,1,,,,كيس,
كلاسيك كولكشن كوكيز 40 جم,Biscuits & Cakes,كلاسيك,40جم,1,,,,باكو,جم
امريكان ايجلز مشروب بذور الريحان 290 مل مانجو,Soft Drinks & Juices,امريكان ايجلز,290مل,1,,,,عبوة,مل
ريد مبيد الحشرات الزاحفة، 300 ملل,Cleaning Supplies,ريد,300ملل,1,,,,عبوة,ملل
بيبيتو مارشيميلو وردي ابيض,"Chocolates, Sweets & Desserts",بيبيتو,,1,,,,عبوة,
كنافة لوتس,"Chocolates, Sweets & Desserts",,,1,,,,عبوة,
بيبسي 250,Soft Drinks & Juices,بيبسي,250مل,1,,,,زجاجة,مل
سبانخ بيبى 100جم,Vegetables & Fruits,,100جم,1,,,,كيس,جم
شيبسى حار نار 6ج 85-75جم,Chips & Crackers,شيبسى,75-85جم,1,,6,6,كيس,جم
بصل احمر القصر وزن,Vegetables & Fruits,القصر,,1,,,,كيس,
Puvana Pure Natural Water 1Litre,Water,Puvana,1Litre,1,,,,زجاجة,Litre
Greens Bicarbonate Soda 100g,Cooking Ingredients,Greens,100gm,1,,,,عبوة,gm
Choice BBQ Sauce – 320gm,"Sauces, Dressings & Condiments",Choice,320gm,1,,,,عبوة,gm
Rich Bake Plain Crunchy Toast - 170g,Bakery,Rich Bake,170g,1,,,,كيس,g
Sunflower Oil 5 Liter,Cooking Ingredients,,5L,1,,,,عبوة,L
Fairy Dishwasher Capsules All In One Lemon 16pcs,Cleaning Supplies,Fairy,,16,,,,عبوة,
رانى عصير خوخ 240مل ,Soft Drinks & Juices,رانى,240مل,1,,,,زجاجة,مل
ريتش بيك توست عادى 500جم,Bakery,ريتش بيك,500جم,1,,,,كيس,جم
جبنة جبنتي بطعم القشطة - 500جم,Dairy & Eggs,جبنتي,500جم,1,,,,عبوة,جم
شوكولاتة الحليب كورونا، 35 جم - 12 عبوة,"Chocolates, Sweets & Desserts",كورونا,35جم,12,,,,عبوة,جم
"Juhayna Greek Yogurt, 5% Fat - 105 gm",Dairy & Eggs,Juhayna,105gm,1,,,,عبوة,gm
Magic Floor Cleaner - Green Valleys Scent - 1.8Liter,Cleaning Supplies,,1.8 Liter,1,,,,عبوة,Liter
برنيكه مودرن سبت خضار بلاستيك 3 *1,Furniture,برنيكه,,1,,,,بلاستيك,
هاينز مسطردة 235 جم 1 16.75 16.75,"Sauces, Dressings & Condiments",هاينز,235جم,1,,16.75,16.75,,جم
نستله نسكافيه موكا قهوه 18G,"Tea, Coffee & Hot Drinks",نسكافيه,18g,1,,,,عبوة,g
"Fresh Farm Beef Burger, 400 Gm",Beef & Processed Meat,Fresh Farm,400Gm,1,,,,عبوة,Gm
كورونا فاندر باست ,"Chocolates, Sweets & Desserts",كورونا,,1,,,,عبوة,
FUNDAY fruits popcorn 60 gm ,Chips & Crackers,FUNDAY,60gm,1,,,,كيس,gm
Abido Chicken Shawarma Spices 100g,Cooking Ingredients,Abido,100G,1,,,,عبوة,G
Abu Auf Turkish Coffee Blend 500gm,"Tea, Coffee & Hot Drinks",Abu Auf,500gm,1,,,,عبوة,gm
وعاء بلاستيك م ب س,Furniture,,,1,,,,بلاستيك,م
مايا مياه 2ليتر *6,Water,مايا,2لتر,6,,,,زجاجة,لتر
regina Pasta penne1k ,"Rice, Pasta & Pulses",regina,1k,1,,,,كيس,k
Lavache Quirit Portion Cheese Calcium 24pcs,Dairy & Eggs,Lavache Quirit,,24,,,,علبة,
Lurpak natural u ,Cooking Ingredients,Lurpak,,1,,,,عبوة,
حلوه زيت للقلى والطهى 2.5لتر,Cooking Ingredients,حلوه,2.5لتر,1,,,,عبوة,لتر
كوكى بيف سجق شرقي، 900 جرام,Beef & Processed Meat,كوكى,900جرام,1,,,,عبوة,جرام
نسكافيه كابتشينو الفانيليا علبه 12,Tea and Coffee,نسكافيه,,12,,,,علبه,
جبنه رومي قديم بدون حرف وز,Dairy & Eggs,,,1,,,,,
al hayat local  Mineral water,Water,al hayat,,1,,,,زجاجة,
ابو عوف ارز بسمتي ,"Rice, Pasta & Pulses",ابو عوف,,1,,,,كيس,
جورمى بطاطس ويدجز متبله ,Vegetables & Fruits,جورمى,,1,,,,كيس,
كويك بيك سناكس ,Chips & Crackers,كويك بيك,,1,,,,كيس,
مياه فوارة نستله بيور فيز بالتفاح - 360مل,Water,نستله,360مل,1,,,,زجاجة,مل
HyperOne Indian Basmati Rice - 5k,"Rice, Pasta & Pulses",HyperOne,5k,1,,,,كيس,k
حافظه بلاستيك,Furniture,,,1,,,,بلاستيك,
MC SAUCE RANCH DRESSING 250G,"Sauces, Dressings & Condiments",MC SAUCE,250gram,1,,,,عبوة,gram
Cup  Sauce  Cocktail ,"Sauces, Dressings & Condiments",,,1,,,,عبوة,
الاطيب مكرونة خواتم ك 1ك,"Rice, Pasta & Pulses",الاطيب,1ك,1,,,,كيس,ك
1 تايجر بطاطس جبنة 5متبلة 5.00 5.00,Chips & Crackers,تايجر,,1,,5,5,كيس,
Molto Magnum Chocolate 1 pcs ,Bakery,Molto,,1,,,,كيس,
مياه طبيعيه حياه 19لتر,Water,حياه,19لتر,1,,,,زجاجة,لتر
نسكافيه كراميل 3*1 ظرف,"Tea, Coffee & Hot Drinks",نسكافيه,,1,,,,علبة,
بريزيدون حبنه ثلاجه بلاستيك 500 جم ,Dairy & Eggs,بريزيدن,500جم,1,,,,بلاستيك,جم
مشروب طاقة ريد بُل 4 × 250 مل,Soft Drinks & Juices,ريد بُل,250مل,4,,,,زجاجة,مل
White Beans 500g,"Rice, Pasta & Pulses",,500g,1,,,,كيس,g
"Morgana Yellow Vegetable Ghee, 1 Kg",Cooking Ingredients,Morgana,1kg,1,,,,عبوة,kg
كادبورى شيكولاته بابلي 87جم,"Chocolates, Sweets & Desserts",كادبورى,87جم,1,,,,عبوة,جم
كفته سيخ فريش وزن,Beef & Processed Meat,,,1,,,,عبوة,
"Heinz Tomato Ketchup, 850 g","Sauces, Dressings & Condiments",Heinz,850 g,1,,,,,g
McVitie's Original Digestive Biscuits - 29.4gm - Pack of 12,Biscuits & Cakes,McVitie's Original Digestive,29.4gm,12,,,,عبوة,gm
Taste Cordon Bleu 2 pieces,Poultry,Taste,,2,,,,عبوة,
1 جالون 19 لتر 40.00 40.00,Water,,19لتر,1,,,,عبوة,لتر
ML 600 WATER DASANI,Water,DASANI,600ML,1,,,,زجاجة,ML
20.00 Large Water 1,Water,,,1,,20,20,زجاجة,
Remia Barbeque Sauce - 250ml,"Sauces, Dressings & Condiments",Remia,250ml,1,,,,عبوة,ml
Regina Farfalle Pasta - 400 Gram,"Rice, Pasta & Pulses",Regina,400 Gram,1,,,,كيس,Gram
9.75 جوافة,Vegetables & Fruits,,75جم,1,,9.75,9.75,عبوة,جم
هيرو طقم اطباق بلاستيك مستطيله 6 ق,Furniture,هيرو,,6,,,,بلاستيك,ق
كيري ديبي 35 جم,Dairy & Eggs,كيري,35جم,1,,,,عبوة,جم
نادك حليب كامل الدسم 1لتر,Dairy & Eggs,نادك,1لتر,1,,,,عبوة,لتر
السابور تورتيلا قمح 8 ق 144 جرام,Bakery,السابور,جرام144,8,,,,,جرام
بسكويت هالى كبير فراوله ,Biscuits & Cakes,هالى,,1,,,,باكو,
Clorox Disinfecting Bathroom Cleaner Spray Bottle 500 ml,Cleaning Supplies,Clorox,500ml,1,,,,Bottle,ml
اوكسى سائل تنظيف,Cleaning Supplies,اوكسى,,1,,,,عبوة,
Mingle Fast Coffee 3in1 Original 12 x 18g,"Tea, Coffee & Hot Drinks",Mingle,18g,1,,,,عبوة,g
جهينه كلاسيك برتقال 235مل,Soft Drinks & Juices,جهينه,235مل,1,,,,عبوة,مل
حلوانى لحم مفروم900جم,Beef & Processed Meat,حلوانى,900جم,1,,,,عبوة,جم
لونج شيبس طماطم 75 جم,Chips & Crackers,لونج شيبس,75جم,1,,,,أكياس,جم
Molto Mini Magnum Strawberry ,Bakery,Molto,,1,,,,كيس,
مياه نسله ص,Water,نسله,,1,,,,زجاجة,
بسكويت تمر,Biscuits & Cakes,,,1,,,,باكو,
مكسيكانا أرز مصري 1 كجم,"Rice, Pasta & Pulses",مكسيكانا,1كجم,1,,,,كيس,كجم
شعرية مكرونة 350 جم 6 0 8.00 48.00,"Rice, Pasta & Pulses",,350جم,6,,8,48,كيس,جم
بيسكو مصر بسكويت شاي,Biscuits & Cakes,بيسكو مصر,,1,,,,باكو,
فارم تشيز جبنة شيدر مبشور 1 كجم,Dairy & Eggs,فارم تشيز,1كجم,1,,,,عبوة,كجم
شطه باب الشام 45 جم,Cooking Ingredients,باب الشام,45جم,1,,,,عبوة,جم
Fayrouz Apple malt can,Soft Drinks & Juices,Fayrouz,,1,,,,زجاجة,
9.00 4.50 2 مانشو بريتزل بالجبنة الحارة 35 جم,Chips & Crackers,مانشو,35جم,2,,4.5,9,كيس,جم
كاليفورنيا ذره حلوه 400جم,"Tins, Jars & Packets",كاليفورنيا,400جم,1,,,,علبة,جم
شرائح جبن مدخنة تشيزا - 150 جرام,Dairy & Eggs,تشيزا,150جم,1,,,,عبوة,جم
El Salam Frozen Sambousak Box - 350g ,Bakery,El Salam,350g,1,,,,باكو,g
درة كاتشب بارد500جم,"Sauces, Dressings & Condiments",درة,500جم,1,,,,عبوة,جم
دسانى مياه طبيعيه 600مل,Water,دسانى,600مل,1,,,,زجاجة,مل
Roasty Spicy Chicken Pane - 500 gram,Poultry,Roasty,500gram,1,,,,عبوة,gram
تيارا فلفل مكسيكي 660 جم,"Tins, Jars & Packets",تيارا,660جم,1,,,,عبوة,جم
بيور منظف زجاج عرض,Cleaning Supplies,بيور,,1,,,,زجاج,
بيض المرسى 10 بلدى,Dairy & Eggs,المرسى,,10,,,,عبوة,
جلاكسي 36 جم بندق,"Chocolates, Sweets & Desserts",جلاكسي,36جم,1,,,,عبوة,جم
دوسيه بلاستيك ,Furniture,,,1,,,,بلاستيك,
قرفه عيدان مطحون الخطيب,Cooking Ingredients,الخطيب,,1,,,,عبوة,
لانشون اللحيمي بقطع البسطرمه,Beef & Processed Meat,اللحيمي,,1,,,,عبوة,
THREE CHEFS BEEF BURGER400G,Beef & Processed Meat,THREE CHEFS,400gm,1,,,,عبوة,gm
Strawberry Flavored Candys - 20 Packs,"Chocolates, Sweets & Desserts",,,20,,,,عبوة,
Fresh Chicken Liver 500g,Poultry,,500g,1,,,,عبوة,g
Haribo Goldbears Fruit Flavour Jelly Candy 160g,"Chocolates, Sweets & Desserts",Haribo,160g,1,,,,علبة,g
مفروم بقرى فريش وزن,Beef & Processed Meat,,,1,,,,عبوة,
لامبورجيني مشروب طاقه 250 مل ,Soft Drinks & Juices,لامبورجيني,250مل,1,,,,زجاجة,مل
الوطنيه بانيه دجاج 1ك,Poultry,الوطنيه,1ك,1,,,,عبوة,ك
هوت دوج سويس تشويس - 1 كجم,Beef & Processed Meat,سويس تشويس,1كجم,1,,,,عبوة,كجم
اعشاب ينسون رويال 20فتله,"Tea, Coffee & Hot Drinks",رويال,,20,,,,علبة,
لمار عصير توت برى 200 مل,Soft Drinks & Juices,لمار,200مل,1,,,,عبوة,مل
جبنة كيري كريمي سبريد - 350 جم,Dairy & Eggs,كيري,350جم,1,,,,عبوة,جم
حلوى بالزبده 20ق	,"Chocolates, Sweets & Desserts",,,20,,,,عبوة,
شويبس جولد انانس 330 مل,Soft Drinks & Juices,شويبس,330مل,1,,,,زجاجة,مل
كانز,Soft Drinks & Juices,,,1,,,,كانز,
Chunko's Choco Sandwich ,Biscuits & Cakes,Chunko's,,1,,,,باكو,
امريكانا اكسترا بامية 400 جم,Vegetables & Fruits,امريكانا,400جم,1,,,,عبوة,جم
بسكوت شمعدان كتاكيتو,Biscuits & Cakes,شمعدان كتاكيتو,,1,,,,باكو,
Snacks Beef & Chili Flavor - 75gm,Chips & Crackers,,75gm,1,,,,كيس,gm
مياه طبيعيه دسانى 18.9 لتر,Water,دسانى,18.9لتر,1,,,,زجاجة,لتر
جرانورو طماطم مقشرة - 400جم,"Tins, Jars & Packets",جرانورو,400جم,1,,,,عبوة,جم
مكعبات لحم بقرى بلدى بالدسم,Beef & Processed Meat,,,1,,,,عبوة,
El-Maleka Pasta Forn 400Gr ,"Rice, Pasta & Pulses",El-Maleka,400Gr,1,,,,كيس,Gr
"صن شاين تونة مفتتة سهلة الفتح , 170 جرام","Tins, Jars & Packets",صن شاين,170جرام,1,,,,علبة,جرام
مياه شرب طبيعية من نستله - 1.5 لتر,Water,نستله,1.5لتر,1,,,,زجاجة,لتر
شيخون بصل,"Tins, Jars & Packets",شيخون,,1,,,,علبة,
بيتى با قطعه ,Bakery,بيتى,,1,,,,كيس,
ابو عوف قهوه تركى فاتح محوج 200جم,"Tea, Coffee & Hot Drinks",ابو عوف,200جم,1,,,,عبوة,جم
سيارا دجاج مجمد ,Poultry,سيارا,,1,,,,عبوة,
ثوميه صوص,"Sauces, Dressings & Condiments",,,1,,,,عبوة,
El-Maleka Pasta Spaghetti 400G ,"Rice, Pasta & Pulses",El-Maleka,400G,1,,,,كيس,G
هاريبو جيلي دبه ,"Chocolates, Sweets & Desserts",هاريبو,,1,,,,عبوة,
Carrefour Frozen Whole Chicken - 1200-1300g,Poultry,Carrefour,1200-1300g,1,,,,عبوة,g
Durra Hot Ketchup - 230gm,"Sauces, Dressings & Condiments",Durra,230gm,1,,,,عبوة,gm
شيدر  وزن,Dairy & Eggs,,,1,,,,عبوة,
ثوم مفروم فارم فريش - 400جم,Vegetables & Fruits,فارم فريش,400جم,1,,,,عبوة,جم
Taste Pure Smoked Turkey 250g,Poultry,Taste,250g,1,,,,عبوة,g
Beverag... Malt Flavour Peach Fayrouz,Soft Drinks & Juices,Fayrouz,,1,,,,عبوة,
بريتزل بطعم الباربكيو35/40جم,Chips & Crackers,,35/40جم,1,,,,كيس,جم
شيبسى بطاطس 82ج,Chips & Crackers,شيبسى,82ج,1,,,,كيس,ج
Safcol Solid White Meat Tuna in Sunflower Oil 170g,"Tins, Jars & Packets",Safcol ,170g,1,,,,علبة,g
Taste Pure Roast Beef Kg,Beef & Processed Meat,Taste Pure,kg,1,,,,عبوة,kg
جهينه عصير حجم جديد,Soft Drinks & Juices,جهينه,,1,,,,زجاجة,
Barilla Fusilli Gluten Free 400g,"Rice, Pasta & Pulses",Barilla,400g,1,,,,كيس,g
بيبسى 250 مل بلاستيك زجاجه,Soft Drinks & Juices,بيبسي,250مل,1,,,,بلاستيك,مل
Al Doha Yellow Lentil 500Gr ,"Rice, Pasta & Pulses",Al Doha,500Gr,1,,,,كيس,Gr
Chipsy Super Potato Chips Cheddar Mix - 48 gram,Chips & Crackers,Chipsy,48gram,1,,,,كيس,gram
سائل منظف الايدي رينول ، جوز الهند وحليب - 500 مل,Cleaning Supplies,رينول,500مل,1,,,,عبوة,مل
مياه  كبيره,Water,,,1,,,,زجاجة,
كوكوكولا لتر,Soft Drinks & Juices,كوكوكولا,1لتر,1,,,,عبوة,لتر
أميريكان جاردن فشار بالزبدة خفيف خالي من الدهون (ميكروويف) 240 جم,Chips & Crackers,أميريكان جاردن,240جرام,1,,,,كيس,جرام
مياه شرب طبيعية من نستله - 1.5 لتر,Water,نستله,1.5لتر,1,,,,زجاجة,لتر
Atyab Chicken Launcheon kg,Poultry,Atyab,kg,1,,,,عبوة,kg
14.85 ليون بطاطس فراخ68 ج 3 @4.95,Chips & Crackers,ليون,68ج,3,,4.95,14.85,,ج
معمول ابو علي بالتمر - 40 جم,Bakery,ابو علي,40جم,1,,,,كيس,جم
علبه مناديل بدرج ايكو,Disposables & Napkins,ايكو,,1,,,,علبه,
بهارات لحمة باب الشام - 40 جم,Cooking Ingredients,باب الشام,40جم,1,,,,عبوة,جم
دساني مياة طبيعية - 1.5 لتر - عبوة من 12,Water,دساني,1.5لتر,12,,,,عبوة,لتر
رقبه بقرى,Beef & Processed Meat,,,1,,,,,
عيش اكسبريس ,Bakery,اكسبريس,,1,,,,كيس,
10 10 1 مياة صغيرة,Water,,,1,,10,10,زجاجة,
الشربتلى موز مستورد 1ك,Vegetables & Fruits,الشربتلى,1ك,1,,,,عبوة,ك
Fresh Orange carrot juice,Soft Drinks & Juices,,,1,,,,زجاجة,
موز بلدي ١.٨٦٥ جرام ١٧.٠٠ ٣١.٧١,Vegetables & Fruits,,1.865جرام,1,,17,31.71,عبوة,جرام
RAZZ CUP CAKE CHOCOLATE 1 P,Biscuits & Cakes,RAZZ,,1,,,,,P
بيك رولز بمكس جبن - 103جم - عبوة من 12,Chips & Crackers,بيك رولز,103جم,12,,,,كيس,جم
علبه 1343 منزل,"Personal care, skin & body care",,,1,,,,علبه,
المراعى زبادى تارت يونانى 105جم,Dairy & Eggs,المراعى,105gm,1,,,,عبوة,gm
علب سمبوسك مجمد السلام - 350 جم,Bakery,السلام,350جم,1,,,,كيس,جم
العطار شاي ابيض - 20 فتلة,"Tea, Coffee & Hot Drinks",العطار,,20,,,,عبوة,
ريجينا مكرونه خواتم,"Rice, Pasta & Pulses",ريجينا,,1,,,,كيس,
مكرونه الملكه,"Rice, Pasta & Pulses",الملكه,,1,,,,كيس,
SAFI WATER 330M,Water,SAFI,330M,1,,,,زجاجة,M
بيك رولز سناك من القمح بطعم الجبنة 40 جم,Chips & Crackers,بيك رولز,40جم,1,,,,كيس,جم
خبز  سوفت 4*80 قطع ,Bakery,,,8,,,,كيس,
5.00 1.25 4 ابو عوف قهوة سريعة التحضير جولد,"Tea, Coffee & Hot Drinks",ابو عوف,,4,,1.25,5,علبة,
Concentrated Disinfectant Liquid Cleaner – Lavender Scent – 250ml,Cleaning Supplies,,250ml,1,,,,عبوة,ml
لايون شيبس جبنه 42-52جم,Chips & Crackers,لايون,42-52جم,1,,,,كيس,جم
Maggi Chicken Stock Cubes - 20 gram - 24 Cubes,Cooking Ingredients,Maggi,20جم,24,,,,عبوة,جم
تونة,"Tins, Jars & Packets",,,1,,,,علبة,
مفروم بقرى قليل ال,Beef & Processed Meat,,,1,,,,عبوة,
شوكولاته سى دى ام 95جرام 12 اوريو ,"Chocolates, Sweets & Desserts",سى دى ام,95جرام,12,,,,عبوة,جرام
كرانشي دجاج بانية عادى 40كوكى ,Poultry,كوكى,,1,,,,عبوة,
لافاش كيرى 16 قطعه,Dairy & Eggs,لافاش كيرى,,16,,,,عبوة,
"Sunbulah Puff Pastry Squares, 400 Gm ",Bakery,Sunbulah,400Gm,1,,,,كيس,Gm
شيبسى رقائق بطاطس بالشطه والليمون ,Chips & Crackers,شيبسى,,1,,,,كيس,
شوكولاتة بالحليب سموث - 56 جم - 12 قطعة,"Chocolates, Sweets & Desserts",,56جم,12,,,,علبة,جم
Dolce Dolceca Crispy Cocoa Cream Wafer With Brownies Flavor 20g,Biscuits & Cakes,Dolce Dolceca,20g,1,,,,باكو,g
نمره واحد منظف 660م,Cleaning Supplies,نمره واحد,660م,1,,,,عبوة,م
بهار محاشى الخطيب ,Cooking Ingredients,الخطيب,,1,,,,عبوة,
جهينه عصير فائف الجوده 235مل ,Soft Drinks & Juices,جهينه,235مل,1,,,,عبوة,مل
Apple Royal Gala Italy 1kg,Vegetables & Fruits,,1kg,1,,,,كيس,kg
صن شاين تونة قطعة واحدة بعلبة سهلة الفتح ، 185 جرام,"Tins, Jars & Packets",صن شاين,185جم,1,,,,علبة,جم
بيور لايف مياه فوارة تفاح ٣٦٠مل 7.95 1 7.95,Water,بيور لايف,360مل,1,,7.95,7.95,زجاجة,مل
طوفى توفكس,"Chocolates, Sweets & Desserts",توفكس,,1,,,,عبوة,
Strawberry Sauce - 107 Gm,"Sauces, Dressings & Condiments",,107Gm,1,,,,عبوة,Gm
Ilou Ketchup Mayonnaise Squeeze 500g,"Sauces, Dressings & Condiments",Ilou,500g,1,,,,عبوة,g
فريش تفاح سكرى ,Vegetables & Fruits,,,1,,,,كيس,
بانية دجاج من شيكيتيتا - 1 كجم,Poultry,شيكيتيتا,1كجم,1,,,,عبوة,كجم
METCO Ground Beef 350 gm ,Beef & Processed Meat,METCO,350gm,1,,,,عبوة,gm
فيبا 4 ك,Cleaning Supplies,فيبا,4ك,1,,,,عبوة,ك
ويفر بالشيكولاتة من كوفرتينا، 10 قطع,Biscuits & Cakes,كوفرتينا,,10,,,,باكو,
"Al Rabie Mixed Berry, Mango, Apple or Kiwi and Lemon Juice 330 ml",Soft Drinks & Juices,Al Rabie,330ml,1,,,,عبوة,ml
بن عربى اكسترا ,"Tea, Coffee & Hot Drinks",,,1,,,,علبة,
Emirates Spaghetti Pasta 400gm ,"Rice, Pasta & Pulses",Emirates,400gm,1,,,,كيس,gm
Crystal Corn Oil 750ml,Cooking Ingredients,Crystal,750ml,1,,,,عبوة,ml
شويبس انواع لتر 1 خوخ,Soft Drinks & Juices,شويبس,1لتر,1,,,,عبوة,لتر
مفروم برازيلي ٥٠٠ جم ١ ٤٥ ٤٥,Beef & Processed Meat,,500جم,1,,45,45,عبوة,جم
كانز,Soft Drinks & Juices,,,1,,,,كانز,
زيت زيتون بكر ممتاز 250 مل من فارمرز,Cooking Ingredients,فارمرز,250مل,1,,,,عبوة,مل
كلوركس ابيض 1 لتر,Cleaning Supplies,كلوركس,1لتر,1,,,,عبوة,لتر
ريتش بيك بيتى بان عادى,Bakery,ريتش بيك,,1,,,,كيس,
19.99 Large water Dasani 19.99 1.00,Water,Dasani,,1,,19.99,19.99,زجاجة,
ويندكس منظف زجاج 500 مل غيار لافندر,Cleaning Supplies,ويندكس,500مل,1,,,,زجاج,مل
"California Garden Solid Tuna With Sunflower Oil, 185 Gm","Tins, Jars & Packets",California Garden,185جم,1,,,,علبة,جم
FREYMAS SNAC.SOUR C&amp;DILL75GM ,Chips & Crackers,FREYMAS,75Gm,1,,,,كيس,Gm
Premium Barbecue Sauce – 340 gm,"Sauces, Dressings & Condiments",,340gm,1,,,,عبوة,gm
زيرو كانز 330مل,Soft Drinks & Juices,,330مل,1,,,,زجاجة,مل
Diet pepsi can,Soft Drinks & Juices,pepsi,,1,,,,زجاجة,
ويفر كتاكيتو بالشوكولاته من الشمعدان - 30 جرام,Biscuits & Cakes,الشمعدان,30جم,1,,,,باكو,جم
امريكان جاردن صلصة مكرونة بالمشروم 397,"Tins, Jars & Packets",امريكان جاردن ,397ج,1,,,,عبوة,ج
ريتش بيك خبز توست سادة,Bakery,ريتش بيك,,1,,,,كيس,
علبه مخلل,"Tins, Jars & Packets",,,1,,,,علبه,
زبادى 6 قطع اكتيفيا,Dairy & Eggs,اكتيفيا,,6,,,,عبوة,
Fanta Orange Soft Drink Can - 300m,Soft Drinks & Juices,Fanta,300مل,1,,,,زجاجة,مل
كلوريل كلين اب ليمون 4لتر 1*2 Quantity,Cleaning Supplies,كلوريل,4لتر,1,,,,عبوة,لتر
كل يوم عصير كوكتيل 225مل,Soft Drinks & Juices,كل يوم,225مل,1,,,,زجاجة,مل
علبه تقديم اسود رسم شعاع,Furniture,,,1,,,,علبه,
Green Tea Selection - 20 Foil,"Tea, Coffee & Hot Drinks",,,20,,,,علبة,
"Downy Concentrate Fabric Softener, Valley Dew - 1 Liter",Cleaning Supplies,Downy,1 Liter,1,,,,عبوة,Liter
حلوانى روست رومى وزن 0.335 210.00 70.35,Poultry,حلوانى,0.335,1,,210,70.35,عبوة,
سافكو سردين في زيت دوار الشمس 120 جم,"Tins, Jars & Packets",سافكو,120جم,1,,,,,جم
شعريه الملكه 400,"Rice, Pasta & Pulses",الملكه,400جم,1,,,,كيس,جم
خبز سوفت هايبروان - 5 قطع,Bakery,هايبروان,,5,,,,كيس,
بيبسى محمول لتر,Soft Drinks & Juices,بيبسى,1لتر,1,,,,عبوة,لتر
شيبسي 128-138ج,Chips & Crackers,شيبسي,128-138ج,1,,,,كيس,ج
مسطرده هاينزه 235جم,"Sauces, Dressings & Condiments",هاينز,235جم,1,,,,عبوة,جم
الامارات مكرونه كورلى مخطط 400جم,"Rice, Pasta & Pulses",الامارات,400جم,1,,,,كيس,جم
Special Light Coffee -100Gm,"Tea, Coffee & Hot Drinks",,100جم,1,,,,علبة,جم
22.67 Water-Large  Mineral 1,Water,,,1,,22.67,22.67,زجاجة,
تويستر بوكس-تويستر حار5 ارز بدون دجاج ساده-كول سلو صغير-بيبسي كانز ,Party supplies and gifts,بيبسي,,1,صغير,,,كانز,صغير
ريحانة عدس بجبه -  500 جم,"Rice, Pasta & Pulses",ريحانة,500جم,1,,,,كيس,جم
اابو عوف سبع بهارات ,Cooking Ingredients,اابو عوف,,1,,,,عبوة,
ار اس زيت زيتون بومس 1ل,Cooking Ingredients,ار اس,1ل,1,,,,عبوة,ل
ليون شيبسي بالجبنة المتبلة 42-52 جم,Chips & Crackers,ليون,42-52جم,1,,,,أكياس,جم
نستله بيور لايف م,Water,نستله,,1,,,,زجاجة,
شيبسى عائلى طماطم 5.00 1 5.00,Chips & Crackers,شيبسى,,1,,5,5,كيس,
كاري كوت أحمر,Vegetables & Fruits,,,1,,,,عبوة,
Deemah Glucose Biscuits - 45 grams,Biscuits & Cakes,Deemah,45grams,1,,,,باكو,grams
تورتا كيك فانيليا 6ق,Biscuits & Cakes,,,6,,,,باكو,
رانى عصير كانز,Soft Drinks & Juices,راني,,1,,,,كانز,
ميتكو هوت دوج 1كجم,Beef & Processed Meat,ميتكو,1كجم,1,,,,عبوة,كجم
شيبسى عائلى جبنه 80جم,Chips & Crackers,شيبسى,80جم,1,,,,كيس,جم
تيفاني دورينو شوكولاتة بالحليب 330 جم,"Chocolates, Sweets & Desserts",تيفاني,330جم,1,,,,عبوة,جم
لبنيتا جبن مثلثات طبيعي سيلفا 48 ق ع,Dairy & Eggs,لبنيتا,,48,,,,عبوة,
فيرن سمن700 جم,Cooking Ingredients,فيرن,700جم,1,,,,عبوة,جم
ترمس حلو بالوزن,"Rice, Pasta & Pulses",,,1,,,,كيس,
صنى زيت 750جم,Cooking Ingredients,صنى,750جم,1,,,,عبوة,جم
تونة كاليفورنيا جاردن لايت قطع بزيت عباد الشمس - 185 جرام,"Tins, Jars & Packets",كاليفورنيا جاردن ,185جم,1,,,,علبة,جم
تمرى فيليه دجاج فريش,Poultry,تمرى,,1,,,,عبوة,
دومتى عصير خوخ 235مل,Soft Drinks & Juices,دومتى,235مل,1,,,,عبوة,مل
تيستى بيور بسطرمه فاكيوم,Beef & Processed Meat,تيستى بيور,,1,,,,عبوة,
كلورتس لبان نعناع هادى10,"Chocolates, Sweets & Desserts",كلورتس,,10,,,,عبوة,
فول مصفي هارفست - 400 جم,"Tins, Jars & Packets",هارفست,400جم,1,,,,,جم
هاينز مايونيز 180جم,"Sauces, Dressings & Condiments",هاينز,180جم,1,,,,عبوة,جم
نستله مياه600م,Water,نستله,600مل,1,,,,زجاجة,مل
أحمد تي كولد برو شاي مثلج بالليمون والنعناع 20 كيس,"Tea, Coffee & Hot Drinks",أحمد تي,,20,,,,كيس,
Mineral water s,Water,,,1,,,,زجاجة,
Flax Seeds - 450 Gm,Cooking Ingredients,,450جم,1,,,,عبوة,جم
بسله بسمه بالجزر 400جم,Vegetables & Fruits,بسمه,400جم,1,,,,كيس,جم
LA VACHE QUI RIT CHEESE 88P,Dairy & Eggs,LA VACHE QUI RIT,,88,,,,علبة,
يوجو مشروب 220 ج,Soft Drinks & Juices,يوجو,220ج,1,,,,,ج
صن شاين تونه مفتته حاره 170جم,"Tins, Jars & Packets",صن شاين,170جم,1,,,,علبة,جم
عصير برتقال  طازج,Soft Drinks & Juices,,,1,,,,,
اريال جل لافندر 2.5كجم,Cleaning Supplies,اريال,2.5كجم,1,,,,عبوة,كجم
لمار مشروب 1 لتر,Soft Drinks & Juices,لمار,1لتر,1,,,,عبوة,لتر
بريتزل بدون ملح من لايف جرين - 180 جم,Chips & Crackers,لايف جرين,180جم,1,,,,كيس,جم
Brazilian Frozen Beef Chuck 500g Approx. Weight,Beef & Processed Meat,,500gm,1,,,,عبوة,gm
Tolido Fava Bean 400g,"Tins, Jars & Packets",Tolido ,400gm,1,,,,عبوة,gm
Mega Crab Chips 100g,Chips & Crackers,Mega,100g,1,,,,كيس,g
حبهان مطحون وزن ,Cooking Ingredients,,,1,,,,عبوة,
Strawberry Flavored Chewing Gum – 10 Pcs,"Chocolates, Sweets & Desserts",,,10,,,,عبوة,
ريتر سبورت مرجبا شيكولاتة بالمانجو - 100 جرام,"Chocolates, Sweets & Desserts",ريتر سبورت,100جم,1,,,,عبوة,جم
Cheetos Cheddar Cheese Flavour Popcorn -68 gram,Chips & Crackers,Cheetos,68 gram,1,,,,كيس,gram
MERAI LNCHON BASTERM,Beef & Processed Meat,MERAI,,1,,,,عبوة,
(1L) Pineapple,Soft Drinks & Juices,,1L,1,,,,زجاجة,L
شوكولاتة بابلي اوريو 12 *43 جم 10101411 علبة ,Sweets & Desserts,اوريو,43جم,12,,,,علبة,جم
زجاجه زيت شعر 250 مل بلاستيك,"Hair, Shower, Bath & Soap",,250مل,1,,,,بلاستيك,مل
فيريرو كيندر شوكولاتة 50 جم,"Chocolates, Sweets & Desserts",كيندر,50جم,1,,,,عبوة,جم
Portbello Mushroom 200g,Vegetables & Fruits,,200جم,1,,,,عبوة,جم
26.32 13.16 @ Water Dasani 2,Water,Dasani,,2,,13.16,26.32,,
Nestle Pure Life Apple Sparkling Water - 360ml x12,Water,Nestle,360ml,12,,,,كرتونة,ml
العروسة شاى ناعم 100 جم,"Tea, Coffee & Hot Drinks",العروسة,100جم,1,,,,,جم
سائل مُطهر- برائحة الصنوبر-3 عبوات - 750ملل,Cleaning Supplies,,750ملل,3,,,,عبوة,ملل
الضحي لوبيا 500 جم,"Rice, Pasta & Pulses",الضحي,500جم,1,,,,كيس,جم
علبه بوريه,Bakery,,,1,,,,علبه,
فاميلى لايف عيش تورتيلا 25 سم,Bakery,فاميلى لايف,,1,,,,كيس,
ينسون - 20 ظرف,"Tea, Coffee & Hot Drinks",,,20,,,,علبة,
شيبسي جبنه متبلع عائلي,Chips & Crackers,شيبسي,,1,,,,كيس,
Rose Khoshala Light Meat Tuna in Sunflower Oil 200g,"Tins, Jars & Packets",Rose ,200G,1,,,,عبوة,G
كاتشب هاينز 285جم باك,"Sauces, Dressings & Condiments",هاينز,285جم,1,,,,عبوة,جم
ريتش لحم بقري ,Beef & Processed Meat,ريتش,,1,,,,عبوة,
كوفى ميكس 12 جرام,"Tea, Coffee & Hot Drinks",,12جرام,1,,,,عبوة,جرام
دساني مياه 600 مل Quantity,Water,دساني,600مل,1,,,,زجاجة,مل
Large Milk Bread 1pkt,Bakery,,,1,,,,عبوة,
اكسترا هوت صوص - 180 جرام,"Sauces, Dressings & Condiments",اكسترا,180جرام,1,,,,عبوة,جرام
علبه بسبوسه بندق صغير وزن,Sweets & Desserts,,,1,صغير,,,علبه,صغير
فانتا برتقال 2.5 لتر,Soft Drinks & Juices,فانتا,2.5لتر,1,,,,زجاجة,لتر
الضحي ترمس 500جم,"Rice, Pasta & Pulses",الضحي,500جم,1,,,,كيس,جم
Fresh Farm Luncheon Turkey With Hot Pepper - 250 gram,Beef & Processed Meat,Fresh Farm,250gram,1,,,,عبوة,gram
بونجورنو كوفةى ميكس,"Tea, Coffee & Hot Drinks",بونجورنو,,1,,,,علبة,
بطاطس بالجبنة المتبلة من تايجر - 78جم,Chips & Crackers,تايجر,78جم,1,,,,كيس,جم
خل نجمه الزيتون 1لتر,"Sauces, Dressings & Condiments",نجمه الزيتون,1لتر,1,,,,عبوة,لتر
صافي مياه 660 مل,Water,صافي,660مل,1,,,,زجاجة,مل
Ilou Ketchup Mayonnaise Squeeze 500g,"Sauces, Dressings & Condiments",Ilou,500g,1,,,,عبوة,g
جلاش باللحمه,Bakery,,,1,,,,كيس,
Sprite Lemon Flavoured Soft Drink - 1.95,Soft Drinks & Juices,Sprite,1.95لتر,1,,,,عبوة,لتر
نستلة كرتونة مياه ك اوص,Water,نستلة,,1,,,,كرتونة,
Viva Banana Milk 200 ml,Dairy & Eggs,Viva,200ml,1,,,,عبوة,ml
Giardino Barbecue Sauce - 220 Grams ,"Sauces, Dressings & Condiments",Giardino,220Grams,1,,,,عبوة,Grams
علبه عجينه طعميه,Bakery,,,1,,,,علبه,
Food Rose Water - 250 Ml - 3 Pcs,Water,Food,250Ml,3,,,,زجاجة,Ml
Balocco Snack Wafers With Cocoa Cream - 45gm,Biscuits & Cakes,Balocco,45gm,1,,,,باكو,gm
"12,00 مياه صغيرة 2",Water,,,2,,12,12,زجاجة,
كابسولات إسبريسو جيموكا إنتنسو - عبوة من 10,"Tea, Coffee & Hot Drinks",جيموكا,,10,,,,عبوة,
توك بسكويت بالجبنة 24 جم × 12 حبة,Biscuits & Cakes,توك,24جم,12,,,,عبوة,جم
ابو عوف قهوه تركى ساده 500جم,"Tea, Coffee & Hot Drinks",ابو عوف,500جم,1,,,,عبوة,جم
علبه بسكويت فرسكا,Biscuits & Cakes,فريسكا,,1,,,,علبه,
برتايا مسترده +باربيكيو +مايونيز ,"Sauces, Dressings & Condiments",برتايا,,3,,,,,
علبه ساليون مشكل,Sweets & Desserts,,,1,,,,علبه,
بيكاجريل خبز محمص بالثوم والبقدونس 75 جرام,Bakery,بيكاجريل,75جرام,1,,,,,جرام
نستلة مياة 1.5لتر ,Water,نستلة,1.5لتر,1,,,,زجاجة,لتر
freymas assorted snacks 75 gr eg160000,Chips & Crackers,freymas,75gr,1,,,,كيس,gr
Ahmad Earl Grey Tag Less Tea 40 Teabags,"Tea, Coffee & Hot Drinks",Ahmad,,40,,,,علبة,
California Garden Tuna Slices In Water - 120 Gram,"Tins, Jars & Packets",California Garden,120Gram,1,,,,عبوة,Gram
جبنة كريمي سبريد كيري - 500 جم,Dairy & Eggs,كيري,500جم,1,,,,عبوة,جم
فيجارو بسكويت اصابع مغطي بالشوكولاتة من بسكاتو - 5 قطع,Biscuits & Cakes,بسكاتو,,5,,,,باكو,
ح.كاليفورنيا فول مدمس ساده 400ج,"Tins, Jars & Packets",ح.كاليفورنيا,400ج,1,,,,علبة,ج
لايمز جاردن دبس رمان 300,"Sauces, Dressings & Condiments",لايمز جاردن,300جم,1,,,,عبوة,جم
اريال مسحوق غسيل اتوماتيك بالياسمين - 2.5 كجم,Cleaning Supplies,اريال,2.5كجم,1,,,,عبوة,كجم
مبيض ملابس 3 كلوركس,Cleaning Supplies,كلوركس,3ل,1,,,,عبوة,ل
مرقه الدجاج ماجى عرض,Cooking Ingredients,ماجى,,1,,,,عبوة,
Torto Oat Mate Oat Cookies with Currant & Chocolate Chips 160g,Biscuits & Cakes,Torto,160جم,1,,,,علبة,جم
Nestle Natural Water - 1.5 Liter - Pack of 12,Water,Nestle,1.5Litre,12,,,,عبوة,Litre
رودس جبنه فيتا بالبسطرمه 250 جم,Dairy & Eggs,رودس,250جم,1,,,,,جم
باتون سالية بالسمسم، صغير الحجم,Bakery,,,1,,,,كيس,
بيمبو بسكويت شوكولاته اورجينال,Biscuits & Cakes,بيمبو,,1,,,,باكو,
Essential Everyday Apple Cider Vinegar 16 oz,"Sauces, Dressings & Condiments",Everyday ,,16,,,,,
شيكولاتة كيتكات ميني مومنتس - 16 قطعة,"Chocolates, Sweets & Desserts",كيتكات,,16,,,,عبوة,
الشمعدان بسكويت ويفر اصفر 12 باكو علبه,Biscuits & Cakes,الشمعدان,,12,,,,علبه,باكو
Danone Oiko Plain Yoghurt 170g,Dairy & Eggs,Danone,170gm,1,,,,عبوة,gm
Cocoa Lovers Biscuit With Vanilla Covered With Chocolate 1pc,Biscuits & Cakes,Cocoa Lovers,,1,,,,باكو,
ثرى ام صلصه 370ج,"Tins, Jars & Packets",ثرى ام,370ج,1,,,,علبة,ج
سائل مساحات الزجاج,Cleaning Supplies,,,1,,,,زجاج,
الطاهية فول مدمس سادة,"Tins, Jars & Packets",الطاهية,,1,,,,علبة,
مياه طبيعيه نستله الخضراء 1.5,Water,نستله,1.5لتر,1,,,,زجاجة,لتر
تشكن فيليه سائد  قاموس ستار ساندوتش بالجبن-بطاطا عادي متوسط بيبسي كانز,Bakery,بيبسي,,1,متوسط,,,كانز,متوسط
Rich Beef Luncheon Kg,Beef & Processed Meat,Rich,Kg,1,,,,عبوة,Kg
يومي مخلل ليمون مجدوس 750 جم,"Tins, Jars & Packets",يومي,750جم,1,,,,علبة,جم
"Sunbulah Puff Pastry Squares, 400 Gm ",Bakery,Sunbulah,400Gm,1,,,,كيس,Gm
بسكو مصر معمول تمر,Bakery,بسكو مصر,,1,,,,كيس,
EXT Spicy Sauce,"Sauces, Dressings & Condiments",,,1,,,,عبوة,
ROYAL REGIME 25 TEA BAGS ,"Tea, Coffee & Hot Drinks",ROYAL,,25,,,,عبوة,
توريست ويفر 1ق,Biscuits & Cakes,توريست,,1,,,,باكو,
Baraka Pure Water 12 x 1.5Litre,Water,Baraka,1.5Litre,12,,,,عبوة,Litre
Aquafina Mineral Water 600ml,Water,Aquafina,600ml,1,,,,زجاجة,ml
 هلا زيت عباد الشمس، 2.25 لتر,Cooking Ingredients,هلا,2.25لتر,1,,,,عبوة,لتر
Eletto Lattina Espresso Coffee Tin – 250 gm,"Tea, Coffee & Hot Drinks",,250gm,1,,,,عبوة,gm
تمرى صدور دجاج بالعظم,Poultry,تمرى,,1,,,,عبوة,
شوربه ماجى لحم بقر 20جرام,"Tins, Jars & Packets",ماجى,20جرام,1,,,,علبة,جرام
Mr Mallo Marshmallow Rainbow Gluten Free 150g,"Chocolates, Sweets & Desserts",Mr Mallo,150gm,1,,,,عبوة,gm
عجينة جلاش فاخرة السنبلة 500 جم,Bakery,السنبلة,500جم,1,,,,كيس,جم
Croissant mini molto cocoa ,Bakery,molto,,1,,,,عبوة,
عصير صن توب برتقال 250مللى,Soft Drinks & Juices,صن توب,250مل,1,,,,زجاجة,مل
كوكاكولا ستار كانز,Soft Drinks & Juices,كوكاكولا,,1,,,,كانز,
Bisco Misr Chocolate Cake - 1 Piece,Biscuits & Cakes,Bisco Misr,,1,,,,باكو,
RICH-CUISINE-CH-STRIPS HOT 1KG,Poultry,RICH,1KG,1,,,,عبوة,KG
هاربيك منظف تواليت باور بلس 1 29.50 29.50,Cleaning Supplies,هاربيك,,1,,29.5,29.5,عبوة,
العميد بن وسط مع هيل 200 جم,"Tea, Coffee & Hot Drinks",العميد,200جم,1,,,,عبوة,جم
علبة دومتى 250 جم رومى ,Dairy & Eggs,دومتي,250جم,1,,,,علبة,جم
تشيبو قهوه 150 ج,"Tea, Coffee & Hot Drinks",تشيبو ,150ج,1,,,,,ج
Juhayna Cooking Cream 1L,Dairy & Eggs,Juhayna,1L,1,,,,علبة,L
دومتى خبر فينو ساده الرده 5 ق,Bakery,دومتى,,5,,,,كيس,
هاينز خل زجاجه عرض 1 لتر عرض,Cooking Ingredients,هاينز,1لتر,1,,,,زجاجه,لتر
إسكالوب صافي مقطع شرائح رفيعة -  بالكيلو,Beef & Processed Meat,,كيلو,1,,,,عبوة,كيلو
Jardino Ketchup 500 G ,"Sauces, Dressings & Condiments",Jardino,500g,1,,,,عبوة,g
Al Khair Pure Refined and Iodized Milled Table Salt - 700 grams ,Cooking Ingredients,Al Khair,700gram,1,,,,عبوة,gram
المراعى زبادى يونانى 170جم,Dairy & Eggs,المراعى,170جرام,1,,,,عبوة,جرام
Amazon Natural Drinking Water 1.5Litre,Water,Amazon,1.5Litre,1,,,,زجاجة,Litre
ويفر شيكولاتة كيتكات بالكراميل - 42جم - عبوة من 24,"Chocolates, Sweets & Desserts",كيتكات,42جم,24,,,,عبوة,جم
كباب حله احمر 0.54 192.00 103.68,Beef & Processed Meat,,0.54,1,,103.68,192,عبوة,
كيزر دومتي برجر 4قطع,Bakery,دومتي,,4,,,,كيس,
اللحيمي فرانكفورتر 900جم,Beef & Processed Meat,اللحيمي,900جم,1,,,,عبوة,جم
Freshfarm Plain Beef - 1 kg,Beef & Processed Meat,Freshfarm,1kg,1,,,,عبوة,kg
40 *35 شنطه بلاستيك صغيره,Furniture,,40*35 سم,1,صغيره,,,بلاستيك,صغيره
برسيل اوتوماتيك 5,Cleaning Supplies,برسيل,,1,,,,عبوة,
المبلكه مكرونه 400ج,"Rice, Pasta & Pulses",المبلكه,400ج,1,,,,كيس,ج
ملح هيمالايا/ك,Cooking Ingredients,,,1,,,,عبوة,
حياه مياه معدنيه 600ML,Water,حياه,600مل,1,,,,زجاجة,مل
Temry Chicken Shish Taouk 1000 gm,Poultry,Temry,1000gm,1,,,,عبوة,gm
الملكه مكرونه شعريه 1كجم,"Rice, Pasta & Pulses",الملكه,1كجم,1,,,,كيس,كجم
المراعي ستارز ,Dairy & Eggs,المراعي,,1,,,,عبوة,
@ Small Water Mineral 2,Water,,,2,,,,زجاجة,
Lavache Quirit Cheddar Cheese 200g,Dairy & Eggs,Lavache Quirit,200G,1,,,,عبوة,G
Lazah Extra Okra - 400 Gram,Vegetables & Fruits,Lazah,400gm,1,,,,كيس,gm
BIG BABOL GUM STRAWBERRY 27G,"Chocolates, Sweets & Desserts",BIG BABOL,275g,1,,,,عبوة,g
كاليفورنيا حمص مسلوق 450جم,"Tins, Jars & Packets",كاليفورنيا,450جم,1,,,,عبوة,جم
Three Chefs Chicken Pane 400g,Poultry,Three Chefs,400g,1,,,,عبوة,g
خ ز باتيه جبنه قريش  1ق ,Bakery,خ ز,,1,,,,كيس,
بونجورنو 18ج*12,"Tea, Coffee & Hot Drinks",بونجورنو,18ج,12,,,,عبوة,ج
نستله مياه طبيعيه,Water,نستله,,1,,,,زجاجة,
SUPREME CHICKEN LUNCHEON 250G,Beef & Processed Meat,,250gm,1,,,,عبوة,gm
داريا فول بالطحينة - 400 جرام,"Tins, Jars & Packets",داريا,400جم,1,,,,عبوة,جم
نسلة مياة معدنية 1.5 لتر,Water,نسلة,1.5لتر,1,,,,زجاجة,لتر
extra big sauce,"Sauces, Dressings & Condiments",extra,,1,,,,عبوة,
الضحى زنجبيل مطحون ملاحه70جم,Cooking Ingredients,الضحى,70جم,1,,,,عبوة,جم
رسلان بسكويت فنجر 600جرام,Biscuits & Cakes,رسلان,600جرام,1,,,,باكو,جرام
kiwi juice,Soft Drinks & Juices,,,1,,,,زجاجة,
ديلى عصير ليمون بالنعناع 200مل,Soft Drinks & Juices,ديلى,200مل,1,,,,عبوة,مل
الطحان تمر ساده زجاجه ,"Nuts, Dates & Dried Fruits",الطحان,,1,,,,زجاجه,
بيبسى كانز,Soft Drinks & Juices,بيبسي,,1,,,,كانز,
"7UP Lemon Can, 330ml",Soft Drinks & Juices,7UP,330ml,1,,,,زجاجة,ml
Rabea Herbal Tea Ginger 20 Teabags,"Tea, Coffee & Hot Drinks",Rabea,,20,,,,علبة,
DOMTY  SANDWICH BLUECHHEESE 1 P,Bakery,DOMTY,,1,,,,عبوة,
هارفست فول مصفي ٤٠٠ جم,"Tins, Jars & Packets",هارفست,400جم,1,,,,علبة,جم
علبه قلم رصاص بأستيكه جولد ,Stationary,,,1,,,,علبه,
مياه معدنية صغيرة,Water,,,1,,,,زجاجة,
CRF NATURAL WATER 1.5L,Water,CRF,1.5Litre,1,,,,زجاجة,Litre
Faragello Roasted Beef Slices 150g,Beef & Processed Meat,Faragello,150g,1,,,,عبوة,g
بريك بسكويت اصابع,Biscuits & Cakes,بريك,,1,,,,باكو,
بذنجان عروس وزن,Vegetables & Fruits,,,1,,,,كيس,
مشروب كيوي بالعسل فروتس - 700مل ,Soft Drinks & Juices,فروتس,700مل,1,,,,عبوة,مل
بيبسى 0ز97gjv,Soft Drinks & Juices,بيبسى,,1,,,,زجاجة,
Spicy Pretzel Munchos Crackers ,Chips & Crackers,Munchos,,1,,,,كيس,
ايزيس 20فتله -25فتله انواع,"Tea, Coffee & Hot Drinks",ايزيس,,20-25,,,,علبة,
Alfa Orange juice Fresh 330 Ml ,Soft Drinks & Juices,Alfa,330Ml,1,,,,عبوة,Ml
بيك رولز كاتشب 36ج,Chips & Crackers,بيك رولز,36ج,1,,,,كيس,ج
موكاتا جولد كابتشينو شوكولاتة - 12.5 جم - 8 عبوة,"Tea, Coffee & Hot Drinks",موكاتا,12.5جم,8,,,,عبوة,جم
bottled Water S,Water,,,1,,,,زجاجة,
هارفست فول مدمس مصفى ,"Tins, Jars & Packets",هارفست,,1,,,,علبة,
ايطاليانو مكرونه اسباجتى 40ذ,"Rice, Pasta & Pulses",ايطاليانو,40ج,1,,,,كيس,ج
ستريبس دجاج كوكي - 750جم,Poultry,كوكي,750جم,1,,,,عبوة,جم
ريتش بيك بنى بان,Bakery,ريتش بيك,,1,,,,كيس,
Squeeze Cold Press Lemon Juice - 1L,Soft Drinks & Juices,Squeeze,1L,1,,,,عبوة,L
كلوروكس عرض,Cleaning Supplies,كلوروكس,,1,,,,عبوة,
اللبان عيش ابيض,Bakery,اللبان,,1,,,,كيس,
CALIFORNIA G.TUNA SALATA OR160G*2,"Tins, Jars & Packets",CALIFORNIA ,160gm,2,,,,علبة,gm
٤ سي بقسماط بالطريقة اليابانية بانكو بلين ٢٢٧ جم,Bakery,سي,227جم,1,,,,كيس,جم
مكرونة لازانيا الملكة 400 جرام‎,"Rice, Pasta & Pulses",الملكة,400جرام,1,,,,كيس,جرام
فودز ارز جاسمين 1ك+1,"Rice, Pasta & Pulses",فودز,,2,,,,كيس,
Milk Royal Feta Cheese - 1 kg,Dairy & Eggs,,1kg,1,,,,عبوة,kg
كريستال سمنة ٢.٥ ك صفراء 1 69.00 69.00,Cooking Ingredients,كريستال,2.5ك,1,,69,69,عبوة,ك
جهينه عصير متنوع,Soft Drinks & Juices,جهينه,,1,,,,زجاجة,
Viaggio Ristretto Cafe 10 Capsules,"Tea, Coffee & Hot Drinks",Viaggio,,10,,,,عبوة,
ميرو لبن بودره خالى الدسم,Dairy & Eggs,ميرو,,1,,,,عبوة,
Dina Farms Coffee Shake 250ml Coffee Flavored Milk,"Tea, Coffee & Hot Drinks",Dina Farms,250gm,1,,,,عبوة,gm
ملح بونو 450,Cooking Ingredients,بونو,450جم,1,,,,عبوة,جم
كيت كات شاكي ميني  250جم,"Chocolates, Sweets & Desserts",كيت كات ,250جم,1,,,,عبوة,جم
عدس اصفر باب الشام,"Rice, Pasta & Pulses",باب الشام,,1,,,,كيس,
حلو الشام ام على علب مكسرات,Sugar & Home Baking,حلو الشام,,1,,,,علب,
Coffee with Creamer - 12 Sticks,"Tea, Coffee & Hot Drinks",,,12,,,,عبوة,
Star Small Rings Pasta - 400 grams,"Rice, Pasta & Pulses",Star,400 grams,1,,,,كيس,grams
جلاكسى شيكولاته ميلك 36جم,"Chocolates, Sweets & Desserts",جلاكسى,36جم,1,,,,عبوة,جم
بريل بريميوم باندل 600جم 1+1,Cleaning Supplies,بريل,600جم,2,,,,عبوة,جم
امتنان شاى اخضر جان بودر 100 جم,"Tea, Coffee & Hot Drinks",امتنان,100جم,1,,,,علبة,جم
Hot Chocolate - 250 Gm,"Chocolates, Sweets & Desserts",,250gm,1,,,,عبوة,gm
Pieces 6 - ml 350 - Drink Soft Pepsi,Soft Drinks & Juices,Pepsi,350ml,6,,,,عبوة,ml
Kinder Bueno White 39g,"Chocolates, Sweets & Desserts",Kinder,39g,1,,,,عبوة,g
حلوى جيلي بالفواكه - 250 جم,"Chocolates, Sweets & Desserts",,250جم,1,,,,عبوة,جم
زي جو شيبس بالجبنة 55-65 جم,Chips & Crackers,زي جو,55-65جم,1,,,,كيس,جم
قاروره مياه .9 لتر مملوءه ,Water,,9لتر,1,,,,زجاجة,لتر
Elano Natural Drinking Water 20 x 600ml,Water,Elano,600ml,20,,,,كرتونة,ml
Lemon Substitute - 250 ML.,Cooking Ingredients,,250ml,1,,,,عبوة,ml
فرازه دبوس 900 جم 57.00 1 57.00,Poultry,فرازه,900جم,1,,,,عبوة,جم
كوكس ملح طعام 200جم,Cooking Ingredients,كوكس,200جم,1,,,,عبوة,جم
دومتي عصير كوكتيل 235مل,Soft Drinks & Juices,دومتي,235مل,1,,,,عبوة,مل
AMR خوخ نصفي في شراب خفيف 850 جم,"Tins, Jars & Packets",AMR ,850جم,1,,,,علبة,جم
Water,Water,,,1,,,,زجاجة,
قطع توست محمصة دياتوستا، بالطماطم - 75 جم,Bakery,دياتوستا,75جم,1,,,,كيس,جم
بانيه فراخ,Poultry,,,1,,,,عبوة,
هابنز كاتشب حار 300 جم,"Sauces, Dressings & Condiments",هاينز,300جم,1,,,,,جم
خضار,Vegetables & Fruits,,,1,,,,عبوة,
علبه توب,"Rice, Pasta & Pulses",,,1,,,,علبه,توب
اكوافينا مياه 600 م,Water,اكوافينا,600م,1,,,,زجاجة,م
فارم فريتس بطاطس بوم فريت 1 كجم,Vegetables & Fruits,فارم فريتس,1كجم,1,,,,عبوة,كجم
Pasta Rice - 400g,"Rice, Pasta & Pulses",,400g,1,,,,كيس,g
Domty pattypan plain Bread 6 pieces  ,Bakery,Domty,,6,,,,باكو,
أحمد تي شاي أخضر - 100 جم,"Tea, Coffee & Hot Drinks",احمد تي,جم100,1,,,,,جم
ريجينا مكرونه متفرغه 400 جم,"Rice, Pasta & Pulses",ريجينا,400جم,1,,,,كيس,جم
Rehana Lupin 500g,"Rice, Pasta & Pulses",Rehana,500g,1,,,,كيس,g
دجاج كامل روستو مطهى,Poultry,روستو,,1,,,,عبوة,
جهينة زبادي طبيعي لايت 105جم 9+3 مجانا ,Dairy & Eggs,جهينة,105gm,12,,,,عبوة,gm
فلفل اسود حصى الخطيب بالوزن,Cooking Ingredients,الخطيب,,1,,,,عبوة,
نسكافيه 3*1 فانيليا 18جم,"Tea, Coffee & Hot Drinks",نسكافيه,18ج,1,,,,علبة,ج
Nestlé Pure Life Water 6L ,Water,Nestlé,6L,1,,,,زجاجة,L
ميلكاشيكولاته اوريو 100جم,Biscuits & Cakes,ميلكاشيكولاته,100جم,1,,,,عبوة,جم
كاتشب من ماك، 285 جرام,"Sauces, Dressings & Condiments",ماك,285جرام,1,,,,عبوة,جرام
ASTONISH GERM CLEAR DISINFECTANT 1L,Cleaning Supplies,ASTONISH,1L,1,,,,عبوة,L
Three Chefs Chicken Strips Hot 800 gm,Poultry,Three Chefs,800gm,1,,,,عبوة,gm
El Maleka Pasta Elbow 1kg,"Rice, Pasta & Pulses",El Maleka,1kg,1,,,,كيس,kg
Sun top 1 liter (pineapple-orange-mixed berries),Soft Drinks & Juices,Sun top,1Liter,1,,,,عبوة,Liter
مياه فوارة نستله بيور فيز بالتوت - 0.36 لتر - عبوة من 12,Water,نستله,0.36لتر,12,,,,عبوة,لتر
مكرونة خواتم كبيرة ستار ,"Rice, Pasta & Pulses",ستار,,1,,,,كيس,
النجمة خل شفاف مل 900,"Sauces, Dressings & Condiments",النجمة,900جم,1,,,,عبوة,جم
ستار مكرونه ,"Rice, Pasta & Pulses",ستار,,1,,,,كيس,
مياه دساني صغير,Water,دساني,,1,,,,زجاجة,
NESTLE PLAIN YOG 110 GM*5+1 FREE,Dairy & Eggs,NESTLE,110ml,6,,,,عبوة,ml
المراعى زبادى فاكهه علبه,Dairy & Eggs,المراعي,,1,,,,علبه,
اللحيمي لانشون رومي بالجبنة الشيدر، بالوزن,Beef & Processed Meat,اللحيمي,,1,,,,عبوة,
Knozz Burger Mix 30 gm 10 % Off,Cooking Ingredients,Knozz,30مل,1,,,,عبوة,مل
برجر بقري المراعي - 1 كجم,Beef & Processed Meat,المراعي,1كجم,1,,,,عبوة,كجم
جبتة قتيلو كريمي 250جم,Dairy & Eggs,قتيلو,250جم,1,,,,عبوة,جم
مشروب فراولة فروتس - 700مل,Soft Drinks & Juices,فروتس,700مل,1,,,,عبوة,مل
زجاج امامى,Furniture,,,1,,,,زجاج,
Tiffany Delight Chocochip Cook ,Biscuits & Cakes,Tiffany,,1,,,,باكو,
قهوة اسبريسو كريما - 200 جم,"Tea, Coffee & Hot Drinks",,200جم,1,,,,عبوة,جم
فصوص رومي ريتش ,Poultry,ريتش,,1,,,,عبوة,
جبن قريش بلدى وزن,Dairy & Eggs,,,1,,,,عبوة,
حليب المراعى محلى موز 200م جديد,Dairy & Eggs,المراعى,200مل,1,,,,عبوة,مل
صلصه فلفل تاباسكو2 اوقيه,"Tins, Jars & Packets",تاباسكو,,1,,,,علبة,
فريسكا حلاوه بالشيكولاته علبه ,Biscuits & Cakes,فريسكا,,1,,,,علبه,
ريد بل 250 مل*24 علبه خالي من السكر,Soft Drinks & Juices,ريد بول,250مل,24,,,,علبه,مل
كيندر ديليس كيك بالفانيليا,Biscuits & Cakes,كيندر,,1,,,,باكو,
دوبيلا مكورنة شوفان اسباجيتي لايت 400 جم,"Rice, Pasta & Pulses",دوبيلا,400جم,1,,,,كيس,جم
EMIRATES POFAKI SNACKS CHEEZ 80G,Chips & Crackers,EMIRATES POFAKI,80G,1,,,,كيس,G
ميكسى مقرمشات عائلي بطعم الكاتشب 200 جم,Chips & Crackers,ميكسى,200جم,1,,,,أكياس,جم
McVitie's Biscuit Duo Biscream 1 BC ,Biscuits & Cakes,McVities,,1,,,,,BC
GOOD FRANCE ILOU HOT KETCHUP 500 gm ,"Sauces, Dressings & Condiments",GOOD FRANCE,500g,1,,,,عبوة,g
شاى اعشاب قرفه وزنجبيل,"Tea, Coffee & Hot Drinks",,,1,,,,كيس,
طبق بلاستيك كبير 24 *12,Furniture,,,24,كبير,,,بلاستيك,كبير
جياردينو مايونيز 280 جم,"Sauces, Dressings & Condiments",جياردينو,280جرام,1,,,,عبوة,جرام
"Suntop Drink Berry Mix 250 ml X 18 - Pack of 1, 213103",Soft Drinks & Juices,Suntop,250مل,18,,,,زجاجة,مل
كانز,Soft Drinks & Juices,,,1,,,,كانز,
دومتى عصير خوخ 235مل ,Soft Drinks & Juices,دومتى,235مل,1,,,,عبوة,مل
الادهم عدس اصفر 500 جم,"Rice, Pasta & Pulses",الادهم,500جم,1,,,,كيس,جم
ايطالايانو مكرونه صدفه,"Rice, Pasta & Pulses",ايطالايانو,,1,,,,كيس,
ريجينا مكرونة اسباجتى 1.6 مم 1 12.25,"Rice, Pasta & Pulses",ريجينا,1.6مم,1,,12.25,12.25,كيس,مم
بريزيدون جبن كوبيات لايت 240جم,Dairy & Eggs,بريزيدون,240جم,1,,,,عبوة,جم
كلوركس الوان عادي 950 مل ,Cleaning Supplies,كلوركس,95مل,1,,,,عبوة,مل
شيخون بصل 1ك,"Tins, Jars & Packets",شيخون ,1ك,1,,,,علبة,ك
المراعى زبادى فاكهه 110جم انواع,Dairy & Eggs,المراعى,110جم,1,,,,عبوة,جم
بيور عصير برتقال وجزر,Soft Drinks & Juices,بيور,,1,,,,زجاجة,
هوهوز حجم اكبر 2 ج علبه,Biscuits & Cakes,هوهوز,2جم,1,,,,علبه,جم
SUNBITES CRACKERS 110GRAM,Chips & Crackers,SUNBITES,110GRM,1,,,,كيس,GRM
Taj Mahal Saffron 0.25g,Cooking Ingredients,Taj Mahal,25g,1,,,,عبوة,g
بسكويت ساده فينجر,Biscuits & Cakes,,,1,,,,باكو,
مياه طبيعيه بيوفانا - 18.9 لتر,Water,بيوفانا,18.9لتر,1,,,,زجاجة,لتر
مياه صافي0.660,Water,صافي0.660,0.66,1,,,,زجاجة,
كينج ام خبز نوتيلا ,Bakery,كينج ام,,1,,,,كيس,
نسكافيه 3 *1 علبه عرض مج,Tea and Coffee,نسكافيه,,1,,,,علبه,
نسلهخ كرتونه مياه 600ملى,Water,نسلهخ,600مل,1,,,,زجاجة,مل
ببيتو حلوي ,"Chocolates, Sweets & Desserts",ببيتو,,1,,,,عبوة,
كادبورى شيكولاته بالبندق كبيره ,"Chocolates, Sweets & Desserts",كادبورى,,1,,,,عبوة,
هالى مكرونه فرن 350جم,"Rice, Pasta & Pulses",هالى,350جم,1,,,,كيس,جم
شويبس اناناس كانز 300 مللى,Soft Drinks & Juices,شويبس,300مللى,1,,,,كانز,مللى
بيبسي استار كانز 3,Soft Drinks & Juices,بيبسي,,3,,,,كانز,
PRINGLES MEDIUM HOT SOURCREAM 160G,Chips & Crackers,PRINGLES,160G,1,,,,كيس,G
فن داي بسكويت بالملح 40 جم,Biscuits & Cakes,فن داي,40جم,1,,,,باكو,جم
Pepper Sauce - 150ml,"Sauces, Dressings & Condiments",,150ml,1,,,,عبوة,ml
Dili Natural Guava Juice - 1L,Soft Drinks & Juices,Dili,1L,1,,,,عبوة,L
تفاح اصفر 0.790 30 23.70,Vegetables & Fruits,,0.79,1,,23.7,30,عبوة,
NAN 3 400 GM,"Tins, Jars & Packets",,400GM,1,,,,علبة,GM
اورجينال ملبس 50جم,Biscuits & Cakes,,,1,,,,باكو,
Rich Bake burger 240g ,Bakery,Rich Bake,240g,1,,,,كيس,g
ميرندا برتقال هضبه 350,Soft Drinks & Juices,ميرندا,350مل,1,,,,زجاجة,مل
HELAL DUST BIN 60 LTR DOKDOK,Cleaning Supplies,HELAL,,1,,,,عبوة,
بسمة سبانخ 400 جم 10.95 1 10.95,Vegetables & Fruits,بسمة,400جم,1,,10.95,10.95,كيس,جم
water big,Water,,,1,,,,زجاجة,
شويبس جولد اناناس 300مل,Soft Drinks & Juices,شويبس,300مل,1,,,,زجاجة,مل
نستله فيز مياه فوارة بطعم التوت 360 ملل,Water,نستله,360ملل,1,,,,زجاجة,ملل
كير دجاج 1100-1200ج,Poultry,كير,1100-1200جم,1,,,,عبوة,جم
جبنه تشيزا فلفل كيلو,Dairy & Eggs,تشيزا,,1,,,,عبوة,
FARAGELLO CHICKEN PANE 1K,Poultry,FARAGELLO,1K,1,,,,عبوة,K
"Aqua Delta Natural Water, 600 ml - Set of 12",Water,Aqua Delta,600ml,12,,,,زجاجة,ml
Wadi Food Natural White Vinegar 1Litre,"Sauces, Dressings & Condiments",Wadi Food,1Liter,1,,,,عبوة,Liter
Chicken shawerma ,Poultry,,,1,,,,عبوة,
حدائق كاليفورنيا فاصوليا حمراء داكنة 400 جرام‎,"Tins, Jars & Packets",حدائق كاليفورنيا,400جم,1,,,,عبوة,جم
Alfa corn oil plus 1.6l,Cooking Ingredients,Alfa,,1,,,,عبوة,
كوكاكولا اوريجينال كانز 330ملل,Soft Drinks & Juices,كوكاكولا,330مل,1,,,,زجاجة,مل
فريك/ك,"Rice, Pasta & Pulses",,,1,,,,كيس,
طحينة من الرشيدي الميزان - 270جم,"Sauces, Dressings & Condiments",الرشيدي الميزان,270جم,1,,,,عبوة,جم
ماجى خلطه شاورما الدجاج ,Cooking Ingredients,ماجى,,1,,,,عبوة,
سبينيس مشروم شرائح,"Tins, Jars & Packets",سبينيس,,1,,,,علبة,
اجا عصير جوافه 250 مل تتراباك,Soft Drinks & Juices,اجا,250مل,1,,,,زجاجة,مل
بيريل كانز 330 مل,Soft Drinks & Juices,بيريل,330مل,1,,,,كانز,مل
ARIX SOFTY CELL.SPONGE CLOTH 1PC,Cleaning Supplies,ARIX,,1,,,,عبوة,
El Shamadan Katakito Extra with Hazelnut Cream - 40 gram,Biscuits & Cakes,El Shamadan Katakito Extra,40g,1,,,,باكو,g
Kalfany Cola Candy - 150gm,"Chocolates, Sweets & Desserts",Kalfany,150gm,1,,,,عبوة,gm
توست رده بريد واى 500جرام,Bakery,بريد واى,500جم,1,,,,كيس,جم
تورابيكا قهوة سبرسو ميكاتو سريعة التحضير,"Tea, Coffee & Hot Drinks",تورابيكا,,1,,,,علبة,
كوكاكولا  بلاستيك 300 مل ,Soft Drinks & Juices,كوكاكولا,300مل,1,,,,بلاستيك,مل
منين بالعجوه وزن,Bakery,,,1,,,,كيس,
بيور لايف مياه طبيعيه 5=600مل كرتونه 20,Water,بيور لايف,600مل,20,,,,زجاجة,مل
علب ثلاجه 3 قطع بلاستك شفاف مستطيل,Disposables & Napkins,,,3,,,,علب,مستطيل
تيستى بيور تريبنكو مدخن,Beef & Processed Meat,تيستى بيور,,1,,,,عبوة,
بسمه بسله ساده400جم,Vegetables & Fruits,بسمه,400جم,1,,,,كيس,جم
المطبخ مكرونه اسباجيتى 1ك,"Rice, Pasta & Pulses",المطبخ,1ك,1,,,,كيس,ك
صوص تارتار,"Sauces, Dressings & Condiments",,,1,,,,عبوة,
7.70 مياه معدنية صغيرة 7.70 X 1,Water,,,1,,7.7,7.7,زجاجة,
Halwani Beef Burger 1 Kg ,Beef & Processed Meat,Halwani,1kg,1,,,,عبوة,kg
سائل غسيل الأطباق من فريدا 2.2 كيلو - ليمون,Cleaning Supplies,فريدا,2.2كيلو,1,,,,عبوة,كيلو
22.80 11.40 2 بيبسي,Soft Drinks & Juices,بيبسي,,2,,11.4,22.8,زجاجة,
بسكو مصر ويفر بكريمة الفانيليا 7 قطع,Biscuits & Cakes,بسكو مصر,,7,,,,باكو,
بسكويت دايجستيف قمح طبيعى ,Biscuits & Cakes,دايجستيف,,1,,,,باكو,
هي شون يوان خل أبيض 500 مل,"Sauces, Dressings & Condiments",هي شون يوان,500مل,1,,,,عبوة,مل
باندا برطمان جبنة شيدر 140 جم,Dairy & Eggs,باندا,140جم,1,,,,عبوة,جم
شويبس جولد اناناس 250م,Soft Drinks & Juices,شويبس,250مل,1,,,,زجاجة,مل
بيريل شراب شعير كانز 330مل,Soft Drinks & Juices,بيريل,330مل,1,,,,زجاجة,مل
ريتش لانشون بقرى وزن,Beef & Processed Meat,ريتش,,1,,,,عبوة,
سبايسي ملح 130 ج,Cooking Ingredients,سبايسي,130جم,1,,,,عبوة,جم
مسحوق عصير برتقال من لينا، 650 جرام,Soft Drinks & Juices,لينا,650جم,1,,,,عبوة,جم
Baraka Pure Water 1.5Litre,Water,Baraka,1.5Litre,1,,,,زجاجة,Litre
Katilo Romy Cheese kg,Dairy & Eggs,Katilo,kg,1,,,,عبوة,kg
الملكه مكرونه خواتم 400جم,"Rice, Pasta & Pulses",الملكه,400جم,1,,,,كيس,جم
Bonjorno Cafe 2-In-1 Khamsena Coffee Mix - 6 grams - 12 Sachets,"Tea, Coffee & Hot Drinks",Bonjorno,6grams,12,,,,علبة,grams
ايجي سويس رومي مدخن 300 جم,Poultry,ايجي سويس,300جم,1,,,,عبوة,جم
بينوس علبه حلوى 27 ق,Sweets & Desserts,بينوس,,27,,,,علبه,ق
Bebeto Watermelon Jelly - 35gm,"Chocolates, Sweets & Desserts",Bebeto,35g,1,,,,عبوة,g
مكرونة فرن,"Rice, Pasta & Pulses",,,1,,,,كيس,
ش جبن ناتشو تايجر ,Chips & Crackers,تايجر,,1,,,,كيس,
SAFI WATER 330M,Water,SAFI,330M,1,,,,زجاجة,M
حلواني هوت دوج 500 جم,Beef & Processed Meat,حلواني,500جم,1,,,,عبوة,جم
شيبسى جبنة متبلة86-96جم,Chips & Crackers,شيبسى,86-96جم,1,,,,أكياس,جم
دوبيلا مكرونه 400ج,"Rice, Pasta & Pulses",دوبيلا,400ج,1,,,,كيس,ج
Happy Cola Original Gummy Candy - 80g,"Chocolates, Sweets & Desserts",Happy,80g,1,,,,كيس,g
بيبسي زجاجه تربو2,Soft Drinks & Juices,بيبسي,,1,,,,زجاجة,
علبه فول محوج مطحون وسط,Tea and Coffee,,,1,وسط,,,علبه,وسط
cocacola coffee chocolate 70 gm,"Tea, Coffee & Hot Drinks",coca cola,70 gm,1,,,,,gm
بيبسي الهضبه التوب350مل,Soft Drinks & Juices,بيبسي,350مل,1,,,,زجاجة,مل
كبده كندوز,Beef & Processed Meat,,,1,,,,عبوة,
صدور تركي مدخن من فريش فارم,Poultry,فريش فارم,,1,,,,عبوة,
كولا تيرن وزجاج اسود,"Personal care, skin & body care",كولا,,1,,,,زجاج,
رويال مكرونه 1ك,"Rice, Pasta & Pulses",رويال,1ك,1,,,,كيس,ك
بسكويت اريو ,Biscuits & Cakes,اريو,,1,,,,باكو,
امريكان جاردن صويا صوص 295مل,"Sauces, Dressings & Condiments",امريكان جاردن,295مل,1,,,,عبوة,مل
لبنيتا جبنه مثلثات 24 ق,Dairy & Eggs,لبنيتا,,24,,,,عبوة,
42.00 42.0 انجلش كيك 1.000,Biscuits & Cakes,,,1,,42,42,باكو,
المراعى تريتس زبادى خوخ 100جم,Dairy & Eggs,المراعى,100جم,1,,,,عبوة,جم
زيتون اخضر محشى 710 جم من تشكيلة,"Tins, Jars & Packets",تشكيلة,710جم,1,,,,عبوة,جم
Fisherman Tuna Salad Mayonnaise 230g,"Tins, Jars & Packets",Fisherman ,230Gram,1,,,,عبوة,Gram
كانز 330 مل انواع,Soft Drinks & Juices,,330مل,1,,,,كانز,مل
مياه فوارة نستله بيور فيز بالتفاح - 360مل,Water,نستله,360مل,1,,,,زجاجة,مل
Juhayna classic juice 235 ml,Soft Drinks & Juices,Juhayna,235مل,1,,,,عبوة,مل
"Meatland Hot Dog Beef, 25 Pieces * 1 Kg.",Beef & Processed Meat,Meatland,1Kg,1,,,,عبوة,Kg
تورتة فراولة,"Chocolates, Sweets & Desserts",,,1,,,,عبوة,
Bake Rolz salt ,Chips & Crackers,Bake Rolz,,1,,,,كيس,
بيبسى كانز,Soft Drinks & Juices,بيبسي,,1,,,,كانز,
بربيكان شراب شعير بالرمان، 250 مللى ,Soft Drinks & Juices,بربيكان,250مل,1,,,,زجاجة,مل
Lamar Half Cream Milk - 1 Liter,Dairy & Eggs,Lamar,1L,1,,,,عبوة,L
كوكي كرانشي ناجتس دجاج 20 قطعة,Poultry,كوكي,,20,,,,عبوة,
18.90 14% 600مياه مل لتر حياه,Water,حياه,600مل,1,,18.9,18.9,زجاجة,مل
رويال قرفة بالزنجبيل 20 فلتر,"Tea, Coffee & Hot Drinks",رويال,,20,,,,عبوة,
شهد فيليه دجاج 1,Poultry,شهد,,1,,,,عبوة,
بسكويت نشادر,Bakery,,,1,,,,كيس,
Alkaramah Sambosah Dough - 485 Gram,Bakery,Alkarama,485 Gram,1,,,,عبوة,Gram
المطبخ مكرونة فرن 400 جرام 7.95 2 13,"Rice, Pasta & Pulses",المطبخ,400جرام,2,,7.95,13,كيس,جرام
هالى بسكويت مارشملو فراوله مغطى بالشيكولاته,Biscuits & Cakes,هالى,,1,,,,باكو,
ايزيس قهوه خضراء 20 فلتر,"Tea, Coffee & Hot Drinks",ايزيس,,20,,,,,فلتر
م شعير 250م باربيكان,Soft Drinks & Juices,باربيكان,250مل,1,,,,زجاجة,مل
كاليفورنيا فول مقشور خلطة م 400,"Tins, Jars & Packets",كاليفورنيا,400جم,1,,,,علبة,جم
ملح بحر خشن المعالج باليود من لا بالين،1كجم,Cooking Ingredients,لا بالين,1كجم,1,,,,عبوة,كجم
كانز 3555 مللي بيبسي ,Soft Drinks & Juices,بيبسي,355مللي ,1,,,,كانز,مللي 
قهوة برازيليه سادة وسط 200 جم,"Tea, Coffee & Hot Drinks",,200جم,1,,,,عبوة,جم
علبه كنافه سيجار 400 جرام,Biscuits & Cakes,,400جرام,1,,,,علبه,جرام
جلاكسى كوكى كراميل جرام,"Chocolates, Sweets & Desserts",جلاكسى,,1,,,,عبوة,
تويكس ويفر توين 50جم,Biscuits & Cakes,تويكس,50جم,1,,,,عبوة,جم
خيار بلدى 0.662 10.00 6.62,Vegetables & Fruits,,0.662جم,1,,6.62,6.62,عبوة,جم
علبه ملمع رصاص,Cleaning Supplies,,,1,,,,علبه,
علبه كيك بوبس,Biscuits & Cakes,,,1,,,,علبه,
Atyab Orintal Sausages 900Gm ,Beef & Processed Meat,Atyab,900Gm,1,,,,عبوة,Gm
ريتش سلامى وزن,Beef & Processed Meat,ريتش,,1,,,,عبوة,
مياة طبيعية دساني - 600مل - عبوة من 20,Water,دساني,600مل,20,,,,عبوة,مل
كيندر وابى ويبو,"Chocolates, Sweets & Desserts",كيندر,,1,,,,عبوة,
METCO oriental sausage 900 g ,Beef & Processed Meat,METCO,900g,1,,,,عبوة,g
توت ازرق مستورد 125 جم 109.95 1 109.95,Vegetables & Fruits,,125جم,1,,109.95,109.95,عبوة,جم
KALBAZ PUFFS SPICY CHEESE 90G,Chips & Crackers,KALBAZ,90G,1,,,,كيس,G
HELAL SOFT BROOM WITH METAL HANDLE,Cleaning Supplies,HELAL,,1,,,,عبوة,
Hyperone Petit Pain Bread - 5 pieces,Bakery,Hyperone,,5,,,,باكو,
تودو كيك البراونيز *6 Todo Brenies Cake *6,Biscuits & Cakes,تودو,,6,,,,باكو,
Small mineral water,Water,,,1,,,,زجاجة,
منعم الأقمشة نسيم الوادي - 3 لتر,Cleaning Supplies,,3لتر,1,,,,زجاجة,لتر
مياة طبيعية للشرب من مايا، 600 مل,Water,مايا،,600مل,1,,,,زجاجة,مل
ميمكس بونبون بالزبدة، 36 جم - 12 عبوة,"Chocolates, Sweets & Desserts",ميمكس,36جم,12,,,,عبوة,جم
HARIBO BERRIES 80GM,"Chocolates, Sweets & Desserts",HARIBO,80جم,1,,,,كيس,جم
مشروب غازى بيبسى 970مل+250مل,Soft Drinks & Juices,بيبسى,970مل+250مل,2,,,,زجاجة,ململ
ثوم مهروس من فارم فريش - 200 جم,Vegetables & Fruits,فارم فريش,200جم,1,,,,عبوة,جم
El Sahaba Rusk - 500gm,Bakery,El Sahaba,500gm,1,,,,باكو,gm
ويفر شوكولاتة نستله كيت كات بحبات التوت، 19.5 جم - 5+1 عبوة,"Chocolates, Sweets & Desserts",نستله كيت كات,19.5جم,6,,,,عبوة,جم
Safcol Sardines In Sunflower Oil 120g,"Tins, Jars & Packets",Safcol ,120Gram,1,,,,عبوة,Gram
شيش دجاج الوطنية - 1ك,Poultry,الوطنية,1ك,1,,,,عبوة,ك
Koki Hot Chicken Pane - 1Kg,Poultry,Koki,1Kg,1,,,,عبوة,Kg
Kiri Triangle Cheese - 8 Pieces,Dairy & Eggs,Kiri,,8,,,,علبة,
الضحي برغل ناعم 500جم,"Rice, Pasta & Pulses",الضحي,500جم,1,,,,كيس,جم
لمار عصير طبيعي 200 مل ,Soft Drinks & Juices,لمار,200مل,1,,,,عبوة,مل
Whole Thyme – 65g,Cooking Ingredients,,65جم,1,,,,عبوة,جم
Boom Boom Energy Drink 250 ml,Soft Drinks & Juices,Boom Boom,250مل,1,,,,زجاجة,مل
يوسفى موركيت,Vegetables & Fruits,,,1,,,,كيس,
63.75 برسيل جل ٢.٦٥ل+خصم,Cleaning Supplies,برسيل,2.65ل,1,,63.75,63.75,عبوة,ل
Elledi Roll Break Wafer Strawberry 80g,Biscuits & Cakes,Elledi Roll Break,80g,1,,,,باكو,g
كلوركس الوان ٩٥٠ مل + مبيض ١لتر + متعدد ١,Cleaning Supplies,كلوركس,950مل+1لنر+1لتر,1,,,,عبوة,مللنرلتر
كيك كراميل صغير - حبة واحدة,Biscuits & Cakes,,,1,,,,باكو,
علبة جبنة طماطم صغير,Dairy & Eggs,,,1,صغير,,,علبة,صغير
الطحان تمر فاخر علبه 1 كجم,"Nuts, Dates & Dried Fruits",الطحان,1كجم,1,,,,علبه,كجم
COFFEE FRENCH HAZELUNT -2HG(FF),"Tea, Coffee & Hot Drinks",,,1,,,,علبة,
مياه طبيعية بركة - 600مل - عبوة من 20,Water,بركة,600مل,20,,,,عبوة,مل
بريتزل بطعم الباربكيو35/40جم,Chips & Crackers,,35/40جم,1,,,,كيس,جم
لينا حلقات شوفان حلو 60,Chips & Crackers,لينا,60ج,1,,,,كيس,ج
CONO SNACKS W PIZZA 80G,Chips & Crackers,CONO,80G,1,,,,كيس,G
فن داي مافين كيك بالفانيليا ,Biscuits & Cakes,فن داي,,1,,,,باكو,
صن شاين تونه قطعدايت185جم,"Tins, Jars & Packets",صن شاين,185جم,1,,,,علبة,جم
جاالون مياه,Water,,,1,,,,زجاجة,
دجاج  مكسيكان,Poultry,,,1,,,,عبوة,
بيتي فور,Bakery,,,1,,,,كيس,
درة معجون طماطم برطمان 650جم,"Tins, Jars & Packets",درة,650جم,1,,,,عبوة,جم
B tasty sauce,"Sauces, Dressings & Condiments",B tasty,,1,,,,عبوة,
وورم حلوى جيلي - 90 جم,"Chocolates, Sweets & Desserts",,90gm,1,,,,عبوة,gm
Water S,Water,,,1,,,,زجاجة,
شرائح فطر معلب ,"Tins, Jars & Packets",,,1,,,,علب,
كيندر حلوى جووى بنت,"Chocolates, Sweets & Desserts",كيندر,,1,,,,عبوة,
منين ساده 1 ك 44.95 0.316 14.2,Bakery,,0.316,1,,14.2,44.95,كيس,
ليون رقائق بالكاتشب 74-84 جم,Chips & Crackers,ليون,74-84جم,1,,,,أكياس,جم
ديتول ١x٤ ٢٠٠ مل ماك ظر 9.00 1 9.00,Cleaning Supplies,ديتول,200مل,1,,9,9,عبوة,مل
تي سي بوي تونه قطعة واحدة 200 جم ,"Tins, Jars & Packets",تي سي بوي,200جم,1,,,,علبة,جم
مزيل بقع باودر كلوركس ابيض 1ل,Cleaning Supplies,كلوركس,1ل,1,,,,عبوة,ل
علبه دومتي 500 مج بسطرمه,Beef & Lamb Meat,دومتي,500مج,1,,,,علبه,مج
زبده اوكرتانى ك,Cooking Ingredients,,ك,1,,,,عبوة,ك
California Garden Tuna With Chili Sunflower Oil 120g,"Tins, Jars & Packets",California Garden,120Gram,1,,,,عبوة,Gram
انتركوت بقرى مصرى,Beef & Processed Meat,,,1,,,,عبوة,
Star Pasta Lahloba 1kg,"Rice, Pasta & Pulses",Star,1kg,1,,,,كيس,kg
تايجر شيبس بيج شطه وليمون 160,Chips & Crackers,تايجر,160ج,1,,,,كيس,ج
600ML WATER AQUAFINA,Water,AQUAFINA,600ml,1,,,,زجاجة,ml
شيبسى تايجر ب5جنيه+كونو,Chips & Crackers,شيبسى,,2,,5,5,كيس,
نستلة فتنس توستز شوفان بالليمون والكمون 36 جم,Chips & Crackers,نستلة فتنس,36جم,1,,,,أكياس,جم
حياه مياه 600 م,Water,حياه,600م,1,,,,زجاجة,م
Lactel Professional High Fat Milk 1Litre,Dairy & Eggs,Lactel,1L,1,,,,علبة,L
نسكافية جولد ظرف3*1 Quantity,"Tea, Coffee & Hot Drinks",نسكافية,,1,,,,علبة,
زجاجات وقوارير,"Personal care, skin & body care",,,1,,,,زجاجات,
Top Value Fava Beans - 500g,"Rice, Pasta & Pulses",Top Value,500g,1,,,,كيس,g
شوكولاته داكنه 100 نستله,"Chocolates, Sweets & Desserts",نستله,100ج,1,,,,عبوة,ج
بيور لايف مياه فوارة تفاح ٣٦٠مل 7.95 1 7.95,Water,بيور لايف,360مل,1,,7.95,7.95,زجاجة,مل
ميلكى جبنه موزاريلا مبشور وزن,Dairy & Eggs,ميلكى,,1,,,,عبوة,
زجاجه بيبسى ,Soft Drinks & Juices,بيبسي,,1,,,,زجاجه,
33.00 33.00 1 Farm Frites,Vegetables & Fruits,Farm Frites,,1,,33,33,عبوة,
فرنش بيك خبز فينو,Bakery,فرنش بيك,,1,,,,كيس,
بسكويت ويفر تويكس توين شيكولا,Biscuits & Cakes,تويكس,,1,,,,باكو,
برسيل يدوى 475جم,Cleaning Supplies,برسيل,475جم,1,,,,عبوة,جم
بيبسى زجاجه تربو 2,Soft Drinks & Juices,بيبسي,,2,,,,زجاجه,تربو
لواكر بسكويت بكريمه البندق 175جم,Biscuits & Cakes,لواكر,175جم,1,,,,باكو,جم
زبادي مشروب ماكس فراوله 400جم,Dairy & Eggs,,400جم,1,,,,عبوة,جم
فاميلى لايف عيش تورتيلا 25 سم,Bakery,فاميلى لايف,,1,,,,كيس,
El Rashidi El Mizan Tahina 140g,"Sauces, Dressings & Condiments",El Rashidi El Mizan,140gm,1,,,,عبوة,gm
شوكولاتة فريرو روشيه بالبندق، 3 قطع - 16 عبوة,"Chocolates, Sweets & Desserts",فريرو,,16,,,,عبوة,
ظرف ميلكانا صوص شيدر ظرف,"Sauces, Dressings & Condiments",ميلكانا,,1,,,,عبوة,
زبده فيرن 1كيلو ,Cooking Ingredients,فيرن,1كيلو,1,,,,عبوة,كيلو
بيبيسي  كانز,Soft Drinks & Juices,بيبسي,,1,,,,,
باندا برطمان جبنة شيدر 900 جم,Dairy & Eggs,باندا,900جم,1,,,,عبوة,جم
بيبسى كانز 355 مل,Soft Drinks & Juices,بيبسي,355مل,1,,,,كانز,مل
ريجينا مكرونه انواع 1000جم,"Rice, Pasta & Pulses",ريجينا,1000جم,1,,,,كيس,جم
بقسماط مطحون ريتش بيك - 250 جم,Bakery,ريتش بيك,250جم,1,,,,كيس,جم
حواوشى كندوز صغير,Beef & Processed Meat,,,1,صغير,,,,صغير
موز مسورد,Vegetables & Fruits,,,1,,,,كيس,
كبده صافى,Poultry,,,1,,,,عبوة,
نستلة برديس فراولة 850 جم,"Chocolates, Sweets & Desserts",نستلة برديس,850جم,1,,,,عبوة,جم
علبه فريسكا بلوك,Biscuits & Cakes,فريسكا,,1,,,,علبه,
صوص -ال 0001 أيلاند,"Sauces, Dressings & Condiments",,,1,,,,عبوة,
لفت,Vegetables & Fruits,,,1,,,,كيس,
هاريبو حلوى جيلاتينية  - 160 جم,"Chocolates, Sweets & Desserts",هاريبو,160جم,1,,,,علبة,جم
اريال يدوى 1كيلو جرام,Cleaning Supplies,اريال,1كيلو,1,,,,عبوة,كيلو
الشمعدان ويفر اخضر,Biscuits & Cakes,الشمعدان,,1,,,,باكو,
Al Marakbi Kenyan Black Tea 250g,"Tea, Coffee & Hot Drinks",Al Marakbi,250gm,1,,,,عبوة,gm
جيفركس سبانخ 400جم,Vegetables & Fruits,جيفركس,400جم,1,,,,كيس,جم
الزنجبيل والقرفة - 12 كيس,"Tea, Coffee & Hot Drinks",,,12,,,,عبوة,
Olives-L Black XT,"Tins, Jars & Packets",,,1,,,,علبة,
فريش فارم بيف بيكون وزن,Beef & Processed Meat,فريش فارم,,1,,,,عبوة,
شيبسى بالطماطم 73-83جم,Chips & Crackers,شيبسى,73-83جم,1,,,,كيس,جم
مياه صغيره,Water,,,1,,,,زجاجة,
ايزيس مياه معدنيه جالون 11 لتر,Water,ايزيس,11لتر,1,,,,زجاجة,لتر
9.00 4.50 2 مانشو بريتزل بالجبنة الحارة 35 جم,Chips & Crackers,مانشو,35جم,2,,4.5,9,كيس,جم
اليمنى بن سادة فاتح 100جم,"Tea, Coffee & Hot Drinks",اليمنى,100جم,1,,,,عبوة,جم
جرانورو طماطم مقشره 800جم,"Tins, Jars & Packets",جرانورو,800جم,1,,,,عبوة,جم
حلوانى لانشون ساده  زيتون فلفل,Beef & Processed Meat,حلوانى,,1,,,,عبوة,
كيندر بينو 2 قطعه شيكولاته,"Chocolates, Sweets & Desserts",كيندر,,2,,,,عبوة,
"Super Biscuits, 6 Pieces, 36 Gm - Pack Of 12",Biscuits & Cakes,,36Gm,12,,,,عبوة,Gm
بصل احمر مصري 1 كيلو,Vegetables & Fruits,,1كيلو,1,,,,عبوة,كيلو
موز اكوادوري,Vegetables & Fruits,,,1,,,,كيس,
ميني باتيه رومي,Bakery,,,1,,,,كيس,
إيجى جاردنز صويا صوص غامق 250 مل,"Sauces, Dressings & Condiments",أيجي جاردنز,250مل,1,,,,,مل
بيبسى كانز ,Soft Drinks & Juices,بيبسي,,1,,,,كانز,
علبة دكتور بيبر للصودا بنكهة الكرز 0 smaku wisniowym 330ml,Soft Drinks & Juices,دكتور بيبر,330ml,1,,,,زجاجة,ml
جبنه كيرى طبيعى,Dairy & Eggs,كيرى,,1,,,,عبوة,
ايطالى الوان 15 سم Ardsمسطره بلاستيك,Furniture,,15سم,1,,,,بلاستيك,سم
Almarai Treats Strawberry Tarte Yogurt - 100 gm,Dairy & Eggs,Almarai,100gm,1,,,,عبوة,gm
جولدن اليكس ورق عنب 900 جم,Vegetables & Fruits,جولدن اليكس,900جم,1,,,,عبوة,جم
حواء مكرونه فيوزللي 400جم,"Rice, Pasta & Pulses",حواء,400جم,1,,,,كيس,جم
لمتنا مكرونه خواتم 400جم,"Rice, Pasta & Pulses",لمتنا,400جم,1,,,,كيس,جم
فوق اتوماتيك دوانى ١ كج ملك التوفي,Cleaning Supplies,دوانى,1كج,1,,,,عبوة,كج
بلاستيك 9 مم,Furniture,,9مم,1,,,,بلاستيك,مم
مزارع دينا عصير المانجه,Soft Drinks & Juices,مزارع دينا,,1,,,,عبوة,
فول تدميس بلدي وزن,"Rice, Pasta & Pulses",,,1,,,,كيس,
علبه صغيره f سكر,Sugar & Home Baking,,,1,,,,علبه,
Choice Cauliflower Carrots - 2.5kg,Vegetables & Fruits,Choice,2.5kg,1,,,,كيس,kg
دوريتوس عائلى فلفل حلو,Chips & Crackers,دوريتوس,,1,,,,كيس,
dasani water 600 ml,Water,dasani,600مل,1,,,,زجاجة,مل
مشروب بذور الريحان دوتس بالعنب الاحمر - 280 مل,Soft Drinks & Juices,دوتس,280مل,1,,,,عبوة,مل
Mr.Krisps Potato Chips Pizza 80g,Chips & Crackers,Mr.Krisps,80g,1,,,,كيس,g
Roshen 2 Crack Cracker Sandwich Cocoa   Hazelnut - 235 gram,Biscuits & Cakes,Roshen 2 Crack,,1,,,,باكو,
هاينز كاتشب 200مل,"Sauces, Dressings & Condiments",هاينز,200مل,1,,,,عبوة,مل
جبن بيضاء اسكندراني بالفلفل بالوزن,Dairy & Eggs,,,1,,,,عبوة,
kitkat 4 fingers  36.5 gm,"Chocolates, Sweets & Desserts",kitkat,36جم,1,,,,عبوة,جم
SAFI WATER 330M,Water,SAFI,330M,1,,,,زجاجة,M
لينجهام صوص سيراتشا 280مل,"Sauces, Dressings & Condiments",لينجهام,280مل,1,,,,عبوة,مل
تشكن فيليه سائد-قاموس ستار ساندوتش -بطاطا عادي متوسط 2 -بيبيس كانز2,Home Appliances,بيبسي,,6,متوسط,,,كانز,متوسط
توست قمح ميني دياتوستا - 120جم,Bakery,دياتوستا,120جم,1,,,,كيس,جم
خبز فينو بالحبوب المتنوعه ,Bakery,,,1,,,,كيس,
اطياب صدور بانيه مقرمشه ك طهى 400ج,Poultry,اطياب,400جم,1,,,,عبوة,جم
شراب التمر - 320 جم,Soft Drinks & Juices,,320جم,1,,,,زجاجة,جم
PROCAT Pate With Rabbit & Vegetables 400g,Bakery,PROCAT,400g,1,,,,كيس,g
Small water`,Water,,,1,,,,زجاجة,
ميلرز خلطة توابل سبرينكل بطعم البيتزا - 90جم,Cooking Ingredients,ميلرز,90جم,1,,,,عبوة,جم
عصير جوافه 200مل بشاير,Soft Drinks & Juices,بشاير,200مل,1,,,,عبوة,مل
Three Chefs Singlez Beef Escalope 90gm,Beef & Processed Meat,Three Chefs,90gm,1,,,,عبوة,gm
سانتيه كوكيز 50,Biscuits & Cakes,سانتيه,50جم,1,,,,باكو,جم
ايطاليانو مكرونه صدفه400,"Rice, Pasta & Pulses",ايطاليانو,400,1,,,,كيس,
BEBELAC 1 MILK INF 400GM,Dairy & Eggs,BEBELAC,400gm,1,,,,عبوة,gm
T 8.05 هارفست خل 1لتر (M),"Sauces, Dressings & Condiments",هارفست,1لتر,1,,8.05,8.05,عبوة,لتر
دسانى مياه معدنيه 600مل,Water,دسانى,600مل,1,,,,زجاجة,مل
الضحي ارز فاخر 1 ك,"Rice, Pasta & Pulses",الضحي,1ك,1,,,,كيس,ك
اللحيمي لانشون لحم بفلفل الأسود 250 جم,Beef & Processed Meat,اللحيمي,250جم,1,,,,عبوة,جم
مكرونة مرمرية من كوين - 350 جم,"Rice, Pasta & Pulses",كوين,350جم,1,,,,,جم
"Sunshine Express Tuna - shredded, 95 gm","Tins, Jars & Packets",Sunshine ,95gm,1,,,,علبة,gm
Lamar juice 1 liter types,Soft Drinks & Juices,Lamar,1L,1,,,,عبوة,L
باريلا فارفالي باستا 500 جم,"Rice, Pasta & Pulses",باريلا,500جم,1,,,,كيس,جم
شيفى ميكس خلطه الارز البردان,Cooking Ingredients,شيفى ميكس,,1,,,,عبوة,
ايزيس ينسون باللى,"Tea, Coffee & Hot Drinks",ايزيس,,1,,,,علبة,
روز جاردن مكرونه هلاليه,"Rice, Pasta & Pulses",روز جاردن,,1,,,,كيس,
شيدر مستورد خشالة 0 120 16.44,Dairy & Eggs,,120جرام,1,,16.44,16.44,عبوة,جرام
Cherry tomatoes - 500 gm,Vegetables & Fruits,,500gm,1,,,,كيس,gm
بسلة خضراء سادة من دريا - 400 جرام,Vegetables & Fruits,دريا,400جرام,1,,,,عبوة,جرام
Delica White Chocolate Couverture - 220 Gram,"Chocolates, Sweets & Desserts",Delica,220gm,1,,,,عبوة,gm
Juicy Fresh Mango Juice 300ml,Soft Drinks & Juices,Juicy,300مل,1,,,,زجاجة,مل
Dasani Water 24 x 330ml,Water,Dasani,330ml,24,,,,كرتونة,ml
باب الشام ريحان 20جم,Cooking Ingredients,باب الشام,20جم,1,,,,كيس,جم
Andea Milano Red Grape Vinegar 500ml,"Sauces, Dressings & Condiments",Andea Milano,500ml,1,,,,عبوة,ml
خس ,Vegetables & Fruits,,,1,,,,كيس,
بسمة ملوخية خضراء مخروطة 8.75 1 8.75,Vegetables & Fruits,بسمة,75جم,1,,8.75,8.75,عبوة,جم
كولد ستون بسكويت,Biscuits & Cakes,كولد ستون,,1,,,,باكو,
تيست بيور عرق تربيانكو روستو متبل,Beef & Processed Meat,تيست بيور,,1,,,,عبوة,
حليب جوز هند نباتي جهينة - 1 لتر,Dairy & Eggs,جهينة,1لتر,1,,,,عبوة,لتر
Tag Elmelouk Frutina Juice Powder with Pineapple Flavor - 12 gm,Soft Drinks & Juices,Tag Elmelouk,12gm,1,,,,عبوة,gm
Dobella Pickled Slices Jalapino Pepper - 370 Gram,"Tins, Jars & Packets",Dobella ,370Gm,1,,,,عبوة,Gm
GYLIAN CHOCOLATE SELECTION 174G,"Chocolates, Sweets & Desserts",GYLIAN,174g,1,,,,عبوة,g
Green Land Spread Cream Cheese - 900 gram,Dairy & Eggs,Green Land,900gm,1,,,,علبة,gm
Viva UHT Milk Full Cream 1Litre,Dairy & Eggs,Viva,1Litre,1,,,,عبوة,Litre
Mutaheda Fresh HIP 900gm,Poultry,Mutaheda,900gm,1,,,,عبوة,gm
حلو الشام سحلب 220 جم,"Tea, Coffee & Hot Drinks",حلو الشام,,20,,,,علبة,
T 78.50 مستر كريسبس65ج 2@39.25,Chips & Crackers,مستر كريسبس65ج,65ج,2,,39.25,78.5,كيس,ج
Medium Turkish Coffee – 250 gm,"Tea, Coffee & Hot Drinks",,250gm,1,,,,عبوة,gm
المراعي حليب خالي الدسم 1 لتر,Dairy & Eggs,المراعي,1لتر,1,,,,علبة,لتر
عصير جهينه بريميم اناناس 235م,Soft Drinks & Juices,جهينه,235مل,1,,,,عبوة,مل
بسطرمة بلدى بالثوم _ وزن,Beef & Processed Meat,,,1,,,,عبوة,
Red Apples - By Weight,Vegetables & Fruits,,,1,,,,كيس,
عبدالمعبود بن ساده 200جرام,"Tea, Coffee & Hot Drinks",عبدالمعبود,200جم,1,,,,عبوة,جم
شيبسي جبنه متبله 3ج  ,Chips & Crackers,شيبسي,,1,,3,3,كيس,
AlMarai Oriental Sausage - 300gm,Beef & Processed Meat,AlMarai,300gm,1,,,,عبوة,gm
لمتنا مكرونه لسان عصفور 400جرام,"Rice, Pasta & Pulses",لمتنا,400جرام,1,,,,كيس,جرام
30.50 00% حليب ك.دسم ل1 لاكتيل,Dairy & Eggs,لاكتيل,1L,1,,30.5,30.5,عبوة,L
Alreef Almasry White Eggs 18pcs,Dairy & Eggs,Alreef Almasry,,18,,,,عبوة,
شيبسي بطاطس ملح ١٢ ٨.٠٠ ١ ٨.٠٠,Chips & Crackers,شيبسي,,1,,8,8,كيس,
علبه الغباشى ,Sweets & Desserts,,,1,,,,علبه,
حلوانى لحم رومى مدخن 1ك,Poultry,حلوانى,1ك,1,,,,عبوة,ك
هاينز مايونيز 310جم كلاسيك ,"Sauces, Dressings & Condiments",هاينز,310جم,1,,,,عبوة,جم
Americana Moloukhia 400g,Vegetables & Fruits,Americana,400gm,1,,,,كيس,gm
رواخ عصير عنب احمر ,Soft Drinks & Juices,رواخ,,1,,,,زجاجة,
ليبتون شاى 100فتله علبه مج _معلقه هديه,"Tea, Coffee & Hot Drinks",ليبتون,,100,,,,عبوة,
دسانى مياه 18.9لتر,Water,دسانى,18.9لتر,1,,,,زجاجة,لتر
مياه دساني المعدنية,Water,دساني,,1,,,,زجاجة,
فلفل اسود حصى بالوزن ,Cooking Ingredients,,,1,,,,عبوة,
بيبسى مشروب غازى,Soft Drinks & Juices,بيبسى,,1,,,,زجاجة,
خبز عربي,Bakery,,,1,,,,كيس,
بهارات شيش طاووق اسناد100جم,Cooking Ingredients,اسناد100جم,100جم,1,,,,عبوة,جم
Nestle Water 600	,Water,Nestle,600,1,,,,زجاجة,
علبه مافن متنوع رويال بريدز,Sweets & Desserts,رويال,,1,,,,علبه,
بيبسى مياه غازيه بلاستيك 250 مل,Soft Drinks & Juices,بيبسي,250مل,1,,,,بلاستيك,مل
بوله بلاستيك 12 سم ,Furniture,,12سم,1,,,,بلاستيك,سم
شيكولاتة جيليان غامقة مشكلة - 165جم,"Chocolates, Sweets & Desserts",جيليان,165جم,1,,,,عبوة,جم
مصرية مكرونة إسباجيتى - 350جم,"Rice, Pasta & Pulses",مصرية,350جم,1,,,,كيس,جم
ويفر شوكولاتة كيت كات ، 2 اصابع - 20.5 جم,"Chocolates, Sweets & Desserts",كيت كات,20.5جم,2,,,,عبوة,جم
بانية فيلية دجاج أطياب,Poultry,أطياب,,1,,,,عبوة,
الضحى فول دميس 500غم,"Rice, Pasta & Pulses",الضحى,500جم,1,,,,كيس,جم
مزارع دينا زبادى  75جم,Dairy & Eggs,مزارع دينا,75جم,1,,,,عبوة,جم
Queen Risoni - 350 gram,"Rice, Pasta & Pulses",Queen,350 gram,1,,,,كيس,gram
sm mineral water,Water,,,1,,,,زجاجة,
بوادى طحينه 560ج,"Sauces, Dressings & Condiments",بوادى,560جم,1,,,,عبوة,جم
نيو كتاكيتو شيكول,Biscuits & Cakes,كتاكيتو,,1,,,,باكو,
صلصة باربيكيو - 150 جم,"Tins, Jars & Packets",,150جم,1,,,,عبوة,جم
ابو عوف قهوة تركية بالحبهان 200 جم,"Tea, Coffee & Hot Drinks",ابو عوف,200جم,1,,,,عبوة,جم
خل التفاح بالادين 500 مل,"Sauces, Dressings & Condiments",بالادين,500مل,1,,,,عبوة,مل
Ketchup (6 sachet),"Sauces, Dressings & Condiments",,,6,,,,عبوة,
Nestle Natural Water 1.5 L,Water,Nestle,1.5L,1,,,,زجاجة,L
30.00 Pie Apple 2,Bakery,,,1,,30,30,كيس,
Chipsy Salt Flavoured Potato Chips - 133 gram,Chips & Crackers,Chipsy,133 gram,1,,,,كيس,gram
Chupa Chups Fresh Cola  Lollipop - 120 gm,"Chocolates, Sweets & Desserts",Chupa Chups,120gm,1,,,,عبوة,gm
NESTLE PLAIN YOGHURT 6 +2,Dairy & Eggs,NESTLE,6+2,1,,,,,
Dasani Natural Water 18.90 L ,Water,Dasani,18.9L,1,,,,زجاجة,L
بيك رولز 38ج,Chips & Crackers,بيك رولز,38ج,1,,,,كيس,ج
كبده امريكي وزن,Beef & Processed Meat,,,1,,,,,
اكسير بن ساده فاتح ٢٠٠ جم,"Tea, Coffee & Hot Drinks",اكسير,200جم,1,,,,علبة,جم
حياة مياه طبيعية - 1.5 لتر,Water,حياة,1.5لتر,1,,,,زجاجة,لتر
Domty Plus Feta Cheese - 1 kg,Dairy & Eggs,Domty,1kg,1,,,,عبوة,kg
بامية بسمة زيرو 400 جم,Vegetables & Fruits,بسمة,400جم,1,,,,عبوة,جم
بيتي عصير تروبيكانا جوافه 235 3.99 3 0.00 11.97,Soft Drinks & Juices,بيتي,235مل,1,,3.99,11.97,عبوة,مل
مارشيملو,"Chocolates, Sweets & Desserts",,,1,,,,,
باوتشر هاوس برجر كندوز 1.15 155.00 178.25,Beef & Processed Meat,باوتشر هاوس,1.15,1,,155,178.25,عبوة,
لمتنا مكرونه لازنيه,"Rice, Pasta & Pulses",لمتنا,,1,,,,كيس,
زجاجة ستانلس الوان 280 م,Furniture,,280م,1,,,,زجاجة,م
كريستال ذرة 2.2 لتر,Cooking Ingredients,كريستال,2.2لتر,1,,,,,لتر
Natural distilled Rose water 300ml,Water,,300ml,1,,,,زجاجة,ml
جهينه كريمة طهى 1 لتر,Dairy & Eggs,جهينه,1لتر,1,,,,عبوة,لتر
نستله مياه فواره 240مل,Water,نستله,240مل,1,,,,زجاجة,مل
Dole Pineapple Juice/Orange Natural-250m,Soft Drinks & Juices,Dole,250مل,1,,,,زجاجة,مل
ريجينا مكرونة ودعه 400جم ,"Rice, Pasta & Pulses",ريجينا,400جم,1,,,,كيس,جم
حلواني كوردن بلو، 400 جرام,Poultry,حلواني,400جرام,1,,,,عبوة,جرام
فريش فارم قشطه رومى وزن عرض,Poultry,فريش فارم,,1,,,,عبوة,
بوويدور صوص باستا بالريحان 360 جم,"Sauces, Dressings & Condiments",بوويدور,360جم,1,,,,عبوة,جم
سبيد فوطه تنظيف 9ق 35*3,Cleaning Supplies,سبيد,,9,,,,عبوة,
رانى حبيبات اناناس 240 مل,Soft Drinks & Juices,رانى,240مل,1,,,,زجاجة,مل
كرانشى شيتوس بالجبنه 138جرام ,Chips & Crackers,كرانشى,138جرام,1,,,,كيس,جرام
خبز فينا 5قطع 1 14.75 14.75,Bakery,,,5,,14.75,14.75,كيس,
كوكى بيف برجر جامبو، 15 قطعة,Beef & Processed Meat,كوكى,,15,,,,عبوة,
كيت كات استيك 90 مل,"Chocolates, Sweets & Desserts",كيت كات,90gm,1,,,,عبوة,gm
زجاجه الوان اكر,Furniture,,,1,,,,زجاجه,
شاى ليبتون 100فتله مج,"Tea, Coffee & Hot Drinks",ليبتون,,100,,,,كيس,
انكور زبده200ج,Cooking Ingredients,انكور,200جم,1,,,,عبوة,جم
شيتوس كرانشي,Chips & Crackers,شيتوس,,1,,,,كيس,
Domty Sandwich Feta Plus Olives,Bakery,Domty,,1,,,,باكو,
بيبسى جيب كانز 250 مللى بيبسى,Soft Drinks & Juices,بيبسي,250مل,1,,,,كانز,مل
ريتش بيك بقسماط مطحون 450جم ,Bakery,ريتش بيك,450جم,1,,,,كيس,جم
TIFFANY EVERYDAY BISCUITS MILK 50G,Biscuits & Cakes,TIFFANY,,1,,,,باكو,
اكوافينا مياه طبيعيه600مل,Water,اكوافينا,600مل,1,,,,زجاجة,مل
فيرجينيا زيت زيتون بكر اكسترا 750 مل زجاج,Cooking Ingredients,فيرجينيا,750مل,1,,,,عبوة,مل
Juice Fresh,Soft Drinks & Juices,,,1,,,,عبوة,
بن تركي غامق مع الهيل - 200 جم,"Tea, Coffee & Hot Drinks",,200جم,1,,,,عبوة,جم
عنب ابيض بناتي/ 2 قطعة 6.00 12.00,Vegetables & Fruits,,,2,,6,12,عبوة,
كاتشب  ساشيت,"Sauces, Dressings & Condiments",,,1,,,,عبوة,
ويندوز جبنه 93 جم,Chips & Crackers,ويندوز,93جم,1,,,,كيس,جم
نوتيلا كريمه شيولاته ,"Chocolates, Sweets & Desserts",نوتيلا,,1,,,,عبوة,
الربيع شاي الاكثر قوة 25 فتلة,"Tea, Coffee & Hot Drinks",الربيع,,25,,,,عبوة,
Espresso Bar Cafe - 1 Kg,"Tea, Coffee & Hot Drinks",Espresso,1 Kg,1,,,,,Kg
Fiji Salted Crackers Cheese 37.5g,Chips & Crackers,Fiji,37.5g,1,,,,كيس,g
كانز بيبسى,Soft Drinks & Juices,بيبسي,,1,,,,كانز,
Koki Chicken Meat Cones 350 gm,Poultry,Koki,350gm,1,,,,عبوة,gm
Double X Barley 330 ml,Soft Drinks & Juices,Double X,330ml,1,,,,عبوة,ml
RICH-CUISINE-CH-STRIPS HOT 1KG,Poultry,RICH,1KG,1,,,,عبوة,KG
حواوشى سواريه,Beef & Processed Meat,,,1,,,,عبوة,
Mayonnaise 310 g ,"Sauces, Dressings & Condiments",,310g,1,,,,عبوة,g
ترمس 1 لتر قلب زجاج,Furniture,,1لتر,1,,,,زجاج,لتر
بريل شعير زجاج ٢٧٥ ملي 7.00 2.00 14.00,Cleaning Supplies,بريل,275ملي,2,,7,14,عبوة,ملي
ماجي شوربة الدجاج مع أحرف المكرونة 66 جم,"Tins, Jars & Packets",ماجي,66جم,1,,,,عبوة,جم
بريزيدون جبنه بيضاء اسطنبولى بلاستيك 500 جم,Dairy & Eggs,بريزيدن,500جم,1,,,,بلاستيك,جم
ميتكو كفته بقرى 900جم,Beef & Processed Meat,ميتكو,900جم,1,,,,عبوة,جم
ستار مكرونة فرن 1 كيلو,"Rice, Pasta & Pulses",ستار,1كيلو,1,,,,كيس,كيلو
Golden Basmati Rice – 1 Kg,"Rice, Pasta & Pulses",,1Kg,1,,,,كيس,Kg
تايجر شطه مولعه ,Chips & Crackers,تايجر,,1,,,,كيس,
كاتشب حار بريميوم ميرو 340 جرام,"Sauces, Dressings & Condiments",ميرو,340جم,1,,,,عبوة,جم
جنرال منظف ارضيات 370 ملي,Cleaning Supplies,جنرال,370ملي,1,,,,عبوة,ملي
كريمة خفق جهينة 1 لتر,Dairy & Eggs,جهينة,1لتر,1,,,,عبوة,لتر
خبز فينا 5قطع Quantity,Bakery,,,5,,,,كيس,
ملفوف محلي 1 قطعة,Vegetables & Fruits,,,1,,,,عبوة,
حلواني طحينة 710 جرام,"Sauces, Dressings & Condiments",حلواني,710جرام,1,,,,عبوة,جرام
كاسبل صويا صوص خالى الجلوتين 250م,"Sauces, Dressings & Condiments",كاسبل,250مل,1,,,,عبوة,مل
American Garden Thousand Island 473ml,"Sauces, Dressings & Condiments",American Garden,473ml,1,,,,عبوة,ml
قهوة جراوند دافيداف اورينتال ستايل - 250 جم,"Tea, Coffee & Hot Drinks",دافيداف,250جم,1,,,,عبوة,جم
مكرونة فارفلي ريجينا - 400 جم,"Rice, Pasta & Pulses",ريجينا,400جم,1,,,,,جم
Nature's Charm Butter Scotch Sauce - 400gm,"Sauces, Dressings & Condiments",Nature's Charm,400gm,1,,,,عبوة,gm
الملكة مكرونة 400 جم,"Rice, Pasta & Pulses",الملكة,400جم,1,,,,كيس,جم
جهينة زبادو توب ب 5.75 1,Dairy & Eggs,جهينة,,1,,5.75,5.75,زجاجة,
بصل احمر - 4ك,Vegetables & Fruits,,4ك,1,,,,عبوة,ك
مياه نستله كبير 1.5لتر,Water,نستله,1.5لتر,1,,,,زجاجة,لتر
لينو حلقات شوفان بالسريراتشا 60 جم,Chips & Crackers,لينو,60جم,1,,,,أكياس,جم
جهينة بيور عصير برتقال وجزر، 235 مللى,Soft Drinks & Juices,جهينة,235مل,1,,,,عبوة,مل
SHAHRAZAD SPINACH 400G,Vegetables & Fruits,SHAHRAZAD,400gm,1,,,,كيس,gm
جهينه عصير بيور غيرمحلى 2 7.50,Soft Drinks & Juices,جهينه,,2,,7.5,7.5,عبوة,
halwani chicken luccheon plain 200g,Poultry,halwani,200g,1,,,,عبوة,g
  تشويس صلصلة الباربيكيو 320 جم  + تشويس صوص الصويا فاتح 250مل,"Sauces, Dressings & Condiments",تشويس,320جم+250مل,1,,,,عبوة,جممل
شيبسى بطاطس طماطم 80-90جم,Chips & Crackers,شيبسى,80-90جم,1,,,,كيس,جم
CRF NATURAL WATER 1.5L,Water,CRF,1.5Litre,1,,,,زجاجة,Litre
مشروب كركديه فروتس - 700مل ,Soft Drinks & Juices,فروتس,700مل,1,,,,عبوة,مل
SHAHRAZAD SPINACH 400G,Vegetables & Fruits,SHAHRAZAD,400gm,1,,,,كيس,gm
فمتو مركز 710مل,Soft Drinks & Juices,فمتو,710مل,1,,,,زجاجة,مل
الحلوب 400جم سمن,Cooking Ingredients,الحلوب,400جم,1,,,,عبوة,جم
بيبسى كانز,Soft Drinks & Juices,بيبسي,,1,,,,كانز,
"عبوة ١٨,٩ لتر",Water,,18.9لتر,1,,,,زجاجة,لتر
برافو شيبس جبنة مكس 80جم,Chips & Crackers,برافو,80جم,1,,,,كيس,جم
جاردينو كاتشاب حار500 جم,"Sauces, Dressings & Condiments",جاردينو,500جم,1,,,,عبوة,جم
امستل شراب شعير 330مل,Soft Drinks & Juices,امستل,330مل,1,,,,زجاجة,مل
Amazon Natural Drinking Water 1.5Litre,Water,Amazon,1.5Litre,1,,,,زجاجة,Litre
Nestle Nescafe Gold Decaf 100 gm,"Tea, Coffee & Hot Drinks",Nescafe,100جم,1,,,,علبة,جم
Pringles Original Chips - 40 gram,Chips & Crackers,Pringles,40gram,1,,,,كيس,gram
علبه طماطم 3 ج,"Condiments, Dressings & Marinades",,,1,,3,3,علبه,ج
مياه فوارة نستله بيور فيز بالتفاح - 360مل,Water,نستله,360مل,1,,,,زجاجة,مل
shicketita Spicy Chicken Strips -1kg,Poultry,shicketita,1KG,1,,,,عبوة,KG
- بريد واي بقسماط مطحون كبير 1 12.00,Bakery,بريد واي,,1,,12,12,كيس,
جبنه كريمه بالفلفل الحار فاخر,Dairy & Eggs,,,1,,,,عبوة,
طلب سوبيا,Soft Drinks & Juices,,,1,,,,زجاجة,
مسحوق غسيل اوكسي برايت اتوماتيك، لافندر - 4 كجم,Cleaning Supplies,اوكسي,4كجم,1,,,,عبوة,كجم
شاي ليبتون 26فتلة عرض 9 جنية 1 0 9.00,"Tea, Coffee & Hot Drinks",ليبتون,,26,,9,9,علبة,
نسكويك 1ل,"Tea, Coffee & Hot Drinks",نسكويك,1ل,1,,,,علبة,ل
Lamar Apple Juice,Soft Drinks & Juices,Lamar,,1,,,,زجاجة,
الخير ملح طعام 700جم كيس,Cooking Ingredients,الخير,700جم,1,,,,عبوة,جم
سله مياه 1.5لتر,Water,سله,1.5لتر,1,,,,زجاجة,لتر
حلوانى لانشون فراخ,Beef & Processed Meat,حلوانى,,1,,,,عبوة,
بسمة بسله ساده 400 جم,Vegetables & Fruits,بسمة,400جم,1,,,,عبوة,جم
mightyhot sauce cups,"Sauces, Dressings & Condiments",,,1,,,,عبوة,
فودى خل 1لتر,"Sauces, Dressings & Condiments",فودى,1لتر,1,,,,عبوة,لتر
بلاستيكه نيم كارت 145 *105 سم,Baby Care,,105*145 سم,1,,,,بلاستيكه,سم
Nestle Pure Life Natural Water - 330 ml,Water,Nestle,330ml,1,,,,زجاجة,ml
البشارى مانجو شرائح مجمده 1ك,"Tins, Jars & Packets",البشارى,1ك,1,,,,علبة,ك
DANONE LIGHT YOGHURT 170G,Dairy & Eggs,DANONE,170gm,1,,,,عبوة,gm
Twinings Gunpowder Green Tea And Mint - 200 Gram,"Tea, Coffee & Hot Drinks",Twinings,200gm,1,,,,عبوة,gm
Smoked Beef,Beef & Processed Meat,,,1,,,,عبوة,
3.98 ليون كاتشب68ج,Chips & Crackers,ليون,68جم,1,,3.98,3.98,كيس,جم
مقرمشات حلقات بصل كلاس اية60جم,Chips & Crackers,كلاس اية60جم,60جم,1,,,,أكياس,جم
Movenpick Espresso Iced Coffee 200g,"Tea, Coffee & Hot Drinks",Movenpick,200gm,1,,,,عبوة,gm
مانجو سكرى وزن نمره 2,Vegetables & Fruits,,,1,,,,كيس,
هيرشيز مسحوق كاكاو 226ج,"Tea, Coffee & Hot Drinks",هيرشيز,226جم,1,,,,عبوة,جم
هيلما كانترى بسكويت كوكيز 150 جم بقطع الشيكولاته,Biscuits & Cakes,هيلما كانتري,150جم,1,,,,,جم
Az Zahraa Classic Basmati Rice Extra Long 1kg,"Rice, Pasta & Pulses",Az Zahraa,1kg,1,,,,كيس,kg
كونو سناكس27ج,Chips & Crackers,كونو,27ج,1,,,,كيس,ج
THREE CHEFS CHICKEN PANE SPICY 400G,Poultry,THREE CHEFS,400G,1,,,,عبوة,G
Fresh Farm Beef Burger 1.5kg,Beef & Processed Meat,Fresh Farm,1.5kg,1,,,,عبوة,kg
زيتون شرائح وزن ,"Tins, Jars & Packets",,,1,,,,علبة,
Nestlé Pure Life Water 6L ,Water,Nestlé,6L,1,,,,زجاجة,L
كوكاكولا زجاجه بلاستيك300 مل,Soft Drinks & Juices,كوكاكولا,300مل,1,,,,بلاستيك,مل
عصير جهينه بريميم جوافه 1لتر ,Soft Drinks & Juices,جهينه,1لتر,1,,,,زجاجة,لتر
شيبسي فودز فيوجن ميكس يوناني,Chips & Crackers,شيبسي,,1,,,,كيس,
هاينز طماطم ديوباك كاتشب 285جم,"Sauces, Dressings & Condiments",هاينز,285جم,1,,,,عبوة,جم
جود فرنس مايونير مدخن 500 جم,"Sauces, Dressings & Condiments",جود فرنس,500جم,1,,,,عبوة,جم
Coco Royal Chia Seed Drink with Passion Fruit Flavor - 290 ml,Soft Drinks & Juices,Coco Royal,290ml,1,,,,زجاجة,ml
جبنة رومى بطارخ 95.00 0.336 31.92,Dairy & Eggs,,0.336,1,,31.92,92,زجاجة,
بسكو مصر ويفر فانيليا صغير علبه 12 باكو,Biscuits & Cakes,بسكو مصر,,12,,,,علبه,باكو
كوكاكولا كانز 300مل,Soft Drinks & Juices,كوكاكولا,300مل,1,,,,زجاجة,مل
Fresh Farm Beef Hot dog - 1kg,Beef & Processed Meat,Fresh Farm,1kg,1,,,,عبوة,kg
Three Chefs Singlez Beef Escalope 90gm,Beef & Processed Meat,Three Chefs,90gm,1,,,,عبوة,gm
ميتكو سجق شرقى 350جم,Beef & Processed Meat,ميتكو,350جم,1,,,,عبوة,جم
President Full Cream Processed Spread Cheddar Cheese - 140 gm,Dairy & Eggs,President,140gm,1,,,,عبوة,gm
Maxell Grime Eliminator - 700 ml,Cleaning Supplies,Maxell,700ml,1,,,,عبوة,ml
ايطاليانو مكرونه شرايط 400G,"Rice, Pasta & Pulses",ايطاليانو,400ج,1,,,,كيس,ج
تونة لايت قطع في زيت عباد الشمس حدائق كاليفورنيا - 185جم,"Tins, Jars & Packets",حدائق كاليفورنيا ,185جم,1,,,,علبة,جم
اتشيس كيك /توت/شوكلته/راد ف,Biscuits & Cakes,,,1,,,,باكو,
مصريه مكرونه 305جم,"Rice, Pasta & Pulses",مصريه,305جم,1,,,,كيس,جم
شوكولاتة ساخنة من بونجورنو - 30 جم عبوة من 12,"Chocolates, Sweets & Desserts",بونجورنو,30جم,12,,,,عبوة,جم
جاردينو مايونيز سكويز، 280 جرام,"Sauces, Dressings & Condiments",جاردينو,280جرام,1,,,,عبوة,جرام
ماجى شوربه كريمه الدجاج 71جم,"Tins, Jars & Packets",ماجى,71جم,1,,,,عبوة,جم
"Sunbulah Egg roll pastry, 20 Pieces ",Bakery,Sunbulah,,20,,,,كيس,
3.50 1.75 2 فريسكا ويفر محشو شوكولاتة بيضاء,Biscuits & Cakes,فريسكا,,2,,1.75,3.5,باكو,
Bonjorno Coffee Mix 12 gm,"Tea, Coffee & Hot Drinks",Bonjorno,12gm,1,,,,عبوة,gm
Hayat Water 600ml,Water,Hayat,600ml,1,,,,زجاجة,ml
hohos jumbo rolled chocolate  cake-30 gr,Biscuits & Cakes,hohos,30gr,1,,,,باكو,gr
بولة ايس كريم هايبر وان ,"Chocolates, Sweets & Desserts",هايبر وان,,1,,,,عبوة,
شنطه برتقال فالنسيا متنوعه 3ك,Vegetables & Fruits,,3ك,1,,,,كيس,ك
مكرونه فيوزيللى مصريه 350جم,"Rice, Pasta & Pulses",مصريه,,1,,,,كيس,
صافى مياه 330م,Water,صافى,330م,1,,,,زجاجة,م
شيكولاته سادة جولد ديليكا,"Chocolates, Sweets & Desserts",ديليكا,,1,,,,عبوة,
Nestle mineral water 600ml,Water,Nestle,600ml,1,,,,زجاجة,ml
fayrouz pineapple 330ml,Soft Drinks & Juices,fayrouz,330ml,1,,,,زجاجة,ml
المراعى حليب 1لتر ,Dairy & Eggs,المراعى,1لتر,1,,,,عبوة,لتر
Sparkl water S,Water,,,1,,,,زجاجة,
FARAGELLO CHICKEN PANE HOT 1K,Poultry,FARAGELLO,1K,1,,,,عبوة,K
كانز,Soft Drinks & Juices,,,1,,,,كانز,
Rich Beef Bacon Kg,Beef & Processed Meat,Rich,Kg,1,,,,عبوة,Kg
Bechamel Sauce - 75g,"Sauces, Dressings & Condiments",,75g,1,,,,عبوة,g
هاينز باربكيو صوص 300جم,"Sauces, Dressings & Condiments",هاينز,300جم,1,,,,عبوة,جم
Temry Chilled Chicken Fillet 1kg ,Poultry,Temry,1kg,1,,,,عبوة,kg
Pure Non-Bitter Green Tea - 25 Bags,"Tea, Coffee & Hot Drinks",,,25,,,,عبوة,
ماما تشويس بوم,Vegetables & Fruits,ماما تشويس,,1,,,,كيس,
علبه فول محوج كبيره,"Tins, Jars & Packets",,,1,كبيره,,,علبه,كبيره
Almarai Cooking Cream 200ml,Dairy & Eggs,Almarai,200ml,1,,,,عبوة,ml
Faragello Chicken Roast - 150 gram,Poultry,Faragello,150gram,1,,,,,gram
جهينة زبادو مشروب زبادى بالفراوله - 220 ملل,Dairy & Eggs,جهينة,220مل,1,,,,عبوة,مل
شيبسى بالملح 135جرام,Chips & Crackers,شيبسى,135جرام,1,,,,كيس,جرام
زجاجه 800 مل,Furniture,,800مل,1,,,,زجاجه,مل
أيلوو باربيكيو صوص 500 جم,"Sauces, Dressings & Condiments",أيلوو,500جم,1,,,,عبوة,جم
شويبس مشروب غازى يوسفى,Soft Drinks & Juices,شويبس,,1,,,,زجاجة,
ماجى خلطه البرجر 40جم ,Cooking Ingredients,ماجى,40جم,1,,,,عبوة,جم
Aquafina Water 1.5L ,Water,Aquafina,1.5Litre,1,,,,زجاجة,Litre
كرافت جبنة تشدر 190جم ,Dairy & Eggs,كرافت,190جم,1,,,,عبوة,جم
natural nectar,Soft Drinks & Juices,,,1,,,,عبوة,
Gandour Finger Plain Biscuits - 12 Count,Biscuits & Cakes,Gandour,,12,,,,عبوة,
ط4 كلبس اكياس 10 سم بلاستيك 3 لون,Disposables & Napkins,,10سم,3,,,,بلاستيك,سم
Green House Mixed vegetables Tourly - 400 Gram,Vegetables & Fruits,Green House,400gm,1,,,,كيس,gm
Chunkos chocolate cream 6x12x4 ,Biscuits & Cakes,,,12,,,,باكو,
Lactel Greek Mix Berries - 180 Gram,Dairy & Eggs,Lactel,180gm,1,,,,عبوة,gm
لاكتيل حليب كامل الدسم 1لتر,Dairy & Eggs,لاكتيل,1لتر,1,,,,عبوة,لتر
فريسكا فينجرز محشي بندق,Biscuits & Cakes,فريسكا,,1,,,,باكو,
جود فرنس كاتشب 250جم,"Sauces, Dressings & Condiments",جود فرنس,250جم,1,,,,عبوة,جم
عبور افوكادو ,Vegetables & Fruits,عبور,,1,,,,كيس,
كندوز 115,Beef & Processed Meat,,115ج,1,,,,عبوة,ج
Bab Elsham Sumac Powder 40g,Cooking Ingredients,Bab Elsham,40g,1,,,,عبوة,g
جهينه قشطه حمصيه 450جم,Dairy & Eggs,جهينه,450جم,1,,,,عبوة,جم
مايونيز هاينز ديو باك,"Sauces, Dressings & Condiments",هاينز,,1,,,,عبوة,
"Basma Peas, 400g",Vegetables & Fruits,Basma,400gm,1,,,,كيس,gm
امادا ستيكس بجوز الهند 32جرام,Biscuits & Cakes,,32جرام,1,,,,باكو,جرام
Hyperone Menen Plain- By Weight,Bakery,Hyperone,,1,,,,باكو,
Al Doha egyptian,"Rice, Pasta & Pulses",Al Doha,,1,,,,كيس,
ميني باتيه بالجبنه وزن,Bakery,,,1,,,,كيس,
لحمة مفرومة 69 0.49 34.086,Beef & Processed Meat,,0.49,1,,34.086,69,عبوة,
"Almarai Treats Blackberry Yogurt, 105 gm",Dairy & Eggs,Almarai,105gm,1,,,,عبوة,gm
ElSahaba Beans - 500gm,"Rice, Pasta & Pulses",ElSahaba,500gm,1,,,,كيس,gm
Finish Classic Dish Wash Powder Regular 1kg,Cleaning Supplies,Finish,1kg,1,,,,عبوة,kg
تارت فادج بالقطعة ,"Chocolates, Sweets & Desserts",,,1,,,,عبوة,
ليبتون  شاى توليفه جديده 100فتله,"Tea, Coffee & Hot Drinks",ليبتون,,100,,,,عبوة,
بسطرمه بالوزن خصم -7.00,Beef & Processed Meat,,,1,,,,عبوة,
امريكانا كوردندبيف عادى 340 جم,"Tins, Jars & Packets",امريكانا,340جم,1,,,,,جم
صدور دجاج بدون عظم ,Poultry,,,1,,,,عبوة,
جهينه بيور 1 لتر,Soft Drinks & Juices,جهينه,1لتر,1,,,,عبوة,لتر
Banana Biscuits - 180g,Biscuits & Cakes,,180g,1,,,,باكو,g
تفاح احمر مستورد وزن,Vegetables & Fruits,,,1,,,,كيس,
اطياب استربس 400جرام بارد,Poultry,اطياب,400جم,1,,,,عبوة,جم
مشروب شعير دبل اكس بنكهة الرمان - 330 مل,Soft Drinks & Juices,دبل اكس,330مل,1,,,,عبوة,مل
دسانى مياه 600مل ,Water,دسانى,600مل,1,,,,زجاجة,مل
اليمنى بن محوج دوبل وسط 100جم,"Tea, Coffee & Hot Drinks",اليمنى,100جم,1,,,,عبوة,جم
المراعى لبن كامل الدسم لنر 21.50 1 21.50,Dairy & Eggs,المراعى,1.5لتر,1,,21.5,21.5,عبوة,لتر
Sprinkle Mexican Cheese Seasoning - 90 gram,Cooking Ingredients,Sprinkle,90gm,1,,,,عبوة,gm
ثرى ام تونة قطع س 16.75 2 33.50,"Tins, Jars & Packets",ثرى ام,,2,,16.75,33.5,علبة,
Mango Fresh juice -Display,Soft Drinks & Juices,,,1,,,,زجاجة,
تيفانى بسكويت دايجستيف لايت 400,Biscuits & Cakes,تيفانى,400ج,1,,,,باكو,ج
حياة مياه شرب طبيعية 6 لتر,Water,حياة,6لتر,1,,,,زجاجة,لتر
Fresh Chicken Drumsticks 500g,Poultry,,500g,1,,,,عبوة,g
حلواني سجق شرقي 900 جم,Beef & Processed Meat,حلواني,900جم,1,,,,عبوة,جم
نستله كرنفال ايس كريم فانيلا ,"Chocolates, Sweets & Desserts",نستله كرنفال,,1,,,,عبوة,
مايونيز ,"Sauces, Dressings & Condiments",,,1,,,,عبوة,
هاينز كاتشب 513جم+كاتشب 200جم,"Sauces, Dressings & Condiments",هاينز,513+200جرام,2,,,,عبوة,جرام
Wadi Food Whole Chicken - 1.1 kg,Poultry,Wadi Food,1.1kg,1,,,,عبوة,kg
Pringles Small Sour Cream   On,Chips & Crackers,Pringles,,1,,,,كيس,
منظف سائل للاطباق بالخوخ هايبروان - 8ك,Cleaning Supplies,هايبروان,8ك,1,,,,عبوة,ك
 الملكه مكرونه لازانيا، 400 جرام,"Rice, Pasta & Pulses",الملكه,400جرام,1,,,,كيس,جرام
X.tra Automatic Detergent 4 k Discount 25 %,Cleaning Supplies,X.tra,,1,,,,عبوة,
Hyperone Baklawa Fingers,"Chocolates, Sweets & Desserts",Hyperone,,1,,,,عبوة,
شاي أحمدتي بالقرنفل  - 100 كيس,"Tea, Coffee & Hot Drinks",أحمدتي,,100,,,,كيس,
El Shamadan Light Bisk Biscuit With Oats - 6 pieces,Biscuits & Cakes,El Shamadan,,6,,,,باكو,
لاكتيل 12 ق,Dairy & Eggs,لاكتيل,,12,,,,عبوة,
باكت 9 قطعه دجاج مكس .   قطعه دجاج حار.    قطعه دجاج عادي .   بطاطس عائلي .   كول سلو صغير .    بيبسي كانز,Poultry,بيبسي,,1,,,,كانز,قطعه
الضحى مكرونة خواتم 400 جم,"Rice, Pasta & Pulses",الضحى,400جم,1,,,,كيس,جم
كاليفورنيا جاردن مشروم كامل,"Tins, Jars & Packets",كاليفورنيا جاردن,,1,,,,علبة,
Jacker Hot And Spicy Flavour Potato Crisp - 110 gram,Chips & Crackers,Jacker,110gram,1,,,,كيس,gram
Al Karama Low Fat Sambousak - 500 Gram,Bakery,Al Karama,500 Gram,1,,,,عبوة,Gram
Tchibo Instant Coffee Gold Selection Pouch - 75 gram,"Tea, Coffee & Hot Drinks",Tchibo,75g,1,,,,عبوة,g
عصير جوافة سينجلز من بلندي - 1 لتر,Soft Drinks & Juices,بلندي,1لتر,1,,,,زجاجة,لتر
زبادي يوناني المراعي 5*/*,Dairy & Eggs,المراعي,,1,,,,عبوة,
الاطيب مكرونه فرن 1ك,"Rice, Pasta & Pulses",الاطيب,1ك,1,,,,كيس,ك
جهينه عصير تفاح 1لتر,Soft Drinks & Juices,جهينه,1لتر,1,,,,زجاجة,لتر
Big Rings Pasta - 400g,"Rice, Pasta & Pulses",,0.5Kg,1,,,,كيس,Kg
كلوركس ١ لتر الوان زهور 23.00 1 23.00,Cleaning Supplies,كلوركس,1لتر,1,,23,23,عبوة,لتر
Haj Adnan Malban With Mistica - 375gm,Bakery,Haj Adnan,375gm,1,,,,باكو,gm
جبنه براميلى علبه 500 جم,Dairy & Eggs,,500جم,1,,,,علبه,جم
مكرونة لسان العصفور هنية - 400 جم,"Rice, Pasta & Pulses",هنية,400جرام,1,,,,كيس,جرام
BIG BABOL GUM BERRIES 27G,"Chocolates, Sweets & Desserts",BIG BABOL,275g,1,,,,عبوة,g
الضحى ارز,"Rice, Pasta & Pulses",الضحى,,1,,,,كيس,
صوص فلفل تاباسكو - 150مل,"Sauces, Dressings & Condiments",تاباسكو,150مل,1,,,,عبوة,مل
اكوافينا مياة معدنية 330 مل,Water,اكوافينا,330مل,1,,,,زجاجة,مل
جبنة فيتا دومتي، ملح خفيف - 1 كجم,Dairy & Eggs,دومتي,1كجم,1,,,,علبة,كجم
مشروب طاقه ستينج زجاج 275 مل ,Soft Drinks & Juices,ستينج,275مل,1,,,,زجاج,مل
ميرندا تفاح اخضر 400 مل,Soft Drinks & Juices,ميرندا,400مل,1,,,,زجاجة,مل
Beyti Tropicana Juice Cocktail 1 L,Soft Drinks & Juices,Beyti,1L,1,,,,عبوة,L
الشمعدان بسكويت نواعم 8 قطع,Biscuits & Cakes,الشمعدان,,8,,,,باكو,
روز جادن خل 1لتر,"Sauces, Dressings & Condiments",روز جادن,1لتر,1,,,,عبوة,لتر
لانشون ريتش صدور  رومى ,Beef & Processed Meat,ريتش,,1,,,,عبوة,
علبه فول محوج,"Tins, Jars & Packets",,,1,,,,علبه,
بافس كونو بالفلفل الحلو - 27جم,Chips & Crackers,كونو,27جم,1,,,,كيس,جم
كوكاكولا,Soft Drinks & Juices,كوكاكولا,,1,,,,زجاجة,
Cadbury Dairy Milk Bubbly Chocolate 12 x 28g,"Chocolates, Sweets & Desserts",Cadbury,,12,,,,عبوة,
ويفر بكريمة البندق مغطي بالشيكولاتة الداكنة من أمادا، 117 جرام,Biscuits & Cakes,أمادا,117جم,1,,,,عبوة,جم
زبادي طبيعي لاكتيل - 2 كجم,Dairy & Eggs,لاكتيل,2كجم,1,,,,عبوة,كجم
ثرى شفس ستربس دجاج حار 800 جم,Poultry,ثرى شفس,800جم,1,,,,عبوة,جم
Dream Sahlab - 100 Gram,"Tea, Coffee & Hot Drinks",Dream,100جم,1,,,,علبة,جم
احمد تى انجليزى صفيح 200جم,"Tea, Coffee & Hot Drinks",احمد تى,200جم,1,,,,عبوة,جم
زيتون محشى فلفل,"Tins, Jars & Packets",,,1,,,,علبة,
كفتة دجاج مقلية الوطنية,Poultry,الوطنية,,1,,,,عبوة,
عرض زبادي المراعي,Dairy & Eggs,المراعي,,1,,,,عبوة,
Choice Cauliflower Carrots - 2.5kg,Vegetables & Fruits,Choice,2.5kg,1,,,,كيس,kg
الدسم 500 جم علبه ,Bakery,,500جم,1,,,,علبه,جم
بيتى عصير تفاح 1لتر,Soft Drinks & Juices,بيتى,1لتر,1,,,,زجاجة,لتر
Good day cashew cookies 32gm ,Biscuits & Cakes,Good day,32gm,1,,,,باكو,gm
ريتش سلامى وزن,Beef & Processed Meat,ريتش,,1,,,,عبوة,
رمان فرى+ مستر شوجركين عصير قصب 330م,Soft Drinks & Juices,مستر شوجركين,330مل,1,,,,زجاجة,مل
خبز عربى 5 حته,Bakery,,,1,,,,كيس,
Taste Pure Smoked Beef Bacon 250g,Beef & Processed Meat,Taste Pure,250gm,1,,,,عبوة,gm
"Koki Chicken Nuggets + Fries, 1250 Gm",Poultry,Koki,1250gm,1,,,,عبوة,gm
"Masreya Pasta Spaghetti 1.6Mm, 350 Gm","Rice, Pasta & Pulses",Masreya,350 Gm,1,,,,كيس,Gm
لحيمى لانشون ساده,Beef & Processed Meat,لحيمى,,1,,,,عبوة,
خضار تورلي مشكل من جرين هاوس - 400 جرام,Vegetables & Fruits,جرين هاوس,400جرام,1,,,,عبوة,جرام
برجر فراخ وزن,Beef & Processed Meat,,,1,,,,عبوة,
Good Day Choco Chunkies 125.g ,Biscuits & Cakes,Good Day,125g,1,,,,عبوة,g
عصير كوكتيل بيتي تروبيكانا 235 مل,Soft Drinks & Juices,بيتي,235مل,1,,,,عبوة,مل
دوبيلا قهوة بندق 250 جم,"Tea, Coffee & Hot Drinks",دوبيلا,250جم,1,,,,,جم
مكرونه فرن بساطه 350 جم,"Rice, Pasta & Pulses",بساطه,,1,,,,كيس,
هابي بيض ابيض 15 قطعة,Dairy & Eggs,هابي بيض,,15,,,,عبوة,
Coco Lovers Hazelnut Wafer 8 Pieces ,Biscuits & Cakes,Coco Lovers,,8,,,,باكو,
لمبادا بسكويت اكسترا دبل 3جنيه ,Biscuits & Cakes,لمبادا,,1,,3,3,باكو,
نسكافيه 3 ×1 شيكولاته 18 جم 24 كيس,"Tea, Coffee & Hot Drinks",نسكافيه,,1,,,,,كيس
ايلو جود فرنس ايلاند,"Sauces, Dressings & Condiments",ايلو جود فرنس,,1,,,,عبوة,
زجاجه عصير برتقال,Soft Drinks & Juices,,,1,,,,زجاجه,
مج زجاج بالغطاء Q-8238,Furniture,,,1,,,,زجاج,
حدائق كالفورنيا مشروم صغير علبه,"Tins, Jars & Packets",حدائق كالفورنيا,,1,,,,علبة,
Lamar Juice 1 L ,Soft Drinks & Juices,Lamar,1L,1,,,,عبوة,L
منتوس 3D,"Chocolates, Sweets & Desserts",منتوس,,1,,,,عبوة,
نستله مياه جالون ,Water,نستله,,1,,,,عبوة,
لايز فلفل وليمون ,Chips & Crackers,لايز,,1,,,,كيس,
President Portions Light Cheese 128g,Dairy & Eggs,President,128g,1,,,,عبوة,g
Top Value Brown Lentils - 1k,"Rice, Pasta & Pulses",Top Value,1k,1,,,,كيس,k
جهينة عصير بيور غيرمحلى برتقال 235 مل,Soft Drinks & Juices,جهينة,235مل,1,,,,عبوة,مل
بريل كانز,Cleaning Supplies,بريل,,1,,,,كانز,
Nestle Pure Life Triple Berry Sparkling Water  - 360 ml - 12,Water,Nestle,360ml,12,,,,كرتونة,ml
فريش فارم لانشون ديك رومي سادة 250 جم,Poultry,فريش فارم,250جم,1,,,,عبوة,جم
Fusilli Pasta - 1kg,"Rice, Pasta & Pulses",,1kg,1,,,,كيس,kg
جهينه عصير مانجو,Soft Drinks & Juices,جهينه,,1,,,,زجاجة,
مايونيز هاينز 310جم,"Sauces, Dressings & Condiments",هاينز,310جم,1,,,,عبوة,جم
شوكولاته خام 200دريم,"Chocolates, Sweets & Desserts",200دريم,200جم,1,,,,عبوة,جم
مياه دسانى 600م,Water,دسانى,600مل,1,,,,زجاجة,مل
Kuhne Made For Meat Siracha Hot Chili Sauce - 235ml,"Sauces, Dressings & Condiments",Kuhne,235ml,1,,,,عبوة,ml
Natural Unsweetened Cocoa Powder – 230 gm,"Tea, Coffee & Hot Drinks",,230جم,1,,,,عبوة,جم
سبايسي تشيكن مافين ,Poultry,,,1,,,,عبوة,
سلامي حلواني,Beef & Processed Meat,حلواني,,1,,,,عبوة,
Squeeze Pomegranate Juice - 250 ml,Soft Drinks & Juices,Squeeze,250 ml,1,,,,,ml
Coca-Cola 2.45 Liter,Soft Drinks & Juices,Coca-Cola,2.45L,1,,,,زجاجة,L
لاكتيل زبادى 170جم,Dairy & Eggs,لاكتيل,170جرام,1,,,,عبوة,جرام
Roshen Laxmi Milk Chocolate With Crunchy Cracker and Cocoa Hazelnut Filling - 110 gram,"Chocolates, Sweets & Desserts",Roshen,,1,,,,عبوة,
بريك ريزو ويفر شوكولاته فول السودانى20جم,Biscuits & Cakes,بريك ريزو,20جم,1,,,,باكو,جم
سناكس صان بايتس بالزيتون و الزعتر - 31جم,Chips & Crackers,صان بايتس,31جم,1,,,,أكياس,جم
بريزيدون جبن شرائح مطبوخ للبرجر 12 شريحه,Dairy & Eggs,بريزيدون,,12,,,,عبوة,
LuLu Artichoke 400g,Vegetables & Fruits,LuLu,400gm,1,,,,كيس,gm
بسكرم بسكويت 38ج,Biscuits & Cakes,بسكرم,38ج,1,,,,باكو,ج
جهينه كلاسيك جوافه 1لتر,Soft Drinks & Juices,جهينه,1لتر,1,,,,زجاجة,لتر
الحمد جبنه موتزاريلا 400جم,Dairy & Eggs,الحمد,400جم,1,,,,عبوة,جم
خبز كايزر سمسم,Bakery,,,1,,,,,
Flax Seeds - 450Gm,"Rice, Pasta & Pulses",,450Gm,1,,,,كيس,Gm
نسله مياه كبيره زجاجه,Water,نسله,,1,,,,زجاجة,
Blue Mare Caviar Cream Extra 190 g,"Tins, Jars & Packets",Blue Mare,190g,,,,,,g
مياه امان سيوه كبير 1.5 لتر,Water,سيوه,1.5لتر,1,,,,زجاجة,لتر
Carry Cot Red,Vegetables & Fruits,,,1,,,,كيس,
Beyti Every Day Mango Juice 180 ml,Soft Drinks & Juices,Beyti,180 ml,1,,,,,ml
علبه لمعه ,Bakery,,,1,,,,علبه,
Heinz Tomato ket,"Tins, Jars & Packets",Heinz,,1,,,,علبة,
ملوخيه 500 جم جيرفكس,Vegetables & Fruits,جيرفكس,,1,,,,كيس,
هيرو بيبي خضار مشكلة 120 جم,Vegetables & Fruits,هيرو,120جم,1,,,,عبوة,جم
اللحيمى لانشون بقرى بالزيتون,Beef & Processed Meat,اللحيمى,,1,,,,عبوة,
 ميرو حليب مجفف كامل الدسم 1600 جرام,Dairy & Eggs,ميرو,160جم,1,,,,علبة,جم
دانون زبادى طبيعى 105جرام ,Dairy & Eggs,دانون,105gm,1,,,,عبوة,gm
بانية فيلية دجاج حار أطياب,Poultry,أطياب,,1,,,,عبوة,
بونو 650 جم ملح طعام,Cooking Ingredients,بونو,650جم,1,,,,عبوة,جم
جبنة البطريق ملح خفيف,Dairy & Eggs,البطريق,,1,,,,علبة,
شهد زيت ذره 900 مل,Cooking Ingredients,شهد,90جم,1,,,,عبوة,جم
عنب بلدي,Vegetables & Fruits,,,1,,,,كيس,
نستله مياه معدنيه 1.5لتر كرتونه,Water,نستله,1.5لتر,1,,,,زجاجة,لتر
El Zahar Gollash Pastry 400g,Bakery,El Zahar,400g,1,,,,باكو,g
"Nestle Kit Kat Chocolate, 2 Fingers, 17.7 gm - Pack of 4+1","Chocolates, Sweets & Desserts",Kit Kat,"17.7g,m",1,,,,عبوة,gm
Melted cheese,Dairy & Eggs,,,1,,,,عبوة,
كنور خلطة الشاورما السورى 30 جم,Cooking Ingredients,كنور,30جم,1,,,,عبوة,جم
اريال 2.5 داوني اتوماتيك  69.95 1 0.00 69.96,Cleaning Supplies,اريال,2.5ك,1,,69.95,69.95,عبوة,ك
Raw Chipsy Sweet Chili 57 -60 g ,Chips & Crackers,Raw,57-60 g,1,,,,,g
مشروب بذور الريحان دوتس بالاناناس - 280 مل,Soft Drinks & Juices,دوتس,280مل,1,,,,عبوة,مل
تايجر سوبر بطاطس شيبسى بطعم شطه وليمون,Chips & Crackers,تايجر,,1,,,,كيس,
CRESTOR 10 MG 28 TAB علبه,,,10MG,1,,,,علبه,MG
باندا جبن شيدر ساده 400جم,Dairy & Eggs,باندا,400جم,1,,,,عبوة,جم
اوكسى جل اتوماتيك لافندر 900جم,Cleaning Supplies,اوكسى,900جم,1,,,,عبوة,جم
تودو كيك 1ق,Biscuits & Cakes,تودو,,1,,,,باكو,
تايد مسحوق اتوماتيك 8+1 ك مجانا عطر الياسمين,Cleaning Supplies,تايد,1+8ك,1,,,,عبوة,ك
بسكويت شوكولاتة بالحليب مكفتيز دايجستيف - ‎33.3جم *12 قطعة,Biscuits & Cakes,مكفتيز دايجستيف,33.3جم,12,,,,باكو,جم
صوفيا مكرونة هلالية 1 كجم,"Rice, Pasta & Pulses",صوفيا,1كجم,1,,,,كيس,كجم
فريتس بطاطس بوم فريت 1كجم,Vegetables & Fruits,فريتس,1كجم,1,,,,كيس,كجم
تشيكتيتا شيش دجاج 1 كيلو,Poultry,تشيكتيتا,1كيلو,1,,,,عبوة,كيلو
Procini Mushroom,Vegetables & Fruits,,,1,,,,عبوة,
مارغاريتا . بيبسي كانز 330 مل,Soft Drinks & Juices,بيبسي,330مل,1,,,,كانز,مل
بلاستيك اللوزام باننجر بلاستيك-32,Furniture,,,1,,,,بلاستيك,
All Spice Powder 150g Approx. Weight,Cooking Ingredients,,,1,,,,عبوة,
نواعم بسكويت فاخر يادة علبة 6 ق ,Biscuits & Cakes,نواعم,,6,,,,باكو,
حواوشي ضاني,Beef & Processed Meat,,,1,,,,عبوة,
KATILO MORTTA 550G,Dairy & Eggs,KATILO,550gm,1,,,,علبة,gm
طبالى فول زيت زيتون علبه,"Tins, Jars & Packets",,,1,,,,علبه,
خلطة توابل كفتة الحاتي من سبايسي، 45 جرام,Cooking Ingredients,سبايسي,45جم,1,,,,عبوة,جم
IMTENAN CINNAMON 90gm ,Cooking Ingredients,IMTENAN,90gm,1,,,,عبوة,gm
بطاطس شيبسي خل وملح ,Chips & Crackers,شيبسي,,1,,,,كيس,
بريك تابم 16جرام,"Tea, Coffee & Hot Drinks",بريك تابم,16جرام,1,,,,علبة,جرام
كمثرى وزن,Vegetables & Fruits,,,1,,,,كيس,
Lesieur Corn Oil - 2 Liters,Cooking Ingredients,Lesieur,2L,1,,,,علبة,L
عصير بيتى ص,Soft Drinks & Juices,بيتى,,1,,,,زجاجة,
فرشلى فشار الميكروويف حار ومبهر297 جم,Chips & Crackers,فرشلى,297جم,1,,,,أكياس,جم
مياه دسانى 600مل,Water,دسانى,600مل,1,,,,زجاجة,مل
Giardino Tomato Paste Can 760g,"Tins, Jars & Packets",Giardino ,760g,1,,,,عبوة,g
شيتوس كرانشى بالجبنة ٢٢٦ 84.95 3 254.85,Chips & Crackers,شيتوس,226جرام,3,,84.95,254.85,كيس,جرام
 بريك ويفر رول فراولة 80 جم,Biscuits & Cakes,بريك,80جم,1,,,,باكو,جم
كيكة الرول السويسري بالمانجو - 5 قطع,Bakery,,,5,,,,كيس,
ويرذرز توفى كراميل اورجينال 70جم,"Chocolates, Sweets & Desserts",ويرذرز,70جم,1,,,,عبوة,جم
عيش فينو 4.000 2.00 ج,Bakery,,,2,,2,4,كيس,
جهينه زبادو انواع 220مل,Dairy & Eggs,جهينه,220مل,1,,,,عبوة,مل
DOMTY SANDWICH CHEESE W PIZZA,Bakery,DOMTY,,1,,,,باكو,
ماجيستيك ايس كريم,"Chocolates, Sweets & Desserts",ماجيستيك,,1,,,,عبوة,
لافاش مكسيكو قشطه ,Dairy & Eggs,لافاش,,1,,,,عبوة,
دساني مياة طبيعية - 1.5 لتر - عبوة من 12,Water,دساني,1.5لتر,12,,,,عبوة,لتر
مايونيز كلاسيك18,"Sauces, Dressings & Condiments",,,1,,,,عبوة,
نستله معدنيه 600مل ,Water,نستله,600مل,1,,,,زجاجة,مل
بيك رولز بطعم البيتزا 108-112 جم,Chips & Crackers,بيك رولز,108-112جم,1,,,,كيس,جم
باذنجان رومى وزن ,Vegetables & Fruits,,,1,,,,كيس,
شوربة مشروم كنور - 75جم,"Tins, Jars & Packets",كنور,75جم,1,,,,علبة,جم
كيندر شيكولاته جوى بناتى 20جرام,"Chocolates, Sweets & Desserts",كيندر,20جم,1,,,,عبوة,جم
رانى عصير مانجو حبيبات,Soft Drinks & Juices,رانى,,1,,,,زجاجة,
ثرى شفس اسكالوب دجاج 1ق,Poultry,ثرى شفس,,1,,,,عبوة,
california gardens dark red kidney beans 400 g,"Tins, Jars & Packets",California,400 g,1,,,,,g
زجاجة 0.65 لتر تانك مى,Furniture,تانك,0.65لتر,1,,,,زجاجة,لتر
فن داى  استكس بيتزا,Bakery,فن داى,,1,,,,كيس,
كانز,Soft Drinks & Juices,,,1,,,,كانز,
"Super Strength Multi-Purpose Cleaner, With Lemon - 1 Liter",Cleaning Supplies,,1 Liter,1,,,,عبوة,Liter
"Mentos Chewy Dragees With Mint, 29 Gm","Chocolates, Sweets & Desserts",Mentos,29gm,1,,,,عبوة,gm
كالفاني مكعبات الحلوى ١٥٠ جم,"Chocolates, Sweets & Desserts",كالفاني,150جم,1,,,,عبوة,جم
زيتون أسود مصري منزوع النواة 250 جم,"Tins, Jars & Packets",,250جم,1,,,,عبوة,جم
Bay Leaves 100g Approx. Weight,Cooking Ingredients,,100g,1,,,,عبوة,g
Pico Tomato Cherry 250gm ,Vegetables & Fruits,Pico,250gm,1,,,,عبوة,gm
توك بسكوت جبنه,Biscuits & Cakes,توك,,1,,,,باكو,
لافاش كيرى ,Dairy & Eggs,لافاش كيرى,,1,,,,عبوة,
بيبسى زجاج الهضبه,Soft Drinks & Juices,بيبسي,,1,,,,زجاج,
American Garden Yellow Mustard Squeez 340g,"Sauces, Dressings & Condiments",American Garden,340gm,1,,,,عبوة,gm
Abu Ali Spiced Bread Crumbs - 1.25kg,Bakery,Abu Ali,1.25kg,1,,,,عبوة,kg
علبه وسط,"Rice, Pasta & Pulses",,,1,وسط,,,علبه,وسط
بامية زيرو فارم فريش - 400جم,Vegetables & Fruits,فارم فريش,400جم,1,,,,عبوة,جم
كوكس ملح طعام ناعم برطمان 700جرام,Cooking Ingredients,كوكس,700جم,1,,,,عبوة,جم
Nestle Maggi Vegetable Bouillon Cubes - 18 gram,Cooking Ingredients,Nestle Maggi,18gm,1,,,,عبوة,gm
/ بارد 1 كيلو,Poultry,,1كيلو,1,,,,عبوة,كيلو
كريستال زيت 5لتر,Cooking Ingredients,كريستال,5لتر,1,,,,عبوة,لتر
الساعه ارز مصرى ,"Rice, Pasta & Pulses",الساعه,,1,,,,كيس,
لايز جورميه فلفل حار مكسيكى، 60 جرام,Chips & Crackers,لايز,60جم,1,,,,أكياس,جم
جهينه زبادى يونانى بالخوخ,Dairy & Eggs,جهينه,,1,,,,عبوة,
الملكه مكرونه سباجيتى 400جم,"Rice, Pasta & Pulses",الملكه,400جم,1,,,,كيس,جم
صدر دجاج 1كجم,Poultry,,1كجم,1,,,,عبوة,كجم
بربيكيان شراب عصير 250مل,Soft Drinks & Juices,بربيكيان,250مل,1,,,,زجاجة,مل
LAGO PLAISIR WAFERS COCNUT98GM,Biscuits & Cakes,LAGO PLAISIR,98Gm,1,,,,باكو,Gm
كوكي كرانشي ناجتس دجاج 20 قطعة,Poultry,كوكي,,20,,,,عبوة,
"Aqua Delta Natural Water, 600 ml - Set of 12",Water,Aqua Delta,600ml,12,,,,زجاجة,ml
المراعى لبن موز 200مل,Dairy & Eggs,المراعى,200مل,1,,,,علبة,مل
كريستال زيت ذرة 800 مل,Cooking Ingredients,كريستال,800مل,1,,,,علبة,مل
بلته بيبسي جيب 250 مل*24 قطعه,Soft Drinks & Juices,بيبسي,250مل,24,,,,زجاجة,مل
أحمد تي شاي انجليش بريكفاست 50 كيس,"Tea, Coffee & Hot Drinks",أحمد تي,,50,,,,كيس,
فلفيتا منعم منسوجات نسيم البحر 1ل,Cleaning Supplies,فلفيتا,1ل,1,,,,عبوة,ل
سبينس فاليو مكرونة شعريـ,"Rice, Pasta & Pulses",سبينس,,1,,,,كيس,
هاينز مايونيز ظرف,"Sauces, Dressings & Condiments",هاينز,,1,,,,عبوة,
Tahini – 255g,"Sauces, Dressings & Condiments",,255g,1,,,,عبوة,g
برسيل 1ك روز اليدوى,Cleaning Supplies,برسيل,1ك,1,,,,عبوة,ك
5.0 مياه معدنية صغيره 5.00 X 1,Water,,,1,,5,5,زجاجة,
بصل سادة بانكينو,Vegetables & Fruits,,,1,,,,كيس,
Lavache Quirit Portion Cheese Calcium 8pcs,Dairy & Eggs,Lavache Quirit,,8,,,,علبة,
Storck Merci Finest Selection 250g,"Chocolates, Sweets & Desserts",Storck,250gm,1,,,,عبوة,gm
"Original Bottle, 2 Ounce, 8-Pack, Limited Edition",Soft Drinks & Juices,,,1,,,,عبوة,
تشكلتس اخضر 14.5جم,"Chocolates, Sweets & Desserts",تشكلتس,14.5جم,1,,,,عبوة,جم
رويال اعشاب شايرجيم 25 فلتر,"Tea, Coffee & Hot Drinks",رويال,,25,,,,علبة,
زيت عباد الشمس كريستال - 5 لتر,Cooking Ingredients,كريستال,5لتر,1,,,,عبوة,لتر
Red bull white edition drink 25,Soft Drinks & Juices,Red bull,25ml,1,,,,زجاجة,ml
بيبسى 330مل ,Soft Drinks & Juices,بيبسى,330مل,1,,,,زجاجة,مل
Durra Tomato Ketchup(sweet)500 ,"Sauces, Dressings & Condiments",Durra,500gm,1,,,,عبوة,gm
خبز باجيت فرنساوى دايت ,Bakery,,,1,,,,كيس,
بربيكان شراب شعير بالاناناس زجاج 330 مل,Soft Drinks & Juices,بربيكان,330مل,1,,,,كان,مل
الشمس الذهبية زيت قلى وطبخ 1لتر,Cooking Ingredients,الشمس الذهبية,1لتر,1,,,,عبوة,لتر
بيتي عصير مانجو اناناس 235 مل,Soft Drinks & Juices,بيتي,235مل,1,,,,عبوة,مل
اولكر هالي بالمارشملو كبير,Biscuits & Cakes,اولكر هالي,,1,,,,باكو,
Feta Chick Peas Salad 400g Approx. Weight,Bakery,,400g,1,,,,باكو,g
دايلى باك 12 سمبوسك بالجبنه ,Bakery,دايلى باك,,12,,,,كيس,
ion dark 70% 90g ,"Chocolates, Sweets & Desserts",ion,90gm,1,,,,عبوة,gm
اعشاب طبية احمد تى بالفراولة ,"Tea, Coffee & Hot Drinks",احمد تى,,1,,,,علبة,
بيريل شعير كانز 330مل,Soft Drinks & Juices,بيريل,330مل,1,,,,زجاجة,مل
1 بصل بودر 60 جرام باب 14.00 14.00,Cooking Ingredients,باب,60جم,1,,14,14,كيس,جم
Roshen 2 Crack Cracker filled With Milk cream - 47 gram,"Chocolates, Sweets & Desserts",Roshen,47g,1,,,,عبوة,g
Extra White Bubblemint Sugarfree Chewing Gum -14g - 10 Pcs,"Chocolates, Sweets & Desserts",Extra,14g,10,,,,عبوة,g
سبرايت كانز ليمون 330 ملل,Soft Drinks & Juices,سبرايت,330ملل,1,,,,كانز,ملل
مستر فود مشروم قطع وشرائح 400 جم,"Tins, Jars & Packets",مستر فود,400جم,1,,,,عبوة,جم
نور ملح بحرى ٢٠٠ جم 1.00 1 1.00,Cooking Ingredients,نور,200جم,1,,,,عبوة,جم
علبه كينج,"Rice, Pasta & Pulses",,,1,,,,علبه,
Orouba Cafe Dark Ground Coffee Plain 100 gm,"Tea, Coffee & Hot Drinks",Orouba,100جم,1,,,,علبة,جم
MR.KRISPS CHIPSY SPICY 80G,Chips & Crackers,MR.KRISPS,80G,1,,,,كيس,G
شهى ارز ذهبى 1كجم,"Rice, Pasta & Pulses",شهى,1كجم,1,,,,كيس,كجم
فريماز سناكس بالكباب 75 جم,Chips & Crackers,فريماز,75جم,1,,,,أكياس,جم
بطاطس مقرمشة من زيجو، 42 جرام,Chips & Crackers,زيجو،,42جرام,1,,,,كيس,جرام
Organic Caraway - 20 Tea Bags,"Tea, Coffee & Hot Drinks",,,20,,,,علبة,
Azima Garlic Powder 30g,Cooking Ingredients,Azima,30g,1,,,,عبوة,g
DRAGEES ASSOR CHOCOLATE ALMONDS200G,"Chocolates, Sweets & Desserts",DRAGEES,200gm,1,,,,عبوة,gm
تايجر شيبسى سور فلفل حلو 80-70جم,Chips & Crackers,تايجر,70-80جم,1,,,,كيس,جم
شيبسى بطاطس ملح 73-83جم,Chips & Crackers,شيبسى,73-83جم,1,,,,كيس,جم
Lago Poker Wafer Hazelnut 45g,Biscuits & Cakes,Lago Poker,45g,1,,,,باكو,g
Pringles Small Sour Cream   On,Chips & Crackers,Pringles,,1,,,,كيس,
فريدا ملمع زجاج شرنك ,Cleaning Supplies,فريدا,,1,,,,زجاج,
Al-Watania Poultry Frozen Whole Chicken - 1300-1400 Gram,Poultry,Al-Watania,1300-1400Gram,1,,,,عبوة,Gram
Lamdy Mozzarella Cheese - 1 kg,Dairy & Eggs,Lamdy,kg,1,,,,عبوة,kg
تايجر بطاطاس 71ج,Chips & Crackers,تايجر,71ج,1,,,,كيس,ج
ITALIANO PASTA PENNE 400G*2E1,"Rice, Pasta & Pulses",ITALIANO,400G,1,,,,كيس,G
بسمة شوربه خضار 400 جم,Vegetables & Fruits,بسمة,400جم,1,,,,عبوة,جم
علبة جامبو,Biscuits & Cakes,,,1,,,,علبة,جامبو
بسكو مصر بيتى فور سادة 1 ك,Bakery,بسكو مصر,1ك,1,,,,كيس,ك
بسكوت ويفر بالشيكولاتة من الشمعدان، 4 * 6 قطع,Biscuits & Cakes,الشمعدان,,6,,,,,قطع
Three Chefs Hot Chicken Strips 1kg,Poultry,Three Chefs,1Kg,1,,,,عبوة,Kg
بوليف اوليفيتا,"Tins, Jars & Packets",اوليفيتا,,1,,,,علبة,
كوكاكولا مياه غازيه 330 مل زجاج,Soft Drinks & Juices,كوكاكولا,330مل,1,,,,زجاج,مل
Alwaha White Eggs Carton - 30 Eggs,Dairy & Eggs,Alwaha,,30,,,,علبة,
معمول بالتمر حلوانى ,Bakery,,,1,,,,كيس,
فيبا سائل غسيل اطباق بالليمون,Cleaning Supplies,فيبا,,1,,,,عبوة,
سفن  دايت كانز 330 مل,Soft Drinks & Juices,سفن اب,330مل,1,,,,كانز,مل
Ludwik Animal Odor Control Universal Cleaning Liquid - 1 Liter,Cleaning Supplies,Ludwik,,1,,,,عبوة,
MR.KRISPS CHEEZ BALLS 80G,Chips & Crackers,MR.KRISPS,80G,1,,,,كيس,G
Tiger Sweet Chilli Potato Chips 189-199g,Chips & Crackers,Tiger,189-199g,1,,,,كيس,g
تونه قطع حاره,"Tins, Jars & Packets",,,1,,,,علبة,
AlWatania Chicken Luncheon - 250gm,Beef & Processed Meat,AlWatania,250gm,1,,,,عبوة,gm
شرائح تونة قطع حدائق كاليفورنيا - 185جم,"Tins, Jars & Packets",حدائق كاليفورنيا,185جم,1,,,,علبة,جم
مايونيز مازولا حار - 650مل,"Sauces, Dressings & Condiments",مازولا,650مل,1,,,,عبوة,مل
Hot Flaxseed Olive Oil – 250ml,Cooking Ingredients,,250ml,1,,,,عبوة,ml
خبز باجيت هايبروان - بالقطعة,Bakery,هايبروان,,1,,,,كيس,
زجاجه مياه 1 لتر,Furniture,,1لتر,1,,,,زجاجه,لتر
دريم شيكولاتة غامقة 200جرام ,"Chocolates, Sweets & Desserts",دريم,200جم,1,,,,عبوة,جم
اولكر هالي ساندويتش بسكوت بالمارشملو مغط,Biscuits & Cakes,اولكر هالي,,1,,,,باكو,
نوش بطاطس التونسيه 90 - 100 جم,Chips & Crackers,نوش,90-100جم,1,,,,أكياس,جم
Al Ameed Lebanese Blend Coffee 200g,"Tea, Coffee & Hot Drinks",Al Ameed,200Gm,1,,,,عبوة,Gm
كوكيز ميربا بالتفاح - 200 جم,Biscuits & Cakes,ميربا,200جم,1,,,,عبوة,جم
]المراعى لانشون ,Beef & Processed Meat,المراعى,,1,,,,عبوة,
نسكافيه اربيانا قهوة سريعة التحضير مع الهيل 3 جم × 20 حبة,"Tea, Coffee & Hot Drinks",نسكافيه,20جم,6,,,,علبة,جم
شنطه بلاستيك فينوس وسط,Furniture,فينوس,,1,وسط,,,بلاستيك,وسط
سويت لايف شرائح شمندر أحمر - 345 جرام,"Tins, Jars & Packets",سويت لايف,345جرام,1,,,,علبة,جرام
فارم تشيز جبنه ايدام وزن,Dairy & Eggs,فارم تشيز,,1,,,,عبوة,
بيبسى كانز,Soft Drinks & Juices,بيبسي,,1,,,,كانز,
قمرالدين زمردة - 400جم,Vegetables & Fruits,زمردة,400جم,1,,,,عبوة,جم
عدس اصفر ,"Rice, Pasta & Pulses",,,1,,,,كيس,
water large,Water,,,1,,,,زجاجة,
Juice Orange Reg 1,Soft Drinks & Juices,,,1,,,,عبوة,
Small water,Water,,,1,,,,زجاجة,
كنور خلطة كفته 35 جرام,Cooking Ingredients,كنور,35جم,1,,,,عبوة,جم
شيتوس سناكس بافس بالجبنة 8جنية,Chips & Crackers,شيتوس,,1,,8,8,كيس,
Chicken Marinated Bone In 500g,Poultry,,500g,1,,,,عبوة,g
صولو صوص فراوله,"Sauces, Dressings & Condiments",صولو,,1,,,,عبوة,
McVities Minis Oat Milk 45g ,Biscuits & Cakes,McVities Minis,45g,1,,,,باكو,g
tiger chips bbq 83g,Chips & Crackers,tiger,83g,1,,,,كيس,g
بيتى عصير تروبيكانا برتقال 235مل,Soft Drinks & Juices,بيتى,235مل,1,,,,عبوة,مل
5.85 فلفل احمر,Vegetables & Fruits,,,1,,5.85,5.85,عبوة,
اكستريم توفي ازرق,"Chocolates, Sweets & Desserts",اكستريم,,1,,,,عبوة,
كولا 2لتر,Soft Drinks & Juices,كولا,2لتر,1,,,,زجاجة,لتر
لحم شاورمة مستورد 85.00 0.520 44.20,Beef & Processed Meat,,0.52,1,,44.2,85,عبوة,
شيبسى عائلى انواع جديد,Chips & Crackers,شيبسى,,1,,,,كيس,
ميني بون شوكوبون-هد,Bakery,,,1,,,,كيس,
عصير دومتى مانجو 1لتر,Soft Drinks & Juices,دومتى,1لتر,1,,,,زجاجة,لتر
عصير دوتس بذور ريحان تفاح 280,Soft Drinks & Juices,دوتس,280م,1,,,,زجاجة,م
Tomatoes(1Kg),Vegetables & Fruits,,1kg,1,,,,كيس,kg
زجاجه خل تفاح الفرسان,"Sauces, Dressings & Condiments",الفرسان,,1,,,,عبوة,
Aquafina Bottled Drinking Water 1.5Litre,Water,Aquafina,1.5Litre,1,,,,زجاجة,Litre
Hyperone Soft Bread - 5 Pieces ,Bakery,Hyperone,,5,,,,باكو,
Al Adham Grated Wheat 500gm,"Rice, Pasta & Pulses",Al Adham,500gm,1,,,,كيس,gm
كوكو لافرز شوكلاته كرسبي,"Chocolates, Sweets & Desserts",كوكو لافرز,,1,,,,عبوة,
بطاطس كرانشي بالطماطم - 76جم,Chips & Crackers,كرانشي,76جم,1,,,,كيس,جم
يويوليس زبادى يونانى بالخوخ 150G,Dairy & Eggs,يويوليس,150g,1,,,,عبوة,g
جهينه عصير بريميم مانجو 235مل,Soft Drinks & Juices,جهينه,235مل,1,,,,عبوة,مل
لينو حلقات شوفان بالسريراتشا 60 جم,Chips & Crackers,لينو,60جم,1,,,,أكياس,جم
Water (Small),Water,,,1,,,,زجاجة,
4.75 4.75 1 درويتوس سناكس بالفلفل الحلو,Chips & Crackers,درويتوس,,1,,4.75,4.75,كيس,
جبنة رومى قديم بدون حرف ,Dairy & Eggs,,,1,,,,عبوة,
تانك 2 زجاجه ,Furniture,تانك,,2,,,,زجاجه,
تمري فريش اوراك الدجاج 1 كجم,Poultry,تمري,1كجم,1,,,,عبوة,كجم
Grand Café Classic - 300g,"Tea, Coffee & Hot Drinks",Grand Café,300g,1,,,,عبوة,g
علبه مشروب فانتا توت,Soft Drinks & Juices,فانتا,,1,,,,علبه,
Strawberry 750g,Vegetables & Fruits,,750g,1,,,,كيس,g
كتشب طماطم هاينز 342ج,"Tins, Jars & Packets",هاينز,342ج,1,,,,علبة,ج
كنور شوربه 56ج,"Tins, Jars & Packets",كنور,56جم,1,,,,علبة,جم
ريزو تشكن علبه,Biscuits & Cakes,,,1,,,,علبه,
سبرينكل خلطه توابل لكل الاكلات ,Cooking Ingredients,سبرينكل,,1,,,,عبوة,
Sunbulah couscous 400g ,"Rice, Pasta & Pulses",Sunbulah,400g,1,,,,كيس,g
HEINZ KETCHUP 513G+HOT 165G,"Sauces, Dressings & Condiments",HEINZ,165جم,1,,,,عبوة,جم
Mentos Pure Fresh Chewing Gum Fresh Mint 14pcs,"Chocolates, Sweets & Desserts",Mentos,,14,,,,عبوة,
سفن اب كانز دايت 330 مل,Soft Drinks & Juices,سفن اب,330مل,1,,,,كانز,مل
الرشيدى الميزان طحينه 600جم,"Sauces, Dressings & Condiments",الرشيدى الميزان,600جم,1,,,,عبوة,جم
لبان إكسترا بالنعناع الأخضر - 14جم,"Chocolates, Sweets & Desserts",إكسترا,14جم,1,,,,عبوة,جم
جلاكسى شيكولاته 36جرام ساده,"Chocolates, Sweets & Desserts",جلاكسى,36جم,1,,,,عبوة,جم
Bravo Chips With sweet chili ,Chips & Crackers,Bravo,,1,,,,,
ام اند ام كيس 45جرام,"Chocolates, Sweets & Desserts",ام اند ام,45جم,1,,,,عبوة,جم
سمبوسك الكرامة قلقل الدسم - 500جم,Bakery,الكرامة,500جم,1,,,,كيس,جم
اطياب لانشون ساده رول 250جرام,Beef & Processed Meat,اطياب,250جرام,1,,,,عبوة,جرام
Americana Okra Extra - 400 Gram ,Vegetables & Fruits,Americana,400gm,1,,,,كيس,gm
الشمعدان ويف ويفر بالكاكاو ,Biscuits & Cakes,الشمعدان,,1,,,,باكو,
May Gold Sparkling White Grape Juice 750 ml ,Soft Drinks & Juices,May Gold,750مل,1,,,,زجاجة,مل
بيبسى كانز,Soft Drinks & Juices,بيبسي,,1,,,,كانز,
Mustard Seeds 150g Approx. Weight,"Sauces, Dressings & Condiments",,150g,1,,,,عبوة,g
مكتيفز دايجستف بسكويت بالشوكولاتة بالحليب 12 × 33.3 جم,Biscuits & Cakes,مكتيفز,33.3جم,12,,,,باكو,جم
الضحى شعريه 400ج,"Rice, Pasta & Pulses",الضحى,400ج,1,,,,كيس,ج
Chicken Breaded Boneless 500g,Poultry,,500g,1,,,,عبوة,g
اكوا دلتا مياه طبيعية، 1.5 لتر - 6 عبوة,Water,اكوا دلتا,1.5لتر,6,,,,عبوة,لتر
Al Doha Crushed Beans 500Gr ,"Rice, Pasta & Pulses",Al Doha,500Gr,1,,,,كيس,Gr
Nestle Natural Water 1.5 L,Water,Nestle,1.5L,1,,,,زجاجة,L
فارمرز ذره حلوه 340جرام,"Tins, Jars & Packets",فارمرز,340جرام,1,,,,علبة,جرام
مايونيز هاينز 310ج,"Sauces, Dressings & Condiments",هاينز,310جم,1,,,,عبوة,جم
لمار مشروب تفاح 200 مل ,Soft Drinks & Juices,لمار,200مل,1,,,,,مل
Hyperone Dishwashing Liquid With Lemon - 8L,Cleaning Supplies,Hyperone,8L,1,,,,عبوة,L
جل اوتوماتيك برسيل روز,Cleaning Supplies,برسيل,,1,,,,عبوة,
بسكويت بالزبدة كلاسيك - 908جم,Biscuits & Cakes,كلاسيك,908جم,1,,,,باكو,جم
شيبسى بالجبنه 133ج,Chips & Crackers,شيبسى,133ج,1,,,,كيس,ج
El-Haloub El-Methalia Ghee400G ,Cooking Ingredients,El-Haloub,400g,1,,,,علبة,g
Chillin Seedless Dry Plum 500 g,Vegetables & Fruits,Chillin,500g,1,,,,,g
لتر برتقال,Soft Drinks & Juices,,1لتر,1,,,,عبوة,لتر
عيش لبنانى 5 سبينيس,Bakery,سبينيس,,5,,,,كيس,
اللحييمي دجاج كاجون -1 كيلو,Poultry,اللحييمي,1كيلو,1,,,,عبوة,كيلو
منظف و مطهر التواليت هاربيك اكتيف فريش، لافندر - 700 مل,Cleaning Supplies,هاربيك,700مل,1,,,,عبوة,مل
المراعى لبن كامل ١لتر بلاس 17.45,Dairy & Eggs,المراعى,,1,,17.45,17.45,عبوة,
مياه غازيه شويبس جولد اناناس 1لتر,Soft Drinks & Juices,شويبس,1لتر,1,,,,زجاجة,لتر
عصير الحلوانى بودرة بنكهة التفاح ، 800 جم,Soft Drinks & Juices,الحلوانى,800جم,1,,,,زجاجة,جم
Merai Smoked Turkey Breasts,Poultry,Merai,,1,,,,عبوة,
Mirinda Green Apple 350 ml,Soft Drinks & Juices,Mirinda,350ml,1,,,,عبوة,ml
"١٣٥,٥٠ ١٣٥,٥٠ ١ قطعه فنش اقراص ١٣ قرص",Cleaning Supplies,فنش,,13,,135.5,135.5,عبوة,
فريدا منعم اقمشه برائحه نسيم الربيع المنعش,Cleaning Supplies,فريدا,,1,,,,عبوة,
علبه مخلل صغيره,"Tins, Jars & Packets",,,1,صغيره,,,علبه,صغيره
هاينز كاتشب 850,"Sauces, Dressings & Condiments",هاينز,850جم,1,,,,عبوة,جم
فول بالسمن من امريكانا - 400 جم,"Tins, Jars & Packets",امريكانا,400جم,1,,,,عبوة,جم
دو توست 440ج,Bakery,دو,440ج,1,,,,كيس,ج
مزارع دينا عصير  برتقال زجاج 250 مللى ,Soft Drinks & Juices,مزارع دينا,250مللى,1,,,,زجاج,مللى
رومي كفيا ربدون حروف,Poultry,,,1,,,,عبوة,
جلاكسى فلوتس 45ج,"Chocolates, Sweets & Desserts",جلاكسى,45جم,1,,,,عبوة,جم
Lino oat tomato snack,Chips & Crackers,Lino,,1,,,,كيس,
Frozen Montana Artichoke 400g ,Vegetables & Fruits,,400gm,1,,,,كيس,gm
Pringles Potato Crisps Hot And Spicy Flavour - 40 gram,Chips & Crackers,Pringles,40gram,1,,,,كيس,gram
لايون شيبسي بالشطه والليمون,Chips & Crackers,لايون,,1,,,,كيس,
نسكافيه 3*1 ميلكي	,"Tea, Coffee & Hot Drinks",نسكافيه,,1,,,,علبة,
دولفين تونه قطع 140جم,"Tins, Jars & Packets",دولفين,140جم,1,,,,علبة,جم
اكو فينا مياه معندية,Water,اكو فينا,,1,,,,زجاجة,
DIATOASTA MINIGRILL TOAST 225G,Bakery,DIATOASTA,225G,1,,,,عبوة,G
برغل 500جم,"Rice, Pasta & Pulses",,500جم,1,,,,كيس,جم
ريتس رويال رومى فصوص ,Poultry,ريتس رويال,,1,,,,عبوة,
"Domty Nectar Cocktail Juice, 235 ml - Set of 27",Soft Drinks & Juices,Domty,235مل,27,,,,عبوة,مل
El Sabor Cheddar Cheese Dip - 300 grams,Dairy & Eggs,El Sabor,300gm,1,,,,علبة,gm
شيبسى عائلى جبنه متبله 80,Chips & Crackers,شيبسى,80جم,1,,,,كيس,جم
Orouba Cafe Light Ground Coffee Cardamom 100 gm,"Tea, Coffee & Hot Drinks",Orouba,100جم,1,,,,علبة,جم
علبه باذنجان مخلل صغير,"Tins, Jars & Packets",,,1,صغير,,,علبه,صغير
T 32.85 نسكافية كلاسيك 50ج,"Tea, Coffee & Hot Drinks",نسكافية,50ج,1,,32.85,32.85,علبة,ج
شرائح جبن بفلفل حار أفانتى,Dairy & Eggs,أفانتى,,1,,,,عبوة,
جهينه زبادى لايت 105ج 9+3 هديه,Dairy & Eggs,جهينه,105gm,12,,,,عبوة,gm
لولو - خبز أبيض صغير ١ بكت,Bakery,لولو,,1,,,,كيس,
شيكولاته باونتى 57جرام,"Chocolates, Sweets & Desserts",باونتى,57جم,1,,,,عبوة,جم
أصابع بسكويت فن داي بطعم البيتزا,Biscuits & Cakes,فن داي,,1,,,,باكو,
برافو بطاطس شيبس شطة و ليمون 1 5.00 5.00,Chips & Crackers,برافو,,1,,5,5,كيس,
مكرونة النجمه انو,"Rice, Pasta & Pulses",النجمه,,1,,,,كيس,
برافو شيبس بالفلفل الحار والليمون 47-54 جرام,Chips & Crackers,برافو,47-54جرام,1,,,,كيس,جرام
MR.KRISPS RINGS CHEEZOS SPICY 80G,Chips & Crackers,MR.KRISPS,80G,1,,,,كيس,G
اكسترا مسحوق غسيل اتوماتيك برائحة الزهور - 8 كجم,Cleaning Supplies,اكسترا,8كجم,1,,,,عبوة,كجم
وراك فراخ بالعظم وزن,Poultry,,,1,,,,عبوة,
باذنجان رومى وزن,Vegetables & Fruits,,,1,,,,كيس,
ابو عوف ثوم بودرة ,Cooking Ingredients,ابو عوف,,1,,,,عبوة,
نسكافية 1*2 10جم 24 ظرف ,"Tea, Coffee & Hot Drinks",نسكافية,10جم,24,,,,علبة,جم
سالوتى بيكرينوا رومانوا 250 جم,Dairy & Eggs,سالوتى,250جم,1,,,,عبوة,جم
سبرنج رول اوليو بالجينة - 320 جم,Bakery,اوليو,320جم,1,,,,كيس,جم
ميرندا حمضيات ,Soft Drinks & Juices,ميرندا,,1,,,,زجاجة,
حلوانى سلامى بيف ,Beef & Processed Meat,حلوانى,,1,,,,عبوة,
مياه معدنيه دسانى 1.5لتر,Water,دسانى,1.5لتر,1,,,,زجاجة,لتر
Raw Kettle Cooked Jalapeno Potatoes Chips 95-105g,Chips & Crackers,Raw,95-105g,1,,,,كيس,g
RICH-CUISINE-CH-STRIPS M 1KG,Poultry,RICH,1KG,1,,,,عبوة,KG
عافيه بلس 6 1ل,Cooking Ingredients,عافيه,1.6لتر,1,,,,عبوة,لتر
12.25 12.25 1 Cheese Fels Domty,Dairy & Eggs,Domty,,1,,12.25,12.25,علبة,
كيك كاكاو جامبو هوهوز 1ق,Biscuits & Cakes,هوهوز,,1,,,,باكو,
ام جى مايونيز 500مل ,"Sauces, Dressings & Condiments",ام جى,500جم,1,,,,عبوة,جم
دسانى 19 لتر,Water,دسانى,19لتر,1,,,,عبوة,لتر
واينز  صوص  300ج,"Sauces, Dressings & Condiments",واينز,300جم,1,,,,عبوة,جم
Aqua Delta Natural Drinking Water - 1.5Liter - 6 Pieces,Water,Aqua Delta,1.5Litre,6,,,,عبوة,Litre
جزلدن الصقر ارز,"Rice, Pasta & Pulses",جزلدن الصقر ارز,,1,,,,كيس,
تفاح أخضر - بالوزن,Vegetables & Fruits,,,1,,,,عبوة,
مشروب كوكتيل 250مل فروتس ,Soft Drinks & Juices,فروتس,250مل,1,,,,زجاجة,مل
كينج إم توست الأرز البني 125 جرام,Bakery,كينج إم,125جرام,1,,,,كيس,جرام
نسكافيه كابتشينو جولد لاتيه 17 جم,"Tea, Coffee & Hot Drinks",نسكافيه,17جم,1,,,,علبة,جم
خبز النيل الابيض 900جم,Bakery,النيل الابيض,900جم,1,,,,كيس,جم
فريكو جبنة جودة,Dairy & Eggs,فريكو,,1,,,,عبوة,
40*كيندر شيكولا تة بالحبوب 23.5ج,"Chocolates, Sweets & Desserts",كيندر,,1,,,,عبوة,
Nosh Nosh Salt and Vinegar Potatoes 56gm-50gm ,Chips & Crackers,Nosh Nosh,56-50gm,1,,,,كيس,gm
رو بطاطس انواع ,Chips & Crackers,رو,,1,,,,كيس,
Raw Potato Chips Kettle Cooked Cheddar Cheese 95-105g,Chips & Crackers,Raw,95-105g,1,,,,كيس,g
هوهوز كيك شوكلاته,Biscuits & Cakes,هوهوز,,1,,,,باكو,
بايو لاند طماطم بلدي حيوي 1كجم,Vegetables & Fruits,بايو لاند,1كجم,1,,,,عبوة,كجم
حلوى جيلى توت هاريبو 80جم,"Chocolates, Sweets & Desserts",هاريبو,80جم,1,,,,كيس,جم
119.90 اريال جيل 2.5ك 2@59.95,Cleaning Supplies,اريال,2.5ك,1,,59.95,119.9,عبوة,ك
علبه مشبك ايتوال وسط,Sweets & Desserts,ايتوال,,1,وسط,,,علبه,وسط
دجاج جريل نص فرخه,Poultry,,,1,,,,عبوة,
دوانى جينتل 1لتر مركز ,Cleaning Supplies,دوانى,1لتر,1,,,,عبوة,لتر
مكفتيز بسكويت شوكو,Biscuits & Cakes,مكفتيز,,1,,,,باكو,
فيبا 3 لتر بالبلسم,Cleaning Supplies,فيبا,3لتر,1,,,,عبوة,لتر
مياه ص ,Water,,,1,,,,زجاجة,
مافا برتقال عصير وزن,Soft Drinks & Juices,مافا,,1,,,,زجاجة,
nestle pure life water1.5,Water,nestle,1.5لتر,1,,,,زجاجة,لتر
حدائق كاليفورنيا حمص مسلوق 400 جم,"Tins, Jars & Packets",حدائق كاليفورنيا,400جم,1,,,,عبوة,جم
مسطردة أمريكان جاردن - 397جم,"Sauces, Dressings & Condiments",أمريكان جاردن,379ج,1,,,,عبوة,ج
فيبا 3بتر+2لتر,Cleaning Supplies,فيبا,3لتر+لتر2,1,,,,عبوة,لترلتر
جهينه حليب كامل الدسم  1لتر,Dairy & Eggs,جهينه,1لتر,1,,,,عبوة,لتر
Halwani Shish Tawook 400g,Poultry,Halwani,400g,1,,,,عبوة,g
شيكولاته سما كرسبى ابيض صغير,"Chocolates, Sweets & Desserts",سما,,1,,,,عبوة,
هولز حلوي جافه بالكرز,"Chocolates, Sweets & Desserts",هولز,,1,,,,عبوة,
بست عصير كيس,Soft Drinks & Juices,بست,,1,,,,زجاجة,
مكرونه الملكه 400شعريه,"Rice, Pasta & Pulses",الملكه,,1,,,,كيس,
مزيل الدهون للمطبخ وي - 500 مل,Cleaning Supplies,,500مل,1,,,,عبوة,مل
Granini orange or pineapple juice 1 liter,Soft Drinks & Juices,Granini,1Liter,1,,,,عبوة,Liter
ؤلنلا عصير جوافه حبيبات كانز 240 مل,Soft Drinks & Juices,,240مل,1,,,,كانز,مل
موزه تركى ,Beef & Processed Meat,,,1,,,,عبوة,
دساني مياه 330*24,Water,دساني,330مل,24,,,,عبوة,مل
حمص الشام الضحي 500 جم,"Rice, Pasta & Pulses",الضحي,500جم,1,,,,كيس,جم
ارز من السنبلة - 5 كجم,"Rice, Pasta & Pulses",السنبلة,5كجم,1,,,,كيس,كجم
وادى فود خل طبيعى بلاستيك 1لتر ,"Sauces, Dressings & Condiments",وادى فود,1لتر,1,,,,عبوة,لتر
كبده كندوز بلدي وزن,Beef & Processed Meat,,,1,,,,عبوة,
ميرندا برتقال جيب,Soft Drinks & Juices,ميرندا,,1,,,,زجاجة,
كاليفورنيا زيت زيتون 250مل,Cooking Ingredients,كاليفورنيا,250مل,1,,,,عبوة,مل
كابوتشا مافا قطعة,Vegetables & Fruits,مافا,,1,,,,كيس,
Chipsy Forno Fusion Mediterranean Greek Mix 43g,Chips & Crackers,Chipsy Forno,43g,1,,,,كيس,g
سويت لايف مايونيز ,"Sauces, Dressings & Condiments",سويت لايف,,1,,,,عبوة,
"Montana Green Peas With Carrots, 400 Gm",Vegetables & Fruits,Montana,400gm,1,,,,كيس,gm
Americana Fava Beans 400 gm ,"Tins, Jars & Packets",Americana ,400gm,1,,,,علبة,gm
CHICKETITA CHICKEN STRIPS SPICY 1K,Poultry,CHICKETITA,1K,1,,,,عبوة,K
بيبسى 330مل+4عبوات +سفن اب 330مل+ميرندا 330مل,Soft Drinks & Juices,بيبسى,330مل,4,,,,زجاجة,مل
فشار طعم كراميل,Chips & Crackers,,,1,,,,كيس,
El Sahaba Red Pepper Powder - 60 gram,Cooking Ingredients,El Sahaba,,1,,,,عبوة,
Aquafina Bottled Drinking Water 1.5Litre,Water,Aquafina,1.5Litre,1,,,,زجاجة,Litre
Atyab Fun Shape Chicken Nuggets 400g,Poultry,Atyab,400g,1,,,,عبوة,g
نسكويك 330جرام ,"Tea, Coffee & Hot Drinks",نسكويك,330جم,1,,,,عبوة,جم
Vermicelli Pasta – 1 Kg,"Rice, Pasta & Pulses",,1 Kg,1,,,,,Kg
Pretzo Mixy Chili And Lemon Pretzels- 190 gram,Chips & Crackers,Pretzo,190gram,1,,,,كيس,gram
خلطة بانيه ك,Cooking Ingredients,,,1,,,,عبوة,
فتنس رقائق الشوفان بالطماطم 36ج,Chips & Crackers,فتنس,36جم,1,,,,كيس,جم
علبه بطاطس,Vegetables & Herbs,,,1,,,,علبه,
طبق بطيخ,Vegetables & Fruits,,,1,,,,كيس,
لبن فريش وزن,Dairy & Eggs,,,1,,,,عبوة,
الشمعدان بسكويت كتاكيتو شيكولاته علبه*12,Biscuits & Cakes,الشمعدان,,12,,,,علبه,
Atyab Beef Kofta 350 gm ,Beef & Processed Meat,Atyab,350gm,1,,,,عبوة,gm
كوكاكولا مشروب غازى بلاستيك ,Soft Drinks & Juices,كوكاكولا,,1,,,,بلاستيك,
دانون الكبير زبادى لايت 170,Dairy & Eggs,دانون,170جرام,1,,,,عبوة,جرام
صدور دجاج مخليه 500 جم,Poultry,,500جم,1,,,,عبوة,جم
حليب مبستر 1لتر,Dairy & Eggs,,1لتر,1,,,,عبوة,لتر
تشيكن سبايسي سائد -قاموس ستار ساندوتش بالجبن -2  بطاطا عادي متوسط-2  كانز بيبسي,Bakery,بيبسي,,1,متوسط,,,كانز,متوسط
لمار عصير 200م فواكه انواع,Soft Drinks & Juices,لمار,200مل,1,,,,عبوة,مل
بسمه بسله ساده 400جم,Vegetables & Fruits,بسمه,400جم,1,,,,كيس,جم
ارز السوهاجى 1كجم,"Rice, Pasta & Pulses",السوهاجى,1كجم,1,,,,كيس,كجم
ابو عوف ملح هيمالايا ناعم 400 جرام,Cooking Ingredients,ابو عوف,400جم,1,,,,عبوة,جم
كانز,Soft Drinks & Juices,,,1,,,,كانز,
MOLTO MAGNUM M/CROSSIENT,Bakery,MOLTO,,1,,,,كيس,
Baladi Beef Low Fat Mince 500g,Beef & Processed Meat,,500gm,1,,,,عبوة,gm
علوش انتركوت كندوز وزن,Beef & Processed Meat,علوش,,1,,,,عبوة,
علبه الوان خشب 12 لون,Furniture,,,12,,,,علبه,لون
تونة قطعة واحدة حدائق كاليفورنيا - 185 جم,"Tins, Jars & Packets",حدائق كاليفورنيا ,185جم,1,,,,علبة,جم
صدور دجاج مقلية اطياب، 8 قطع + بطاطس,Poultry,اطياب,,9,,,,عبوة,
"Sunshine Mackerel in Natural Oil and Brine, 145g","Tins, Jars & Packets",Sunshine ,145g,1,,,,عبوة,g
Ulker Halley Biscuits - 30g - Pack of 12,Biscuits & Cakes,Ulker Halley,30g,12,,,,باكو,g
الاندلس كابوتشا قطعه,Vegetables & Fruits,الاندلس,,1,,,,عبوة,
Cinnamint Flavoured Gum 65 Piece × 2.8 G,"Chocolates, Sweets & Desserts",,2.8G,1,,,,عبوة,G
اطياب لحم دجاج مطبوخ قشط) 135.95 0.122 16.59,Poultry,اطياب,0.122جم,1,,135.95,16.59,عبوة,جم
فريز عصير تفاح فوار 275 مل,Soft Drinks & Juices,فريز,275مل,1,,,,زجاجة,مل
المراعى لانشون زيتون بالوزن,Beef & Processed Meat,المراعى,,1,,,,عبوة,
مولتو ميني ماجنم 4.50 3 13.50,Bakery,مولتو,,3,,4.5,13.5,كيس,
المراعي حليب كامل الدسم، 4 قطع * 1 لتر,Dairy & Eggs,المراعي,1لتر,4,,,,علبة,لتر
water Dasany,Water,Dasani,,1,,,,,
Juice Carrot & Orange Pure Juhayna,Soft Drinks & Juices,Juhayna,,1,,,,عبوة,
لمار مشروب مانجو ,Soft Drinks & Juices,لمار,,1,,,,زجاجة,
هوت صوص رنا 176 مل,"Sauces, Dressings & Condiments",رنا,176مل,1,,,,عبوة,مل
Strawberry Dish Cleaning Liquid – 750ml,Cleaning Supplies,,750ml,1,,,,عبوة,ml
صوص فلفل تاباسكو - 150مل,"Sauces, Dressings & Condiments",تاباسكو,150مل,1,,,,عبوة,مل
Rich Turkey Lobes kg,Poultry,Rich,kg,1,,,,عبوة,kg
Lamar Pineapple Juice 200ml,Soft Drinks & Juices,Lamar,200ml,1,,,,عبوة,ml
كوكتيل 235مل دومتى,Soft Drinks & Juices,دومتى,235مل,1,,,,عبوة,مل
باذنجان رومي ٣.٠٩ جرام ٥.٥٠ ١٧.٠٠,Vegetables & Fruits,,3.09جرام,1,,5.5,17,عبوة,جرام
فانتا تفاح اخضر ,Soft Drinks & Juices,فانتا,,1,,,,زجاجة,
مفروت 1/لتر,Soft Drinks & Juices,,1لتر,1,,,,زجاجة,لتر
بانزانى صوص زيتون وريحان400جم,"Sauces, Dressings & Condiments",بانزانى,400جم,1,,,,عبوة,جم
CHEF M SPRING ROLLS PASTRY 1K,Bakery,CHEF,1k,1,,,,عبوة,k
Faragello Chicken Roast - 150 gram,Poultry,Faragello,150gram,1,,,,عبوة,gram
Givrex Sweet Corn 3Pcs ,Vegetables & Fruits,Givrex,,3,,,,كيس,
شيفي ميكس صوص جبن ٦.٧٥ ٦ ٤٠.٥٠,"Sauces, Dressings & Condiments",شيفي ميكس,,6,,6.75,40.5,عبوة,
منظف ​​الارضيات  - برائحة اللافندر - 2 لتر,Cleaning Supplies,,2لتر,1,,,,عبوة,لتر
دولفين تونه شرائح جولد ليمون,"Tins, Jars & Packets",دولفين,,1,,,,علبة,
حياه مياه,Water,حياه,,1,,,,زجاجة,
علبه بسبوسه ساده صغير  وزن,"Chocolates, Sweets & Desserts",,,1,,,,عبوة,
بيك رولز مكس جبنه  32جم,Chips & Crackers,بيك رولز,32جم,1,,,,كيس,جم
Clorox Cleaner &amp; Disinfectant Original 1.89  Litre &#43 ; Multi Purpose Cleaner 1.89  Litre,Cleaning Supplies,Clorox,1.89 Liter,1,,,,,
شيفي ميكس توابل منكهه نكهة شطة وليمون 90 جم,Cooking Ingredients,شيفي ميكس,90جم,1,,,,عبوة,جم
مشروب ريزز ليمون ونعناع ,Soft Drinks & Juices,ريزز,,1,,,,زجاجة,
حدائق تونه حاره,"Tins, Jars & Packets",,,1,,,,علبة,
2.00 ثمن كيلو بن محوج وسط 45.50,"Tea, Coffee & Hot Drinks",,200جم,1,,45.5,45.5,علبة,جم
Renol Disinfectant 2 x 750ml,Cleaning Supplies,Renol,750ml,2,,,,عبوة,ml
فانتا توت كانز 330 مل,Soft Drinks & Juices,فانتا,330مل,1,,,,كانز,مل
مسحوق منظف الأطباق - برائحة الليمون - 500 جم,Cleaning Supplies,,500جم,1,,,,عبوة,جم
المراعى تريتس زبادى,Dairy & Eggs,المراعى,,1,,,,عبوة,
فلاش منظف سجاد رشاش 500مل,Cleaning Supplies,فلاش,500مل,1,,,,عبوة,مل
Tolido With Meat Tuna Solid Golden 185g,"Tins, Jars & Packets",Tolido ,185جم,1,,,,علبة,جم
ديمه بسكويت بكريمة البرتقال 68 جم,Biscuits & Cakes,ديمه,68جم,1,,,,باكو,جم
برنجلز شيبسى اصلى 130جم,Chips & Crackers,برنجلز,130جم,1,,,,كيس,جم
جهينه عصير غير محلى,Soft Drinks & Juices,جهينه,,1,,,,زجاجة,
kinder bueno,"Chocolates, Sweets & Desserts",kinder,,1,,,,عبوة,
 Emirates Macaroni Corrugated Corni 400gm ,"Rice, Pasta & Pulses",Emirates,400gm,1,,,,كيس,gm
قطعه دجاج حار+ريزو ستربس حار+كول سلو صغير+بيبسي كانز,Poultry,بيبسي,,1,صغير,,,كانز,صغير
مياه معدنيه اكوا فينا 600مل,Water,اكوا فينا,600مل,1,,,,زجاجة,مل
Lamar Lemon Mint Juice - 1l,Soft Drinks & Juices,Lamar,1L,1,,,,عبوة,L
"Yopolis Greek Yoghurt  Yopo With Caramel And Almonds, 145 Gm",Dairy & Eggs,Yopolis,145جم,1,,,,عبوة,جم
تشكلتس اخضر ,"Chocolates, Sweets & Desserts",تشكلتس,,1,,,,عبوة,
قهوة سوداء للموكا من جيموكا، 250 جرام,"Tea, Coffee & Hot Drinks",جيموكا,250جم,1,,,,عبوة,جم
مياة معدنية من صافي، 330 مل,Water,صافي،,330مل,1,,,,زجاجة,مل
بريكس منظف تواليت 500 جم,Cleaning Supplies,بريكس,500جم,1,,,,عبوة,جم
مياه نستله كبير زجاجه,Water,نستله,,1,كبير,,,زجاجه,كبير
حدائق كاليفورنيا ذرة حلوة كاملة، 400 جرام,"Tins, Jars & Packets",حدائق كاليفورنيا,400جم,1,,,,عبوة,جم
Juhayna pure tom,Dairy & Eggs,Juhayna,,1,,,,علبة,
950-1000ج وطنيه دجاج كامل 1PC,Poultry,وطنيه,950-1000,1,,,,عبوة,
علبه مخلل لوكس,"Tins, Jars & Packets",,,1,,,,علبه,
كاتشب من درة - 750جم,"Sauces, Dressings & Condiments",درة,750جم,1,,,,عبوة,جم
دانون ماكس خوخ 400جم ك,Dairy & Eggs,دانون,400جم,1,,,,عبوة,جم
لورينز ناتشورالز مملح 100 جم,Chips & Crackers,لورينز,100جم,1,,,,أكياس,جم
شفي ميكس مرقة دجاج 18 جرام,Cooking Ingredients,شفي ميكس,18جرام,1,,,,عبوة,جرام
اكسترا لبان نهه الفراوله,"Chocolates, Sweets & Desserts",اكسترا,,1,,,,عبوة,
American Garden Hot Sauce Louisiana Style Net 3 Fl.Oz (88ml),"Sauces, Dressings & Condiments",American Garden,88ml,1,,,,عبوة,ml
Fairy All In One Plus Dishwasher Capsules 30pcs,Cleaning Supplies,Fairy,,30,,,,عبوة,
اريكس اسفنج مواعين الوان5+1,Cleaning Supplies,اريكس,,6,,,,عبوة,
كانز,Soft Drinks & Juices,,,1,,,,كانز,
Colavita extra virgin olive oil 250ml Italian,Cooking Ingredients,Colavita,250ML,1,,,,عبوة,ML
الوطنيه وراك دجاج 1ك فرى,Poultry,الوطنيه,1ك,1,,,,عبوة,ك
حلوانى بيف برجر كاترينج 1.8 ك,Beef & Processed Meat,حلواني,1.8ك,1,,,,,ك
كوكاكولا زيرو بلاستك 0.95 لتر,Soft Drinks & Juices,كوكاكولا,0.95لتر,1,,,,زجاجة,لتر
اوريو شوكلاته 3 قطع 28 جم,"Chocolates, Sweets & Desserts",اوريو,28جم,3,,,,عبوة,جم
Cool Masala(Kabsa only) 1kg Approx. Weight,Cooking Ingredients,,1kg,1,,,,عبوة,kg
Abu Auf Turkish Coffee blend L ,"Tea, Coffee & Hot Drinks",Abu Auf,,1,,,,عبوة,
"Meatland Hot Dog Beef, 25 Pieces * 1 Kg.",Beef & Processed Meat,Meatland,1Kg,1,,,,عبوة,Kg
Pasta Twist - 400g,"Rice, Pasta & Pulses",,400g,1,,,,كيس,g
سبراي منظف و مطهر كلوريل - 500مل,Cleaning Supplies,كلوريل,500مل,1,,,,عبوة,مل
شيكولاته روشيه 3حبه 37.5ج,"Chocolates, Sweets & Desserts",روشيه,37.5جم,1,,,,عبوة,جم
Almarai Yogurt 5+1 width 105g,Dairy & Eggs,Almarai,105gm,6,,,,عبوة,gm
علبه طحينه,"Condiments, Dressings & Marinades",,,1,,,,علبه,
كيك بالكريمه توينكز,Biscuits & Cakes,توينكز,,1,,,,باكو,
السوهاجي ارز 5كيلو,"Rice, Pasta & Pulses",السوهاجي,5كيلو,1,,,,كيس,كيلو
هوهوز كريمه علبه *12,Biscuits & Cakes,هوهوز,,12,,,,علبه,
بشاير عصير اناناس 1 لتر,Soft Drinks & Juices,بشاير,1لتر,1,,,,عبوة,لتر
برطمان قهوة جولد ديكاف سريع التحضير - 100 جم,"Tea, Coffee & Hot Drinks",,100جم,1,,,,علبة,جم
زجاجه مياه صغيره,Water,,,1,صغيره,,,زجاجه,صغيره
Fersan Apple Vinegar - 500 ml,"Sauces, Dressings & Condiments",Fersan,500ml,1,,,,عبوة,ml
Isis Mineral Water Gallon 11 L,Water,Isis,11L,1,,,,زجاجة,L
بوم بوم مشروب طاقة 250 مل,Soft Drinks & Juices,بوم بوم,250مل,1,,,,زجاجة,مل
ريجينا مكرونة لسان عصفور 1 12.25,"Rice, Pasta & Pulses",ريجينا,,1,,12.25,12.25,كيس,
TC BOY TUNA ALBACORE IN OIL 200GM,"Tins, Jars & Packets",TC BOY,200G,1,,,,عبوة,G
هاواي ايس كريم نوجاتين 850 جم,"Chocolates, Sweets & Desserts",هاواي,850جم,1,,,,عبوة,جم
زبادى لاكتيل طبيعى 6,Dairy & Eggs,لاكتيل,,1,,6,6,عبوة,
دكتور بيبر مشروب غازي بطعم الكرز مينى 150 مللى,Soft Drinks & Juices,دكتور بيبر,150مل,1,,,,عبوة,مل
عيش بلدي 15.00 1.00 15.00,Bakery,,,1,,15,15,كيس,
Obour Land Mafroda Rumi Cheese - 100 gm,Dairy & Eggs,Obour Land,100gm,1,,,,عبوة,gm
راوخ عصير عنب أبيض عبوة زجاجي,Soft Drinks & Juices,راوخ,,1,,,,زجاجة,
Bravo Chips With Ketchup ,Chips & Crackers,Bravo,,1,,,,كيس,
ماسالا شاي 25 جم,"Tea, Coffee & Hot Drinks",,25جم,1,,,,علبة,جم
كمون بلدى وزن ,Cooking Ingredients,,,1,,,,عبوة,
ببيتو حلوي ,"Chocolates, Sweets & Desserts",ببيتو,,1,,,,,
Rana Hot Sauce 474ml,"Sauces, Dressings & Condiments",Rana,474ml,1,,,,عبوة,ml
اللحيمى لانشون بقرى بالوزن,Beef & Processed Meat,اللحيمى,,1,,,,عبوة,
12*بونجورنو كابتشينو بندق 14ج,"Tea, Coffee & Hot Drinks",بونجورنو,14جم,12,,,,عبوة,جم
بريتانيا جود داى بسكويت باللو,Biscuits & Cakes,بريتانيا جود داى,,1,,,,باكو,
2 شيبسى فورنو بالجبنة 5.00 10.00,Chips & Crackers,شيبسى فورنو,,2,,5,10,كيس,
Mutaheda Fresh Net liver 900gm,Poultry,Mutaheda,900gm,1,,,,عبوة,gm
ماجى خلطة شيش طاووق 40جم,Cooking Ingredients,ماجى,40جم,1,,,,عبوة,جم
معجون طماطم درة - 2800 جرام,"Tins, Jars & Packets",درة,2800جم,1,,,,عبوة,جم
Atyab Chicken Shish Tawook 1kg,Poultry,Atyab,1kg,1,,,,عبوة,kg
صدور فراخ فيليه 116.50ف 0.524 1.05,Poultry,,0.524,1,,116.5,116.5,عبوة,
المراعى بسطركه بقرى وزن ,Beef & Processed Meat,المراعى,,1,,,,عبوة,
لانشون تسيت صدور رومي,Beef & Processed Meat,تسيت,,1,,,,عبوة,
سبرايت كانز 330 ملي,Soft Drinks & Juices,سبرايت,330ملي,1,,,,كانز,ملي
بيبسى دايت كانز 330 مللى,Soft Drinks & Juices,بيبسي,330ملي,1,,,,كانز,مللى
 CocaCola Medium  1,Soft Drinks & Juices,CocaCola,,1,,,,عبوة,
اكوافينا مياة طبيعيه 600م,Water,اكوافينا,600مل,1,,,,زجاجة,مل
عدس اصفر 500جم ,"Rice, Pasta & Pulses",,500جم,1,,,,كيس,جم
ريف صابح عيش فينو سمسم كبير *5ق,Bakery,ريف صابح,,5,,,,كيس,
اولكربسكويت بسكريم بحشو كريمه الكاكاو,Biscuits & Cakes,اولكربسكويت,,1,,,,باكو,
قهوة شاهين اسبريسو - 10 كبسولات,"Tea, Coffee & Hot Drinks",شاهين,,10,,,,عبوة,
اجرو فودي عدس بجب,"Rice, Pasta & Pulses",فودي,,1,,,,كيس,
فشار شيتوس ب5 ,Chips & Crackers,شيتوس,,1,,5,5,كيس,
Beef Minced,Beef & Processed Meat,,,1,,,,عبوة,
بيبسى كانز,Soft Drinks & Juices,بيبسي,,1,,,,كانز,
4 In 1 Lavender Multi Action Cleaner - 1.3L,Cleaning Supplies,,1.3L,1,,,,عبوة,L
Molto chocolate XXL ,Bakery,Molto,,1,XXL,,,كيس,
بسكوت ويفر بالشيكولاتة من الشمعدان، 4 * 6قطع,Biscuits & Cakes,الشمعدان,,6,,,,باكو,
عيش تركى ,Bakery,,,1,,,,كيس,
المراعي زبادي لايت - 105 جرام,Dairy & Eggs,المراعي,105gm,1,,,,عبوة,gm
مكرونة فرن 71 ريجيت من أوتيما،  500 جرام,"Rice, Pasta & Pulses",ريجيت ,500جرام,1,,,,,جرام
Cadbury Hazelnut 90g ,"Chocolates, Sweets & Desserts",Cadbury,90gm,1,,,,عبوة,gm
باذنجان رومي ,Vegetables & Fruits,,,1,,,,كيس,
Raw Chipsy Sweet Chili 57-60g ,Chips & Crackers,Raw,57-60g,1,,,,كيس,g
دومتى ملح خفيف ٤٠٠ ج 34.00 1.000 34.00,Dairy & Eggs,دومتى,400جم,1,,34,34,علبة,جم
هوهوز كيك محشو كريمة الشيكولاتة,Biscuits & Cakes,هوهوز,,1,,,,باكو,
لبنيتا زبادي بالفراولة، 75 جرام,Dairy & Eggs,لبنيتا,75جرام,1,,,,عبوة,جرام
Chew Bone Wrapped bone 25 cm natural 2 piece,Beef & Processed Meat,,,2,,,,عبوة,
ليون شيبسي بالفلفل والليمون 42-52 جم,Chips & Crackers,ليون,42-52جم,1,,,,أكياس,جم
دره صوص مسترده 410جم,"Sauces, Dressings & Condiments",دره,410جم,1,,,,عبوة,جم
قليه زيت خليط 2.1 لتر,Cooking Ingredients,قليه,2.1لتر,1,,,,عبوة,لتر
WATNYA SHISH TAWOOK 1KG,Poultry,WATNYA,1KG,1,,,,عبوة,KG
نيوتيلا جو 52جم,"Chocolates, Sweets & Desserts",نيوتيلا,52جم,1,,,,عبوة,جم
ريد بول مشروب 250م,Soft Drinks & Juices,ريد بول,250مل,1,,,,زجاجة,مل
Strawberry 750g,Vegetables & Fruits,,750g,1,,,,كيس,g
بسكوةيت ويفر بكريمه كاكاو,Biscuits & Cakes,,,1,,,,باكو,
المراعى مشروب حلي 5.00 2 10.00,Soft Drinks & Juices,المراعى,,2,,5,10,عبوة,
Turkish Cherry Hot Pepper 250g,Vegetables & Fruits,,250g,1,,,,كيس,g
دلما شاى توت 20فتله,"Tea, Coffee & Hot Drinks",دلما,,20,,,,علبة,
زيتون كلاماتا سوبر وادي فودوز 92.75,"Tins, Jars & Packets",سوبر وادي فودوز,,1,,92.75,92.75,,
بلندي ميكس عصير الفراوله و الموز 1 لتر,Soft Drinks & Juices,بلندي,1لتر,1,,,,عبوة,لتر
شيبسى رقائق بالملح+الخل,Chips & Crackers,شيبسى,,1,,,,كيس,
عصير تفاح وكمثرى جهينه 235مل,Soft Drinks & Juices,جهينه,235مل,1,,,,عبوة,مل
Hyperone Croissant With Thyme - 4 pieces,Bakery,Hyperone,,4,,,,باكو,
Hayat Natural Drinking Water - 600 ml,Water,Hayat,600 ml,1,,,,زجاجة,ml
جبنه شيدر احمر ايرلندى وزن,Dairy & Eggs,,,1,,,,عبوة,
زبادي لايت المراعى - 105جم *9 قطع + 3 مجاني,Dairy & Eggs,المراعى,105gm,12,,,,عبوة,gm
كنور خلطة الكفتة 35 جم,Cooking Ingredients,كنور,35جم,1,,,,عبوة,جم
حلواني كوكتيل سوسيس 350 جم,Beef & Processed Meat,حلواني,350جم,1,,,,عبوة,جم
الفتح لوف كف كبير DES),Bakery,,,1,,,,كيس,
ويفر غندور بكريمة الفانيليا - 48 جم,Biscuits & Cakes,غندور,48جم,1,,,,باكو,جم
كلوريل مبيض ملابس 1050مل,Cleaning Supplies,كلوريل,1050مل,1,,,,عبوة,مل
جراند قهوة كلاسيك - 100 جرام,"Tea, Coffee & Hot Drinks",جراند,100جم,1,,,,علبة,جم
طحينه الرشيدى الميزان ,"Sauces, Dressings & Condiments",الرشيدى الميزان,,1,,,,عبوة,
"Al Marai Full Fat Milk, 1 L",Dairy & Eggs,Al Marai,1L,1,,,,عبوة,L
نسكافيه كلاسيك 100جم برطمان,"Tea, Coffee & Hot Drinks",نسكافيه,100جم,1,,,,عبوة,جم
Peeled with tomato sauce Fava Beans – 400g,"Tins, Jars & Packets",,400gm,1,,,,عبوة,gm
كرواسون سادة هايبروان - 4 قطع ,Bakery,هايبروان,,4,,,,كيس,
كوكتيل 253 مللي,Soft Drinks & Juices,دومتي,253مللي,1,,,,,مللي
FUNDAY Chocolate popcorn 60 gm ,Chips & Crackers,FUNDAY,60gm,1,,,,كيس,gm
توك بسكويت بيتزا 24جم,Biscuits & Cakes,توك,24جم,1,,,,باكو,جم
مكرونة لسان - 350 جم,"Rice, Pasta & Pulses",,350جم,1,,,,كيس,جم
cottage cheese,Dairy & Eggs,,,1,,,,عبوة,
امريكانا ذره حلوه ,"Tins, Jars & Packets",امريكانا,,1,,,,علبة,
علبه مارلبرو,Bakery,مارلبرو,,1,,,,علبه,
ايجى سويس سجق شرقى 400 جم,Beef & Processed Meat,ايجى سويس,400جم,1,,,,عبوة,جم
ريتش قشطه رومى  حبشى,Poultry,ريتش,,1,,,,عبوة,
اسكالوب كندوز بلدى وزن,Beef & Processed Meat,,,1,,,,عبوة,
Ahmad London Blend Tea 100pcs,"Tea, Coffee & Hot Drinks",Ahmad,100جم,1,,,,علبة,جم
كوكاتا جولد لاتيه كلاسيك 18جم,"Tea, Coffee & Hot Drinks",كوكاتا,18جم,1,,,,عبوة,جم
امريكانا تونة لحم خفيف سهلة الفتح 170 جرام,"Tins, Jars & Packets",امريكانا ,170جرام,1,,,,علبة,جرام
دولي عصير أناناس بالبرتقال 4 × 250 مل,Soft Drinks & Juices,دولي,250مل,1,,,,زجاجة,مل
Yamama Apple Vinegar 300ml,"Sauces, Dressings & Condiments",Yamama,300ml,1,,,,عبوة,ml
حواء مكرونه اسباجتى,"Rice, Pasta & Pulses",حواء,,1,,,,كيس,
تفاح  اصفر,Vegetables & Fruits,,,1,,,,كيس,
Extra Chewing Gum Strawberry - 10.2 Gram - 20 Pieces,"Chocolates, Sweets & Desserts",Extra,10.2g,20,,,,عبوة,g
مشروب خوخ 220مل,Soft Drinks & Juices,,220مل,1,,,,زجاجة,مل
مولتو بيلا سودانى ,Bakery,مولتو,,1,,,,كيس,
تمرير هني مسطرد 210 جم,"Sauces, Dressings & Condiments",تمرير,210جم,1,,,,عبوة,جم
كابسولات إسبريسو جيموكا فيليوتاتو - عبوة من 10,"Tea, Coffee & Hot Drinks",جيموكا,,10,,,,عبوة,
اطياب لانشون ,Beef & Processed Meat,اطياب,,1,,,,عبوة,
لاكتيل رايب 400جم,Dairy & Eggs,لاكتيل,400جم,1,,,,عبوة,جم
Windex 500 gm original,Cleaning Supplies,Windex,500 gm,1,,,,,gm
كرانشى شيتوس  شطه,Chips & Crackers,كرانشى,,1,,,,كيس,
فيروز كانز تفاح,Soft Drinks & Juices,فيروز,,1,,,,زجاجة,
بطاطس تحمير 2.030 6.5 13.20,Vegetables & Fruits,,2.03,1,,6.5,13.2,عبوة,
دساني مياه 330*24,Water,دساني,330مل,24,,,,عبوة,مل
Sofra Gollash Pastry 400g,Bakery,Sofra,400g,1,,,,كيس,g
بسمه فلافل نصف مقليه 400جم,Vegetables & Fruits,بسمه,400جم,1,,,,كيس,جم
جلاكسي شوكلاته بالحليب 36 جم ,"Chocolates, Sweets & Desserts",جلاكسي,36جم,1,,,,عبوة,جم
شويبس رومان كانز,Soft Drinks & Juices,شويبس,,1,,,,كانز,
الزهار جلاش الى 400 جم,Bakery,الزهار,400جم,1,,,,كيس,جم
سما سمبوسك ساده باكت 3*ق,Bakery,سما,,3,,,,كيس,
سلايت زيت عباد 750مللى,Cooking Ingredients,سلايت,750مل,1,,,,عبوة,مل
مشروب بذور الشيا بنكهة فاكهة العاطفة - 290 مل، من كوكو رويال,Soft Drinks & Juices,كوكو رويال,290مل,1,,,,عبوة,مل
المتحده خيار وزن,Vegetables & Fruits,المتحده,,1,,,,كيس,
شوكولاته بالحليب 200غ,"Chocolates, Sweets & Desserts",,200جم,1,,,,عبوة,جم
Baraka Pure Water 600ml,Water,Baraka,600ml,1,,,,زجاجة,ml
سمنه جنه 1ك,Cooking Ingredients,جنه,1ك,1,,,,عبوة,ك
اكوافينا مياه 600,Water,اكوافينا,600مل,1,,,,زجاجة,مل
سناكس بنكهة اللحم البقري والفلفل الحار - 75 جم,Chips & Crackers,,75جم,1,,,,أكياس,جم
شرائح هلابينو 300 جرام,"Tins, Jars & Packets",,300جم,1,,,,عبوة,جم
الرشيدى الميزان طحينه سمسم 550جرام ,"Sauces, Dressings & Condiments",الرشيدى الميزان,550جرام,1,,,,عبوة,جرام
علبه كشرى صغير,"Rice, Pasta & Pulses",,,1,صغير,,,علبه,صغير
Telal Virgin Olive Oil 1 L,Cooking Ingredients,Telal,1L,1,,,,علبة,L
SMALL MINERAL WATER,Water,,,1,,,,زجاجة,
جهينه زبادو مشروب توت برى 440مل ,Dairy & Eggs,جهينه,440مل,1,,,,عبوة,مل
6.1 Sauce BBQ 1,"Sauces, Dressings & Condiments",,,1,,6.1,6.1,عبوة,
بسمه قلقاس ٤٠٠ جرام 11.00 22.00,Vegetables & Fruits,بسمه,400جم,2,,11,22,عبوة,جم
زيتون شرائح اخضر,"Tins, Jars & Packets",,,1,,,,علبة,
Zatar Croissant 1pkt,Bakery,,,1,,,,كيس,
طقم كوب زجاج 6 ق,Furniture,,,6,,,,زجاج,ق
بافس كونو بالجبنة الحارة - 27جم,Chips & Crackers,كونو,27جم,1,,,,كيس,جم
بيبسى كانز,Soft Drinks & Juices,بيبسي,,1,,,,كانز,
باتى فو ر مشكل,Bakery,,,1,,,,كيس,
باربيكيو صوص,"Sauces, Dressings & Condiments",,,1,,,,عبوة,
حواوش اسكندراني سجق,Beef & Processed Meat,,,1,,,,عبوة,
كولا لتر 1,Soft Drinks & Juices,كولا,لتر,1,,,,زجاجة,لتر
مشروم قطع مونارك - 400جم,Vegetables & Fruits,مونارك,400جم,1,,,,عبوة,جم
الامارات مكرونة بيني ريجاتى 400 جرام,"Rice, Pasta & Pulses",الامارات,400جم,1,,,,كيس,جم
سفن اب زجاجه بلاستيك,Soft Drinks & Juices,سفن اب,,1,,,,بلاستيك,
Croissant ,Bakery,,,1,,,,عبوة,
"Americana Whole Kernel Sweet Corn, 400 Gm","Tins, Jars & Packets",Americana ,400Gm,1,,,,علبة,Gm
قلم رصاص علبه فاكيوم 1532,Stationary,فاكيوم,,1,,,,علبه,
السنبلة عجينة جلا ,Bakery,السنبلة,,1,,,,كيس,
نسله مياه فواره بالتفاح ,Water,نسله,,1,,,,زجاجة,
علبه كبيره,Furniture,,,1,كبيرة,,,علبه,
زبادى المراعى تريتس فراوله 105جم,Dairy & Eggs,المراعى,105gm,1,,,,عبوة,gm
Lipton Green Tea With Mint 25 Bags,"Tea, Coffee & Hot Drinks",Lipton,,25,,,,عبوة,
Eclair - 750gm,"Chocolates, Sweets & Desserts",,750جم,1,,,,عبوة,جم
sauce,"Sauces, Dressings & Condiments",,,1,,,,عبوة,
Puvana Light Sparkling Water 240ml,Water,Puvana,240ml,1,,,,زجاجة,ml
Halwani Bastrami Turkey Smoked,Poultry,Halwani,,1,,,,عبوة,
جهينه كلاسيك تفاح 235مل,Soft Drinks & Juices,جهينه,235مل,1,,,,عبوة,مل
كانز,Soft Drinks & Juices,,,1,,,,كانز,
"Juhayna Pure Mango And Peach Juice, 1 L",Soft Drinks & Juices,Juhayna,1L,1,,,,عبوة,L
نستله مياه فواره بمزيج التوت ,Water,نستله,,1,,,,زجاجة,
T 3.80 اكوافينا مياة 1.5 ل (M),Water,اكوافينا,1.5لتر,1,,,,زجاجة,لتر
American Garden Butter Flavour Microwave Popcorn - 273 gram,Chips & Crackers,American Garden,273g,1,,,,كيس,g
Rancy Pasta Rice 1kg,"Rice, Pasta & Pulses",Rancy,1kg,1,,,,كيس,kg
نسكافية 3*1,"Tea, Coffee & Hot Drinks",نسكافية,,1,,,,علبة,
الوادى الاخضر فاصوليا حمراء 400جم,Vegetables & Fruits,الوادى الاخضر,400جم,1,,,,كيس,جم
بيبسى علب,Disposables & Napkins,بيبسي,,1,,,,علب,
مياه طبيعية صافي - 1.5 لتر,Water,صافي,1.5لتر,1,,,,زجاجة,لتر
Sun Top Juice Pineapple -1l,Soft Drinks & Juices,Sun Top,1L,1,,,,عبوة,L
نسكافيه كلاسيك 50ج,"Tea, Coffee & Hot Drinks",نسكافيه,50جم,1,,,,علبة,جم
مفروم بقرى بلدى دهن خفيف,Beef & Processed Meat,,,1,,,,عبوة,
Dolphin Gold Smoked Tuna Slices - 170 Gram,"Tins, Jars & Packets",Dolphin ,170Gm,1,,,,علبة,Gm
El Rashidi Tomato Sauce 35 gm,"Sauces, Dressings & Condiments",El Rashidi,35gm,1,,,,عبوة,gm
فلفل رومي اصفر طازج ٥٠٠ ججم تقريبا,Vegetables & Fruits,,500جم,1,,,,عبوة,جم
علبة كمامة بلو ماسك اب 50 ق,"Personal care, skin & body care",بلوماسك,,50,,,,علبة,ق
(600ml*20) Carton,Water,,600ml,20,,,,كرتونة,ml
Harvest Fava Beans With Lemon Value Pack 2 x 400g,"Tins, Jars & Packets",Harvest ,400gm,2,,,,عبوة,gm
24*تيفاني هابي بريك وافر 18ج,"Chocolates, Sweets & Desserts",تيفاني,,1,,,,عبوة,
تودو بومب كيك محشى علبه*8,Biscuits & Cakes,تودو,,8,,,,علبه,
كيزر دومتي برجر 4قطع,Bakery,دومتي,,4,,,,كيس,
شاى حبهان - 25 فتلة,"Tea, Coffee & Hot Drinks",,,25,,,,,فتلة
شوكولاتة جالاكسي جواهر متنوعة- 650 جم,"Chocolates, Sweets & Desserts",جالاكسي,650جم,1,,,,عبوة,جم
اطياب برجر دجاج عادي 45,Poultry,اطياب,,45,,,,عبوة,
Al Adham Mixture Spices 100 gm+30gm free,Cooking Ingredients,Al Adham,30gm+100gm,1,,,,عبوة,gmgm
عصير الليمون,Soft Drinks & Juices,,,1,,,,زجاجة,
فلفل رومي اخضر طازج ٥٠٠ جم تقريبا,Vegetables & Fruits,,500جم,1,,,,عبوة,جم
بيبسى زجاجة بلاستيك 1لتر,Soft Drinks & Juices,بيبسى,1لتر,1,,,,زجاجة,لتر
Nawaem Plain Biscuits - 84 gram - 12 Pieces,Biscuits & Cakes,Nawaem,84 gram,12,,,,باكو,gram
لواكر جاردينا اصابع بالبندق,Biscuits & Cakes,لواكر,,1,,,,باكو,
المراعى زبادى يونانى بالفراول 70G,Dairy & Eggs,المراعى,70ج,1,,,,عبوة,ج
7up,Soft Drinks & Juices,7up,,1,,,,زجاجة,
لواكر شيكولاته بالحليب بالكرسبي 87جم,Biscuits & Cakes,لواكر,87جم,1,,,,باكو,جم
بلرينجلز شيبسى ملح وخل 40جم,Chips & Crackers,بلرينجلز,40جم,1,,,,كيس,جم
Loacker Quadratini Vanille 250 ,Biscuits & Cakes,Loacker,250gram,1,,,,عبوة,gram
Snacks Shashlik Flavor 75gm,Chips & Crackers,,75gm,1,,,,كيس,gm
صوص سيزار,"Sauces, Dressings & Condiments",سيزار,,1,,,,عبوة,
Maxell Floor Cleaner With Green Valleys - 1.5 Liter,Cleaning Supplies,Maxell,1.5 Liter,1,,,,عبوة,Liter
سبايسى خلطه توابل للدجاج الحار 45جرام,Cooking Ingredients,سبايسى,,1,,,,عبوة,
METCO ground meat 900 gm ,Beef & Processed Meat,METCO,900gm,1,,,,عبوة,gm
كادبورى بابلى  شيكولاته داير ميلك 40جم,"Chocolates, Sweets & Desserts",كادبورى,40جم,1,,,,عبوة,جم
حلوانى دجاج ستريبس 400 جم,Poultry,حلواني,400جم,1,,,,,جم
بسكويت ويفر ويف محشو بكريمة البندق من الشمعدان - 50 جرام - 5 قطع,Biscuits & Cakes,الشمعدان,50جم,5,,,,باكو,جم
مخلل مشكل مصرى المروة,"Tins, Jars & Packets",المروة,,1,,,,علبة,
صويا صوص بالبرتقال من كيكومان، 250 مل,"Sauces, Dressings & Condiments",كيكومان,250مل,1,,,,عبوة,مل
pringles original 130g,Chips & Crackers,pringles,130g,1,,,,كيس,g
أطياب كفته بقرى، 900 جرام,Beef & Processed Meat,أطياب,900جرام,1,,,,عبوة,جرام
باتيه بالجبنه البيضا,Bakery,,,1,,,,كيس,
juhayna full cream milk 1 ltr,Dairy & Eggs,juhayna,ltr,1,,,,,ltr
بسكو مصر كيك بكريمة الكاكاو - عبوة من 12,Biscuits & Cakes,بسكو مصر,,12,,,,عبوة,
Patty With Veal Flavor Packet Contains 24 Cans,Bakery,,,24,,,,,Cans
قيتلو جبنه رومى شمع 1 كجم,Dairy & Eggs,قيتلو,1كجم,1,,,,علبة,كجم
نيدو فورتى جرو لبن بودره كامل الدسم ,Dairy & Eggs,نيدو,,1,,,,علبة,
الرشيد الميزان طحينه 500 جم,"Sauces, Dressings & Condiments",الرشيد الميزان,500جم,1,,,,عبوة,جم
هارفست فول دمياطي مدمس بالزيت والكمون والليمون 400 جم,"Tins, Jars & Packets",هارفست,400جم,1,,,,,جم
Bottled water s,Water,,,1,,,,زجاجة,
امتنان شاى اخضر كاى 18فتله,"Tea, Coffee & Hot Drinks",امتنان,,18,,,,علبة,
بن العروبة فاتح بالحبهان - 200 جم,"Tea, Coffee & Hot Drinks",بن العروبة,200جم,1,,,,,جم
كانز,Soft Drinks & Juices,,,1,,,,كانز,
حياة زبدة 1 كجم مج,Cooking Ingredients,حياة,1كجم,1,,,,عبوة,كجم
Atyab Beef Frankfurter - 200gm,Beef & Processed Meat,Atyab,200gm,1,,,,عبوة,gm
زبادي اويكو يوناني بالكراميل المملح - 170 جرام,Dairy & Eggs,اويكو,170جرام,1,,,,عبوة,جرام
علبه بسبوسه بندق صغير وزن,"Chocolates, Sweets & Desserts",,,1,,,,عبوة,
Durra Ketchup - 500 gm,"Sauces, Dressings & Condiments",Durra,500gm,1,,,,عبوة,gm
Al-Ameed coffee light cardamom bin 200 g ,"Tea, Coffee & Hot Drinks",Al-Ameed,200g,1,,,,عبوة,g
قرفة خشب وزن 0.125 180.00 22.50,Cooking Ingredients,,0.125ج,1,,22.5,180,عبوة,ج
ماجى عائلى 8 مكعب,Cooking Ingredients,ماجى,,8,,,,عبوة,
Gimoka Sabor Coffee 250g,"Tea, Coffee & Hot Drinks",Gimoka,250gm,1,,,,عبوة,gm
لانشون بقري بالزيتون من اللحيمي250جم,Beef & Processed Meat,اللحيمي250جم,250جم,1,,,,عبوة,جم
Tunato Shredded Chili Tuna - 140 Gram,"Tins, Jars & Packets",Tunato,140 Gram,1,,,,,Gram
كلوركس نعناع 700,Cleaning Supplies,كلوركس,700,1,,,,عبوة,
400  منظف  اطباق  1 منظف + اطباق  2 بريل,Cleaning Supplies,بريل,400مل,2,,,,عبوة,مل
Hama Biscuit With Cacao Cream - 1 Piece,Biscuits & Cakes,Hama,,1,,,,عبوة,
علبه بيوتى بلندر 4 ق,Furniture,,,4,,,,علبه,ق
مفروم احمر 1.02 190.00 193.80,Beef & Processed Meat,,1.02,1,,190,193.8,عبوة,
دينا زبادى 105جم,Dairy & Eggs,دينا,105gm,1,,,,عبوة,gm
بيتى تروبيكانا عصير رمان 1 لتر,Soft Drinks & Juices,بيتى,1لتر,1,,,,زجاجة,لتر
حكاية ارز مصرى 1ك,"Rice, Pasta & Pulses",حكاية,1ك,1,,,,كيس,ك
MARS Chocolate Bar 51g x 24 Pieces,"Chocolates, Sweets & Desserts",MARS,51جم,24,,,,عبوة,جم
شويبس ليمون نعناع,Soft Drinks & Juices,شويبس,,1,,,,زجاجة,
الضحى ذرة فيشار 50ج,"Rice, Pasta & Pulses",الضحى,500ج,1,,,,كيس,ج
Minis Chocolate - 227g - 12 Pcs,"Chocolates, Sweets & Desserts",,227g,12,,,,عبوة,g
لمار عصير عنب احمر طبيعي 1 لتر Quantity,Soft Drinks & Juices,لمار,1لتر,1,,,,عبوة,لتر
هولز حلوى بنكهة الفراولة ٢٥.٢ جم,"Chocolates, Sweets & Desserts",هولز,25.2جرام,1,,,,عبوة,جرام
دسانى مياه طبيعية 600 مل 2.75 1 2.75,Water,دسانى,600مل,1,,2.75,2.75,زجاجة,مل
زكمزم ارز 5ك,"Rice, Pasta & Pulses",زكمزم,5ك,1,,,,كيس,ك
اكوا فينا مياه معدنيه 18.5لتر,Water,اكوا فينا,18.5لتر,1,,,,زجاجة,لتر
Koki Chicken Grilled Shesh Tawook 350 Gm,Poultry,Koki,350gm,1,,,,عبوة,gm
"ISIS Natural Water, 600 ml - Pack of 20",Water,ISIS,600ml,20,,,,كرتونة,ml
عيش 5,Bakery,,,5,,,,كيس,
" Bimbo Biscuits filled   Coated With Chocolate, 1 Piece",Biscuits & Cakes,Bimbo,,1,,,,باكو,
فيرن مكرونه خواتم 300جم ,"Rice, Pasta & Pulses",فيرن,300جم,1,,,,كيس,جم
مكرونة شرايط مصرية - 350جم,"Rice, Pasta & Pulses",,350جم,1,,,,كيس,جم
باتون ساليه سمسم ,Bakery,,,1,,,,كيس,
قهوه ابوعوف بن ساده 200جم,"Tea, Coffee & Hot Drinks",ابوعوف,200جم,1,,,,عبوة,جم
شاي دلما بريميوم - 100 فتلة,"Tea, Coffee & Hot Drinks",دلما,100جم,1,,,,علبة,جم
دجاجة كاملة وطنية - 900-950جم,Poultry,وطنية,900-950جم,1,,,,عبوة,جم
خبز فيتنو متوسط 10ق,Bakery,,,10,,,,كيس,
Rich Bake Normal Bread Crumbs 500g,Bakery,Rich Bake,500g,1,,,,كيس,g
مياه صغيره1,Water,,,1,,,,زجاجة,
Ion break white choco w almonds&amp; raisins 85 gm ,"Chocolates, Sweets & Desserts",ION,85 gm,1,,,,,gm
كوكو لافرز ويفر كاكاو,Biscuits & Cakes,كوكو لافرز,,1,,,,باكو,
اطياب بانية 1كجم عادي,Poultry,اطياب,1كجم,1,,,,عبوة,كجم
حاء شعريه 400جم,"Rice, Pasta & Pulses",,400جم,1,,,,كيس,جم
Fatoush Salad Bowl 400g,Bakery,,400g,1,,,,باكو,g
حلوانى فراخ مدخن,Poultry,حلوانى,,1,,,,عبوة,
12.00 EGP Water 1,Water,,,1,,12,12,زجاجة,
غالية مكرونة اسباجتى 350جم ,"Rice, Pasta & Pulses",غالية,350جم,1,,,,كيس,جم
سيارا فراخ مجمد 1000 جم,Poultry,سيارا,1000جم,1,,,,عبوة,جم
بيريل شعير كانز 330 مل,Soft Drinks & Juices,بيريل,330مل,1,,,,كانز,مل
دايجستيف بسكويت ساده 2 علبه,Biscuits & Cakes,دايجستيف,,2,,,,علبه,
جلاكسى فلوتس 2 صباع/ 4+1 مجاناً,"Chocolates, Sweets & Desserts",جلاكسى,,1,,,,عبوة,
مكرونة الملكة كل الانواع 1 ك,"Rice, Pasta & Pulses",الملكة,1ك,1,,,,كيس,ك
6 Inch PU Leather Family Daily Photo Album With Creative Pocket(Brown),Bakery,,,6,,,,كيس,
